{
"type": "FeatureCollection",
"name": "store_regions",
"crs": { "type": "name", "properties": { "name": "urn:ogc:def:crs:OGC:1.3:CRS84" } },
"features": [
{ "type": "Feature", "properties": { "Store_Location": "New York" }, "geometry": { "type": "MultiPolygon", "coordinates": [ [ [ [ -74.258843, 40.498875 ], [ -74.2581372, 40.4973901 ], [ -74.253144, 40.4868852 ], [ -74.253037, 40.48666 ], [ -74.2438105, 40.4833026 ], [ -74.2282018, 40.4776224 ], [ -74.225332, 40.476578 ], [ -74.2064434, 40.4798299 ], [ -74.0912609, 40.4996567 ], [ -74.04378, 40.507828 ], [ -73.977874, 40.519095 ], [ -73.90214, 40.492121 ], [ -73.894613, 40.504089 ], [ -73.893458, 40.505019 ], [ -73.892204, 40.505399 ], [ -73.890828, 40.50571 ], [ -73.887951, 40.505989 ], [ -73.883724, 40.506349 ], [ -73.880367, 40.506659 ], [ -73.877616, 40.507326 ], [ -73.874538, 40.508179 ], [ -73.869582, 40.509806 ], [ -73.86295, 40.511795 ], [ -73.859452, 40.512724 ], [ -73.853158, 40.515212 ], [ -73.842826, 40.518744 ], [ -73.819185, 40.527463 ], [ -73.812558, 40.529976 ], [ -73.810942, 40.530401 ], [ -73.808429, 40.530952 ], [ -73.805015, 40.531556 ], [ -73.800523, 40.532397 ], [ -73.793103, 40.53423 ], [ -73.785891, 40.535875 ], [ -73.783646, 40.536351 ], [ -73.782261, 40.536179 ], [ -73.777586, 40.534868 ], [ -73.772976, 40.533878 ], [ -73.768666, 40.532882 ], [ -73.76322, 40.532148 ], [ -73.757289, 40.531215 ], [ -73.757153, 40.531218 ], [ -73.7568543, 40.5563343 ], [ -73.756571, 40.580153 ], [ -73.756565, 40.584405 ], [ -73.756531, 40.58617 ], [ -73.750949, 40.590604 ], [ -73.749651, 40.591625 ], [ -73.748767, 40.592286 ], [ -73.7486655, 40.5923397 ], [ -73.744774, 40.593791 ], [ -73.743622, 40.593743 ], [ -73.737586, 40.593507 ], [ -73.7379441, 40.5944691 ], [ -73.7380169, 40.5946676 ], [ -73.738552, 40.596214 ], [ -73.738117, 40.602627 ], [ -73.739156, 40.604057 ], [ -73.739935, 40.604253 ], [ -73.740423, 40.604684 ], [ -73.741654, 40.606094 ], [ -73.743749, 40.607649 ], [ -73.743059, 40.607997 ], [ -73.745486, 40.611902 ], [ -73.746682, 40.611449 ], [ -73.747183, 40.612158 ], [ -73.747647, 40.612035 ], [ -73.747935, 40.612369 ], [ -73.748864, 40.612027 ], [ -73.748959, 40.612188 ], [ -73.750196, 40.611742 ], [ -73.75332, 40.610763 ], [ -73.75473, 40.610336 ], [ -73.755013, 40.610251 ], [ -73.755248, 40.610179 ], [ -73.755241, 40.610225 ], [ -73.755161, 40.610726 ], [ -73.759791, 40.611408 ], [ -73.765355, 40.614874 ], [ -73.766453, 40.61487 ], [ -73.766567, 40.615544 ], [ -73.766819, 40.617033 ], [ -73.76729, 40.620372 ], [ -73.7670803, 40.6240423 ], [ -73.763703, 40.627968 ], [ -73.749708, 40.63331 ], [ -73.7474786, 40.6341899 ], [ -73.745502, 40.63497 ], [ -73.744392, 40.6372 ], [ -73.744057, 40.637577 ], [ -73.743693, 40.637802 ], [ -73.74334, 40.637962 ], [ -73.743083, 40.638042 ], [ -73.742597, 40.638098 ], [ -73.742462, 40.638096 ], [ -73.742046, 40.63803 ], [ -73.741872, 40.637998 ], [ -73.741671, 40.637934 ], [ -73.741344, 40.637766 ], [ -73.741253, 40.637691 ], [ -73.741162, 40.637556 ], [ -73.74118, 40.637437 ], [ -73.741238, 40.637308 ], [ -73.741328, 40.63718 ], [ -73.741502, 40.637013 ], [ -73.74219, 40.636198 ], [ -73.74245, 40.635836 ], [ -73.742633, 40.635302 ], [ -73.742602, 40.635114 ], [ -73.742491, 40.634998 ], [ -73.742355, 40.634948 ], [ -73.741958, 40.634898 ], [ -73.741715, 40.634913 ], [ -73.7401621, 40.6351681 ], [ -73.739438, 40.635287 ], [ -73.739484, 40.635449 ], [ -73.7397, 40.636208 ], [ -73.740447, 40.637943 ], [ -73.740838, 40.638517 ], [ -73.742719, 40.64067 ], [ -73.741885, 40.64119 ], [ -73.742179, 40.641809 ], [ -73.741033, 40.646967 ], [ -73.741137, 40.647258 ], [ -73.740708, 40.647611 ], [ -73.740411, 40.647886 ], [ -73.739855, 40.647995 ], [ -73.739368, 40.648048 ], [ -73.739008, 40.648154 ], [ -73.738263, 40.648521 ], [ -73.737587, 40.648816 ], [ -73.735034, 40.64979 ], [ -73.732242, 40.65011 ], [ -73.731016, 40.650233 ], [ -73.730328, 40.650362 ], [ -73.729065, 40.650784 ], [ -73.724804, 40.652333 ], [ -73.7248007, 40.6534356 ], [ -73.724799, 40.653991 ], [ -73.724902, 40.654374 ], [ -73.725384, 40.655356 ], [ -73.725629, 40.655603 ], [ -73.7257583, 40.65641 ], [ -73.725815, 40.6567639 ], [ -73.725918, 40.657318 ], [ -73.726357, 40.658643 ], [ -73.727087, 40.660094 ], [ -73.727894, 40.661469 ], [ -73.728276, 40.663128 ], [ -73.72777, 40.66313 ], [ -73.727734, 40.664252 ], [ -73.727706, 40.665029 ], [ -73.728429, 40.665968 ], [ -73.727977, 40.670643 ], [ -73.727575, 40.673998 ], [ -73.7275366, 40.6741534 ], [ -73.7274918, 40.6742862 ], [ -73.727441, 40.674429 ], [ -73.727141, 40.675096 ], [ -73.7269772, 40.6754381 ], [ -73.7267121, 40.6760953 ], [ -73.726568, 40.6764369 ], [ -73.7265439, 40.6764937 ], [ -73.7264362, 40.6767525 ], [ -73.7262728, 40.6771661 ], [ -73.7262437, 40.6772616 ], [ -73.7262091, 40.6773944 ], [ -73.7260294, 40.6780375 ], [ -73.7260128, 40.6780968 ], [ -73.7259974, 40.6781517 ], [ -73.7258314, 40.678746 ], [ -73.7256431, 40.6795169 ], [ -73.7256271, 40.679704 ], [ -73.7256351, 40.6799176 ], [ -73.725687, 40.68025 ], [ -73.7257671, 40.6809466 ], [ -73.725796, 40.68136 ], [ -73.72582, 40.6816404 ], [ -73.725907, 40.682657 ], [ -73.7258899, 40.6829493 ], [ -73.7258287, 40.6832562 ], [ -73.725913, 40.683302 ], [ -73.726429, 40.692683 ], [ -73.7266226, 40.6969399 ], [ -73.726635, 40.697212 ], [ -73.726845, 40.703252 ], [ -73.727259, 40.711051 ], [ -73.7293949, 40.7191809 ], [ -73.729515, 40.719638 ], [ -73.730287, 40.722161 ], [ -73.729976, 40.722344 ], [ -73.729501, 40.722582 ], [ -73.728832, 40.722851 ], [ -73.727476, 40.723347 ], [ -73.726333, 40.723787 ], [ -73.725866, 40.723944 ], [ -73.724083, 40.724477 ], [ -73.721079, 40.725283 ], [ -73.717571, 40.726226 ], [ -73.717029, 40.726348 ], [ -73.716545, 40.726438 ], [ -73.7145684, 40.7266867 ], [ -73.712293, 40.726973 ], [ -73.71071, 40.727184 ], [ -73.708609, 40.727613 ], [ -73.707954, 40.727768 ], [ -73.701507, 40.737458 ], [ -73.700233, 40.739303 ], [ -73.700906, 40.745687 ], [ -73.701328, 40.750115 ], [ -73.701582, 40.752467 ], [ -73.721788, 40.764975 ], [ -73.739643, 40.775992 ], [ -73.7467107, 40.780354 ], [ -73.748931, 40.781725 ], [ -73.750139, 40.782416 ], [ -73.7502977, 40.782509 ], [ -73.750344, 40.782553 ], [ -73.750382, 40.782593 ], [ -73.7563731, 40.7886389 ], [ -73.7660428, 40.7983959 ], [ -73.77674, 40.809188 ], [ -73.779665, 40.812135 ], [ -73.780415, 40.826414 ], [ -73.758369, 40.845313 ], [ -73.749677, 40.868468 ], [ -73.748374, 40.871825 ], [ -73.762401, 40.875491 ], [ -73.784218, 40.881123 ], [ -73.792949, 40.883385 ], [ -73.8151746, 40.8890491 ], [ -73.822564, 40.891025 ], [ -73.822813, 40.890881 ], [ -73.823189, 40.891199 ], [ -73.8232783, 40.8910296 ], [ -73.823334, 40.890924 ], [ -73.823333, 40.890628 ], [ -73.8232797, 40.8905404 ], [ -73.823246, 40.890485 ], [ -73.823217, 40.890364 ], [ -73.823338, 40.890032 ], [ -73.823165, 40.889859 ], [ -73.822927, 40.889818 ], [ -73.822624, 40.889924 ], [ -73.822509, 40.889882 ], [ -73.822364, 40.88964 ], [ -73.822376, 40.889477 ], [ -73.8235732, 40.8898269 ], [ -73.824, 40.8899516 ], [ -73.838238, 40.894112 ], [ -73.838837, 40.895574 ], [ -73.839099, 40.895666 ], [ -73.839448, 40.896508 ], [ -73.839757, 40.897406 ], [ -73.839773, 40.897608 ], [ -73.839745, 40.897731 ], [ -73.839282, 40.898745 ], [ -73.839202, 40.898979 ], [ -73.839217, 40.899283 ], [ -73.839348, 40.899599 ], [ -73.839763, 40.900097 ], [ -73.840206, 40.900588 ], [ -73.840659, 40.901327 ], [ -73.840855, 40.901717 ], [ -73.840947, 40.902026 ], [ -73.841061, 40.902762 ], [ -73.841221, 40.903467 ], [ -73.841439, 40.904167 ], [ -73.844812, 40.904209 ], [ -73.844835, 40.905127 ], [ -73.844866, 40.905571 ], [ -73.847319, 40.906326 ], [ -73.850084, 40.907477 ], [ -73.850925, 40.906531 ], [ -73.853278, 40.90741 ], [ -73.851842, 40.909246 ], [ -73.851121, 40.910113 ], [ -73.851181, 40.910121 ], [ -73.851265, 40.910101 ], [ -73.851792, 40.909787 ], [ -73.851919, 40.909742 ], [ -73.852118, 40.9097 ], [ -73.852321, 40.909714 ], [ -73.852439, 40.909866 ], [ -73.852462, 40.91 ], [ -73.85259, 40.91016 ], [ -73.852836, 40.910187 ], [ -73.853023, 40.910107 ], [ -73.853155, 40.909967 ], [ -73.853342, 40.909627 ], [ -73.853559, 40.909418 ], [ -73.85382, 40.909286 ], [ -73.854167, 40.909077 ], [ -73.854514, 40.90877 ], [ -73.854731, 40.908331 ], [ -73.854774, 40.908067 ], [ -73.854681, 40.907909 ], [ -73.854443, 40.907881 ], [ -73.85418, 40.907892 ], [ -73.853949, 40.907881 ], [ -73.853677, 40.907764 ], [ -73.853657, 40.907451 ], [ -73.853876, 40.907152 ], [ -73.854083, 40.906944 ], [ -73.854512, 40.906838 ], [ -73.855094, 40.906735 ], [ -73.855294, 40.906617 ], [ -73.855597, 40.906145 ], [ -73.855843, 40.906064 ], [ -73.856769, 40.905979 ], [ -73.856798, 40.905826 ], [ -73.856798, 40.905672 ], [ -73.85651, 40.90553 ], [ -73.856176, 40.905489 ], [ -73.855875, 40.905419 ], [ -73.855875, 40.905188 ], [ -73.856137, 40.905041 ], [ -73.856545, 40.904966 ], [ -73.857029, 40.905079 ], [ -73.857261, 40.905057 ], [ -73.857383, 40.904946 ], [ -73.857385, 40.904837 ], [ -73.857347, 40.904706 ], [ -73.857072, 40.904563 ], [ -73.857043, 40.904431 ], [ -73.857073, 40.904237 ], [ -73.857139, 40.904009 ], [ -73.857118, 40.90378 ], [ -73.857057, 40.903564 ], [ -73.857057, 40.903421 ], [ -73.8571, 40.903268 ], [ -73.857519, 40.902631 ], [ -73.857635, 40.902598 ], [ -73.857794, 40.90262 ], [ -73.857939, 40.902718 ], [ -73.858098, 40.902685 ], [ -73.85817, 40.902531 ], [ -73.858112, 40.9024 ], [ -73.858112, 40.902279 ], [ -73.858189, 40.902185 ], [ -73.8583, 40.902158 ], [ -73.85843, 40.90218 ], [ -73.858597, 40.90218 ], [ -73.85901, 40.902553 ], [ -73.859285, 40.902673 ], [ -73.859458, 40.902673 ], [ -73.859603, 40.902574 ], [ -73.859675, 40.902344 ], [ -73.859559, 40.902113 ], [ -73.859272, 40.901801 ], [ -73.859024, 40.901704 ], [ -73.858994, 40.901581 ], [ -73.859069, 40.901483 ], [ -73.859501, 40.901454 ], [ -73.859544, 40.901377 ], [ -73.859428, 40.901103 ], [ -73.859355, 40.901015 ], [ -73.859043, 40.900876 ], [ -73.859262, 40.900452 ], [ -73.8614, 40.901084 ], [ -73.861679, 40.901081 ], [ -73.8617151, 40.9010934 ], [ -73.862347, 40.90132 ], [ -73.862643, 40.901474 ], [ -73.863, 40.90144 ], [ -73.86791, 40.902823 ], [ -73.8679632, 40.9028359 ], [ -73.873471, 40.904427 ], [ -73.875116, 40.904893 ], [ -73.892945, 40.910166 ], [ -73.896453, 40.911167 ], [ -73.902589, 40.913014 ], [ -73.910421, 40.915309 ], [ -73.918346, 40.91763 ], [ -73.9189436, 40.9161216 ], [ -73.9271142, 40.8954936 ], [ -73.929795, 40.888724 ], [ -73.933907, 40.882012 ], [ -73.9341963, 40.8815481 ], [ -73.9483347, 40.8584473 ], [ -73.952829, 40.851105 ], [ -73.9541923, 40.8480026 ], [ -73.9587238, 40.8376892 ], [ -73.963577, 40.826642 ], [ -73.9772946, 40.8078634 ], [ -73.9848673, 40.7974944 ], [ -73.9916947, 40.7881446 ], [ -73.9930017, 40.7863546 ], [ -74.0004487, 40.7761545 ], [ -74.0016207, 40.7745491 ], [ -74.014028, 40.757551 ], [ -74.0142459, 40.7566558 ], [ -74.0174387, 40.7435392 ], [ -74.0206386, 40.7303906 ], [ -74.0213072, 40.7276365 ], [ -74.0213403, 40.7275071 ], [ -74.021347, 40.7274823 ], [ -74.023637, 40.718068 ], [ -74.02639, 40.700102 ], [ -74.034495, 40.6866935 ], [ -74.035443, 40.685125 ], [ -74.0378384, 40.6810948 ], [ -74.049594, 40.661622 ], [ -74.055766, 40.651475 ], [ -74.086986, 40.651506 ], [ -74.093442, 40.648064 ], [ -74.109848, 40.648064 ], [ -74.126018, 40.642151 ], [ -74.132921, 40.643684 ], [ -74.14311, 40.641989 ], [ -74.1581525, 40.6437606 ], [ -74.1614661, 40.6441509 ], [ -74.18165, 40.646528 ], [ -74.185641, 40.646042 ], [ -74.19143, 40.642025 ], [ -74.196247, 40.637689 ], [ -74.198164, 40.634786 ], [ -74.2003778, 40.6331168 ], [ -74.2024, 40.631592 ], [ -74.202281, 40.628781 ], [ -74.203925, 40.62437 ], [ -74.202425, 40.61677 ], [ -74.203889, 40.614276 ], [ -74.204834, 40.606062 ], [ -74.199589, 40.600382 ], [ -74.199589, 40.597846 ], [ -74.2036022, 40.5926384 ], [ -74.207242, 40.587915 ], [ -74.210145, 40.573724 ], [ -74.214576, 40.560533 ], [ -74.218004, 40.557057 ], [ -74.2290376, 40.5588053 ], [ -74.231415, 40.559182 ], [ -74.247485, 40.549377 ], [ -74.250285, 40.542299 ], [ -74.2497377, 40.5395601 ], [ -74.246021, 40.520958 ], [ -74.254096, 40.515661 ], [ -74.258129, 40.508717 ], [ -74.258843, 40.498875 ] ] ], [ [ [ -74.047207, 40.690893 ], [ -74.047196, 40.690794 ], [ -74.047146, 40.690714 ], [ -74.047026, 40.690589 ], [ -74.047041, 40.690482 ], [ -74.047183, 40.690411 ], [ -74.046248, 40.689319 ], [ -74.044792, 40.68859 ], [ -74.044349, 40.688508 ], [ -74.044132, 40.688537 ], [ -74.043942, 40.688569 ], [ -74.043618, 40.68876 ], [ -74.043499, 40.689172 ], [ -74.043455, 40.689629 ], [ -74.043873, 40.690179 ], [ -74.04457, 40.690559 ], [ -74.045982, 40.691108 ], [ -74.046135, 40.691125 ], [ -74.046176, 40.691092 ], [ -74.047041, 40.691041 ], [ -74.047149, 40.690985 ], [ -74.047207, 40.690893 ] ] ], [ [ [ -74.0407472, 40.7001669 ], [ -74.0407397, 40.7001311 ], [ -74.0407248, 40.7001055 ], [ -74.0407192, 40.7000956 ], [ -74.0407023, 40.7000713 ], [ -74.0406912, 40.70005 ], [ -74.0406874, 40.70001 ], [ -74.0406837, 40.699983 ], [ -74.0406744, 40.6999616 ], [ -74.0406744, 40.6999346 ], [ -74.0406631, 40.6999075 ], [ -74.0406443, 40.6998832 ], [ -74.0406237, 40.6998605 ], [ -74.0406154, 40.6998284 ], [ -74.0406173, 40.6998026 ], [ -74.0406117, 40.6997657 ], [ -74.0406004, 40.6997386 ], [ -74.0405779, 40.69971 ], [ -74.0405535, 40.6996801 ], [ -74.0405311, 40.6996573 ], [ -74.0405124, 40.6996274 ], [ -74.0404842, 40.6995945 ], [ -74.0404702, 40.6995581 ], [ -74.0404664, 40.6995282 ], [ -74.0404666, 40.6994927 ], [ -74.0404553, 40.6994669 ], [ -74.0404384, 40.6994384 ], [ -74.0404262, 40.6994134 ], [ -74.0404019, 40.6993934 ], [ -74.0403511, 40.6993749 ], [ -74.0403156, 40.699365 ], [ -74.040278, 40.6993506 ], [ -74.0402425, 40.6993335 ], [ -74.0402106, 40.699315 ], [ -74.0401899, 40.6992778 ], [ -74.0401899, 40.6992451 ], [ -74.0401863, 40.6992152 ], [ -74.040158, 40.6991965 ], [ -74.0400698, 40.6991722 ], [ -74.03998, 40.6991236 ], [ -74.0399479, 40.6990979 ], [ -74.0398992, 40.699068 ], [ -74.0398618, 40.6990423 ], [ -74.0398149, 40.6990109 ], [ -74.0397962, 40.6989767 ], [ -74.039798, 40.6989367 ], [ -74.0398243, 40.6989111 ], [ -74.0398682, 40.6988933 ], [ -74.0399097, 40.6988835 ], [ -74.0399512, 40.6988816 ], [ -74.0399861, 40.6988865 ], [ -74.0400282, 40.6988979 ], [ -74.0400437, 40.6989027 ], [ -74.0400595, 40.6989072 ], [ -74.0400963, 40.6989342 ], [ -74.0401502, 40.6989014 ], [ -74.0401454, 40.6988975 ], [ -74.040215, 40.6988538 ], [ -74.0402387, 40.6988362 ], [ -74.040234, 40.6988328 ], [ -74.0400782, 40.6987147 ], [ -74.0399309, 40.6985897 ], [ -74.0396695, 40.6987755 ], [ -74.0396471, 40.69879 ], [ -74.0396316, 40.6987899 ], [ -74.0395853, 40.6987904 ], [ -74.0395382, 40.6987875 ], [ -74.0395083, 40.6987803 ], [ -74.0394876, 40.6987775 ], [ -74.0394688, 40.6987519 ], [ -74.0394385, 40.6987394 ], [ -74.0394115, 40.6987374 ], [ -74.0393763, 40.6987314 ], [ -74.0393648, 40.6987087 ], [ -74.0393415, 40.6986841 ], [ -74.0393171, 40.6986648 ], [ -74.039285, 40.6986319 ], [ -74.0392448, 40.6986141 ], [ -74.0392054, 40.698604 ], [ -74.0391679, 40.6985954 ], [ -74.0391153, 40.6985924 ], [ -74.039061, 40.6985967 ], [ -74.0390065, 40.6985937 ], [ -74.0389596, 40.6985951 ], [ -74.0389252, 40.698607 ], [ -74.0388788, 40.6986109 ], [ -74.0388273, 40.6986241 ], [ -74.0387796, 40.698636 ], [ -74.038744, 40.6986371 ], [ -74.0387123, 40.698654 ], [ -74.0386807, 40.69866 ], [ -74.0386528, 40.6986628 ], [ -74.0386342, 40.698667 ], [ -74.0386211, 40.6986713 ], [ -74.0386028, 40.6986769 ], [ -74.038623, 40.6986979 ], [ -74.0386064, 40.6987175 ], [ -74.0385693, 40.6987301 ], [ -74.0385269, 40.6987117 ], [ -74.0385048, 40.698702 ], [ -74.038477, 40.6986908 ], [ -74.0384529, 40.6986809 ], [ -74.0384197, 40.6986655 ], [ -74.0383919, 40.6986656 ], [ -74.0383723, 40.6986686 ], [ -74.0383683, 40.6986866 ], [ -74.0383801, 40.6987135 ], [ -74.038396, 40.6987285 ], [ -74.0384116, 40.6987557 ], [ -74.0384355, 40.6987917 ], [ -74.0384551, 40.6988247 ], [ -74.0384669, 40.6988698 ], [ -74.0384629, 40.6989239 ], [ -74.0384589, 40.6989808 ], [ -74.0384668, 40.6990169 ], [ -74.0384982, 40.699074 ], [ -74.0384936, 40.6991151 ], [ -74.0385101, 40.6991469 ], [ -74.0385329, 40.6991722 ], [ -74.038561, 40.6991929 ], [ -74.0385985, 40.6992101 ], [ -74.0386321, 40.6992385 ], [ -74.0386642, 40.6992628 ], [ -74.038697, 40.6992793 ], [ -74.0387232, 40.699302 ], [ -74.0387475, 40.6993362 ], [ -74.0387588, 40.6993677 ], [ -74.0387719, 40.6993976 ], [ -74.0387831, 40.6994062 ], [ -74.0387962, 40.699439 ], [ -74.0388017, 40.6994874 ], [ -74.0388149, 40.6995316 ], [ -74.0388382, 40.6995622 ], [ -74.0388796, 40.6996022 ], [ -74.0388927, 40.6996251 ], [ -74.0389358, 40.6996549 ], [ -74.0389901, 40.6996622 ], [ -74.0390239, 40.6996623 ], [ -74.0390746, 40.699668 ], [ -74.0391214, 40.6996709 ], [ -74.0391629, 40.6996767 ], [ -74.0392097, 40.699681 ], [ -74.0392548, 40.6996867 ], [ -74.0392866, 40.6997081 ], [ -74.0393298, 40.6997268 ], [ -74.0393815, 40.6997504 ], [ -74.0394283, 40.6997632 ], [ -74.0394771, 40.6997818 ], [ -74.0395109, 40.6998161 ], [ -74.0395465, 40.6998431 ], [ -74.0395859, 40.6998533 ], [ -74.0396215, 40.6998561 ], [ -74.0396647, 40.6998733 ], [ -74.0396891, 40.699899 ], [ -74.0397134, 40.6999275 ], [ -74.0397453, 40.6999503 ], [ -74.0397827, 40.6999518 ], [ -74.0398251, 40.6999554 ], [ -74.0398588, 40.6999655 ], [ -74.0399002, 40.6999811 ], [ -74.0399339, 40.6999941 ], [ -74.0399657, 40.7000183 ], [ -74.0399938, 40.7000412 ], [ -74.040022, 40.700061 ], [ -74.0400483, 40.700074 ], [ -74.040082, 40.7000925 ], [ -74.0401196, 40.700094 ], [ -74.0401534, 40.7001026 ], [ -74.0401871, 40.700114 ], [ -74.0402491, 40.700117 ], [ -74.0402827, 40.7001113 ], [ -74.0403288, 40.7001007 ], [ -74.0403756, 40.7001122 ], [ -74.0404152, 40.7001264 ], [ -74.0404601, 40.7001494 ], [ -74.0404958, 40.7001623 ], [ -74.0405278, 40.7001765 ], [ -74.0405689, 40.7001879 ], [ -74.0406121, 40.7002008 ], [ -74.0406477, 40.7002136 ], [ -74.0406966, 40.7002152 ], [ -74.0407303, 40.7001925 ], [ -74.0407472, 40.7001669 ] ] ] ] } },
{ "type": "Feature", "properties": { "Store_Location": "Phoenix" }, "geometry": { "type": "MultiPolygon", "coordinates": [ [ [ [ -111.9869932, 33.7736679 ], [ -111.9858053, 33.7736735 ], [ -111.9858036, 33.7764391 ], [ -111.986296, 33.7764458 ], [ -111.9867881, 33.7764363 ], [ -111.9869925, 33.7764391 ], [ -111.9869932, 33.7736679 ] ] ], [ [ [ -112.3240289, 33.5096918 ], [ -112.3240288, 33.5096836 ], [ -112.3240144, 33.507364 ], [ -112.324009, 33.5065531 ], [ -112.3239905, 33.5039351 ], [ -112.3237002, 33.5039326 ], [ -112.3236977, 33.503723 ], [ -112.3236666, 33.5010826 ], [ -112.3236218, 33.4976934 ], [ -112.3236187, 33.4967733 ], [ -112.3236168, 33.4967112 ], [ -112.3196232, 33.4966715 ], [ -112.3195784, 33.493422 ], [ -112.3173634, 33.4933953 ], [ -112.3148776, 33.4933744 ], [ -112.3107828, 33.49334 ], [ -112.3088191, 33.4933234 ], [ -112.3088112, 33.4933233 ], [ -112.3073044, 33.4933111 ], [ -112.3071189, 33.493309 ], [ -112.3066825, 33.4933053 ], [ -112.3065702, 33.4932769 ], [ -112.3063597, 33.4932841 ], [ -112.3063596, 33.4932683 ], [ -112.3063595, 33.4932566 ], [ -112.3061242, 33.4932651 ], [ -112.3059399, 33.4932718 ], [ -112.3048598, 33.4933108 ], [ -112.3047036, 33.4933165 ], [ -112.3023841, 33.4934124 ], [ -112.298384, 33.4935359 ], [ -112.2966371, 33.4936061 ], [ -112.2943626, 33.4936862 ], [ -112.294363, 33.493632 ], [ -112.2924603, 33.4936988 ], [ -112.2924594, 33.4937381 ], [ -112.2924578, 33.4938146 ], [ -112.2919103, 33.4938345 ], [ -112.291159, 33.4938617 ], [ -112.2909052, 33.4938709 ], [ -112.2905374, 33.4938842 ], [ -112.2902006, 33.4938964 ], [ -112.2901885, 33.4938838 ], [ -112.2900954, 33.4937867 ], [ -112.289922, 33.4937881 ], [ -112.2898922, 33.4937883 ], [ -112.289775, 33.4937892 ], [ -112.288943, 33.4937956 ], [ -112.2822894, 33.4938463 ], [ -112.2815676, 33.4938518 ], [ -112.2797627, 33.4938655 ], [ -112.2779522, 33.4938792 ], [ -112.2748559, 33.4939026 ], [ -112.274777, 33.4939026 ], [ -112.274777, 33.4939032 ], [ -112.2736186, 33.4939119 ], [ -112.2724504, 33.4939306 ], [ -112.2724501, 33.4936781 ], [ -112.2724563, 33.4794268 ], [ -112.2724565, 33.4792799 ], [ -112.2724335, 33.4792806 ], [ -112.272482, 33.4683454 ], [ -112.272399, 33.468349 ], [ -112.2724131, 33.4655859 ], [ -112.2720389, 33.4655921 ], [ -112.2711799, 33.4648686 ], [ -112.2552619, 33.4651598 ], [ -112.2552628, 33.4652236 ], [ -112.2529883, 33.4652433 ], [ -112.2518333, 33.4652605 ], [ -112.2495795, 33.465294 ], [ -112.2476905, 33.4653221 ], [ -112.2450794, 33.465361 ], [ -112.2400339, 33.4654361 ], [ -112.2381513, 33.4654839 ], [ -112.2380918, 33.4651831 ], [ -112.2380919, 33.4651664 ], [ -112.2381171, 33.4643719 ], [ -112.2380779, 33.4643714 ], [ -112.238139, 33.4623619 ], [ -112.2381757, 33.4611557 ], [ -112.2383278, 33.4611575 ], [ -112.2385529, 33.4611604 ], [ -112.2387138, 33.4611618 ], [ -112.2387175, 33.4610343 ], [ -112.2385655, 33.4609199 ], [ -112.2383699, 33.4591173 ], [ -112.2383562, 33.4581097 ], [ -112.2385366, 33.4516335 ], [ -112.23835, 33.4516493 ], [ -112.2340574, 33.4516232 ], [ -112.2340572, 33.4517112 ], [ -112.222495, 33.451675 ], [ -112.2224948, 33.4516243 ], [ -112.2218749, 33.4516177 ], [ -112.2214768, 33.4514746 ], [ -112.2214092, 33.4514733 ], [ -112.2214086, 33.4495094 ], [ -112.2213764, 33.4495093 ], [ -112.2213751, 33.448244 ], [ -112.2214599, 33.4481867 ], [ -112.2214629, 33.4480299 ], [ -112.2214539, 33.4480296 ], [ -112.2214483, 33.448029 ], [ -112.2214419, 33.4480282 ], [ -112.2214323, 33.4480258 ], [ -112.221424, 33.4480227 ], [ -112.2214193, 33.4480206 ], [ -112.2214129, 33.4480176 ], [ -112.2214059, 33.4480127 ], [ -112.2213983, 33.4480061 ], [ -112.2213923, 33.4480001 ], [ -112.2213841, 33.4479877 ], [ -112.2213787, 33.4479735 ], [ -112.2213764, 33.4479625 ], [ -112.2213771, 33.4468805 ], [ -112.22138, 33.4468607 ], [ -112.2213899, 33.4468415 ], [ -112.2214057, 33.4468286 ], [ -112.2214236, 33.4468177 ], [ -112.2214421, 33.4468135 ], [ -112.2214424, 33.446646 ], [ -112.2213782, 33.4466462 ], [ -112.2213781, 33.4466179 ], [ -112.2213711, 33.4442752 ], [ -112.2213899, 33.4442753 ], [ -112.2213885, 33.4441653 ], [ -112.221369, 33.4441655 ], [ -112.2213031, 33.4408043 ], [ -112.2213226, 33.4408038 ], [ -112.221321, 33.4406942 ], [ -112.2213014, 33.4406944 ], [ -112.2212378, 33.437357 ], [ -112.2212967, 33.4373055 ], [ -112.221508, 33.4373103 ], [ -112.2215879, 33.4373365 ], [ -112.2217015, 33.4373339 ], [ -112.2217825, 33.4373044 ], [ -112.2226398, 33.437284 ], [ -112.2229479, 33.437268 ], [ -112.2229474, 33.4372477 ], [ -112.2229445, 33.4370461 ], [ -112.2253457, 33.4370139 ], [ -112.2296012, 33.4369718 ], [ -112.2382856, 33.4370464 ], [ -112.246875, 33.4363937 ], [ -112.2532304, 33.4358427 ], [ -112.2532243, 33.4357959 ], [ -112.2553769, 33.4356246 ], [ -112.255464, 33.435631 ], [ -112.2555291, 33.4355974 ], [ -112.2556296, 33.4355994 ], [ -112.255715, 33.4356262 ], [ -112.2570254, 33.4356245 ], [ -112.2570225, 33.4356706 ], [ -112.2696874, 33.4356276 ], [ -112.2696894, 33.4355761 ], [ -112.2748352, 33.4355347 ], [ -112.2748348, 33.4355858 ], [ -112.2895866, 33.4353919 ], [ -112.2894995, 33.4263703 ], [ -112.2894977, 33.4261552 ], [ -112.2894758, 33.4234975 ], [ -112.2894578, 33.4213139 ], [ -112.2894561, 33.4211068 ], [ -112.289455, 33.4209694 ], [ -112.2894515, 33.4207863 ], [ -112.2893282, 33.4136803 ], [ -112.2893464, 33.4136816 ], [ -112.2892927, 33.4100435 ], [ -112.2892621, 33.4100436 ], [ -112.2891958, 33.406397 ], [ -112.2891854, 33.4055031 ], [ -112.2891194, 33.4027488 ], [ -112.2890393, 33.4027478 ], [ -112.2889594, 33.3995113 ], [ -112.2890425, 33.3995122 ], [ -112.2889088, 33.3946724 ], [ -112.2887436, 33.3865851 ], [ -112.2889841, 33.3864928 ], [ -112.2889663, 33.3807281 ], [ -112.2887522, 33.3807281 ], [ -112.2887512, 33.381019 ], [ -112.2887283, 33.381019 ], [ -112.2887235, 33.381406 ], [ -112.2886244, 33.3814079 ], [ -112.288621, 33.3810584 ], [ -112.2845763, 33.3810412 ], [ -112.2846233, 33.384817 ], [ -112.2718647, 33.3847923 ], [ -112.2718064, 33.3832108 ], [ -112.2715159, 33.3831385 ], [ -112.2713449, 33.3831175 ], [ -112.2710338, 33.3831156 ], [ -112.2708176, 33.3831409 ], [ -112.2705456, 33.3832053 ], [ -112.270363, 33.3832714 ], [ -112.270205, 33.3833461 ], [ -112.2700738, 33.3834217 ], [ -112.2696756, 33.3837593 ], [ -112.2694864, 33.3838711 ], [ -112.2692909, 33.3839559 ], [ -112.269126, 33.3840081 ], [ -112.2689361, 33.3840596 ], [ -112.268736, 33.3841004 ], [ -112.2685106, 33.3841306 ], [ -112.268182, 33.3841461 ], [ -112.2679702, 33.3841384 ], [ -112.2676649, 33.3841029 ], [ -112.2674886, 33.3840683 ], [ -112.2673418, 33.3840236 ], [ -112.2669056, 33.3838636 ], [ -112.2664024, 33.3837155 ], [ -112.2659895, 33.383641 ], [ -112.2657718, 33.3836234 ], [ -112.2654957, 33.3836216 ], [ -112.2651712, 33.3836252 ], [ -112.2648067, 33.3836051 ], [ -112.2646235, 33.3835773 ], [ -112.2643718, 33.3835246 ], [ -112.2642147, 33.3834865 ], [ -112.2638197, 33.3834262 ], [ -112.263355, 33.3833862 ], [ -112.2631795, 33.3833888 ], [ -112.2630529, 33.3834032 ], [ -112.2627932, 33.383396 ], [ -112.2623937, 33.3834002 ], [ -112.2620467, 33.3834189 ], [ -112.2618854, 33.3834322 ], [ -112.2617084, 33.3834516 ], [ -112.2615497, 33.3834795 ], [ -112.2612233, 33.3835289 ], [ -112.2608541, 33.3835725 ], [ -112.2605389, 33.3835995 ], [ -112.2598111, 33.383626 ], [ -112.2594278, 33.3836442 ], [ -112.259166, 33.3836648 ], [ -112.2584479, 33.3837359 ], [ -112.25817, 33.3837553 ], [ -112.2560955, 33.3837936 ], [ -112.2545252, 33.3837751 ], [ -112.2540499, 33.383736 ], [ -112.2533937, 33.3835997 ], [ -112.252158, 33.3832154 ], [ -112.2512996, 33.3829279 ], [ -112.2510306, 33.3828412 ], [ -112.2507224, 33.3827615 ], [ -112.250321, 33.3826949 ], [ -112.2500098, 33.3826636 ], [ -112.2495741, 33.3826167 ], [ -112.2492834, 33.3826198 ], [ -112.2490895, 33.3826392 ], [ -112.2487993, 33.3826767 ], [ -112.2485749, 33.3827124 ], [ -112.2482259, 33.3827797 ], [ -112.2477572, 33.3828895 ], [ -112.2471065, 33.383077 ], [ -112.2460353, 33.3834114 ], [ -112.2456836, 33.3834987 ], [ -112.2447864, 33.3836324 ], [ -112.2442828, 33.3837008 ], [ -112.2440528, 33.3837198 ], [ -112.2438452, 33.3837291 ], [ -112.243242, 33.3837337 ], [ -112.2429428, 33.383757 ], [ -112.242568, 33.3838049 ], [ -112.2422737, 33.3838657 ], [ -112.2417483, 33.3840123 ], [ -112.2413471, 33.3841524 ], [ -112.2405992, 33.3844229 ], [ -112.2402831, 33.3846614 ], [ -112.2392158, 33.3855103 ], [ -112.2388541, 33.3858581 ], [ -112.2383877, 33.386396 ], [ -112.2374618, 33.3874362 ], [ -112.2371257, 33.3876647 ], [ -112.2371262, 33.3880899 ], [ -112.2371304, 33.3918062 ], [ -112.2369089, 33.3918075 ], [ -112.2368708, 33.3990603 ], [ -112.2374295, 33.3990748 ], [ -112.23932, 33.3990695 ], [ -112.2393253, 33.4026967 ], [ -112.2456235, 33.4027112 ], [ -112.2456519, 33.39902 ], [ -112.2539537, 33.3990297 ], [ -112.2539583, 33.4023457 ], [ -112.2539628, 33.4028918 ], [ -112.2539793, 33.4031683 ], [ -112.254072, 33.4036554 ], [ -112.2542098, 33.4040657 ], [ -112.2545061, 33.4047962 ], [ -112.2545586, 33.404972 ], [ -112.2546285, 33.4052087 ], [ -112.2546639, 33.4054371 ], [ -112.2546963, 33.4057557 ], [ -112.2547497, 33.4066703 ], [ -112.2529586, 33.4068696 ], [ -112.2530837, 33.4104154 ], [ -112.2472079, 33.4110591 ], [ -112.2424195, 33.4115844 ], [ -112.2422687, 33.4080481 ], [ -112.2381015, 33.4085055 ], [ -112.2381029, 33.4085392 ], [ -112.2259309, 33.4085534 ], [ -112.2212747, 33.408558 ], [ -112.2212678, 33.4083397 ], [ -112.2212285, 33.4083403 ], [ -112.2212265, 33.4083073 ], [ -112.2212659, 33.4083069 ], [ -112.221134, 33.40517 ], [ -112.2203817, 33.4051695 ], [ -112.2197067, 33.4050416 ], [ -112.2191195, 33.4048221 ], [ -112.2187221, 33.404632 ], [ -112.2170721, 33.4037599 ], [ -112.2170664, 33.4085709 ], [ -112.2127334, 33.408583 ], [ -112.2127337, 33.4085644 ], [ -112.2089148, 33.4085335 ], [ -112.2089123, 33.403683 ], [ -112.2087728, 33.4036994 ], [ -112.2087713, 33.4036577 ], [ -112.2075172, 33.403976 ], [ -112.2073294, 33.404014 ], [ -112.2071926, 33.4040387 ], [ -112.2070423, 33.4040574 ], [ -112.2068963, 33.4040723 ], [ -112.2052768, 33.4041779 ], [ -112.2041174, 33.4042467 ], [ -112.2041203, 33.408403 ], [ -112.2044473, 33.4084065 ], [ -112.2044474, 33.4085694 ], [ -112.2042976, 33.4086939 ], [ -112.2042945, 33.4093677 ], [ -112.2042207, 33.4093661 ], [ -112.2041947, 33.412503 ], [ -112.2077026, 33.4125186 ], [ -112.2077122, 33.4120252 ], [ -112.2126904, 33.4120598 ], [ -112.212675, 33.4134816 ], [ -112.2126522, 33.4156509 ], [ -112.212652, 33.4156509 ], [ -112.2039014, 33.4156033 ], [ -112.2039226, 33.4143328 ], [ -112.2027861, 33.4143209 ], [ -112.2027911, 33.4130552 ], [ -112.2039337, 33.4130686 ], [ -112.2039438, 33.4117449 ], [ -112.2021172, 33.4117256 ], [ -112.2020501, 33.4130458 ], [ -112.1990674, 33.4130002 ], [ -112.1967054, 33.4129721 ], [ -112.1954171, 33.4129567 ], [ -112.1954591, 33.4082841 ], [ -112.1954475, 33.408201 ], [ -112.2028484, 33.408297 ], [ -112.2028239, 33.4096281 ], [ -112.2039564, 33.4096425 ], [ -112.2039649, 33.4086201 ], [ -112.2038422, 33.4085113 ], [ -112.2038398, 33.4083099 ], [ -112.2040043, 33.4083095 ], [ -112.2039955, 33.4011505 ], [ -112.2038556, 33.4001991 ], [ -112.2034069, 33.3971685 ], [ -112.20331, 33.3965138 ], [ -112.2011678, 33.3964488 ], [ -112.1975, 33.3963238 ], [ -112.1893344, 33.3960785 ], [ -112.1859447, 33.3959704 ], [ -112.186307, 33.4016058 ], [ -112.1864615, 33.4040092 ], [ -112.1863502, 33.404004 ], [ -112.1866245, 33.408131 ], [ -112.1863971, 33.4081291 ], [ -112.1863971, 33.4080162 ], [ -112.1779116, 33.4078665 ], [ -112.1779118, 33.4084116 ], [ -112.1779121, 33.409467 ], [ -112.1769584, 33.4099338 ], [ -112.1755748, 33.4105958 ], [ -112.1755702, 33.411459 ], [ -112.1740292, 33.4114318 ], [ -112.1740288, 33.40984 ], [ -112.1732405, 33.4098265 ], [ -112.1732412, 33.4087388 ], [ -112.1730352, 33.4087353 ], [ -112.1696395, 33.4096754 ], [ -112.1696355, 33.4090259 ], [ -112.1697199, 33.4090191 ], [ -112.1696763, 33.4085413 ], [ -112.1695946, 33.4085466 ], [ -112.1695225, 33.407759 ], [ -112.1694914, 33.407423 ], [ -112.169427, 33.406723 ], [ -112.1691991, 33.4042442 ], [ -112.1691813, 33.4041073 ], [ -112.1691035, 33.4035092 ], [ -112.1694159, 33.4035183 ], [ -112.1690544, 33.4031647 ], [ -112.1690378, 33.4030394 ], [ -112.1689685, 33.4025163 ], [ -112.1688546, 33.4025272 ], [ -112.1687, 33.4013617 ], [ -112.1686675, 33.4013647 ], [ -112.1686225, 33.4010257 ], [ -112.1685308, 33.4003337 ], [ -112.1686185, 33.4003367 ], [ -112.1685684, 33.3992839 ], [ -112.1687788, 33.3992924 ], [ -112.1770911, 33.3996205 ], [ -112.1773588, 33.3996397 ], [ -112.1770948, 33.3958163 ], [ -112.185567, 33.3959531 ], [ -112.1853399, 33.3918439 ], [ -112.1872807, 33.391841 ], [ -112.189594, 33.3918377 ], [ -112.1920404, 33.391834 ], [ -112.1941358, 33.3918309 ], [ -112.1939866, 33.3845972 ], [ -112.1939768, 33.3840899 ], [ -112.1925692, 33.3840973 ], [ -112.1925801, 33.3846589 ], [ -112.1911754, 33.3846656 ], [ -112.1911, 33.3810503 ], [ -112.1896944, 33.3810529 ], [ -112.1896207, 33.3773411 ], [ -112.2024621, 33.3772722 ], [ -112.2044656, 33.3772673 ], [ -112.2067857, 33.3772638 ], [ -112.2086897, 33.3772609 ], [ -112.2110723, 33.3772572 ], [ -112.2111325, 33.3801624 ], [ -112.2040801, 33.3801612 ], [ -112.2040218, 33.3775059 ], [ -112.2026694, 33.377517 ], [ -112.2026854, 33.3798708 ], [ -112.2028493, 33.3798708 ], [ -112.2028605, 33.380161 ], [ -112.202625, 33.380161 ], [ -112.2026863, 33.3827392 ], [ -112.2027063, 33.3846337 ], [ -112.2027404, 33.3863181 ], [ -112.202789, 33.3887109 ], [ -112.2028333, 33.3908954 ], [ -112.202852, 33.3918186 ], [ -112.2075332, 33.3918057 ], [ -112.2075409, 33.3892606 ], [ -112.2113353, 33.3892636 ], [ -112.2113497, 33.38971 ], [ -112.2115463, 33.3897069 ], [ -112.2115524, 33.3899817 ], [ -112.2113558, 33.3899848 ], [ -112.2113975, 33.3917384 ], [ -112.2152314, 33.391719 ], [ -112.2152108, 33.3893075 ], [ -112.2197647, 33.3871121 ], [ -112.2197627, 33.3864183 ], [ -112.2241557, 33.3864023 ], [ -112.2241536, 33.3862447 ], [ -112.2263014, 33.3862279 ], [ -112.2263289, 33.3882111 ], [ -112.2273909, 33.3882179 ], [ -112.2273642, 33.3845829 ], [ -112.2284306, 33.3845708 ], [ -112.2284155, 33.3825109 ], [ -112.2228183, 33.377106 ], [ -112.2201205, 33.3745009 ], [ -112.2201045, 33.3699318 ], [ -112.2154286, 33.3699756 ], [ -112.2080641, 33.3628672 ], [ -112.205467, 33.3603356 ], [ -112.2029268, 33.3578585 ], [ -112.200162, 33.3551797 ], [ -112.1915789, 33.3468742 ], [ -112.1892945, 33.3447563 ], [ -112.1878421, 33.3432611 ], [ -112.1856903, 33.3411802 ], [ -112.1820596, 33.3376703 ], [ -112.1781206, 33.3338566 ], [ -112.1777938, 33.3338506 ], [ -112.1777913, 33.3335373 ], [ -112.1744167, 33.3302722 ], [ -112.1734654, 33.3302732 ], [ -112.1734618, 33.3293539 ], [ -112.1706414, 33.3266235 ], [ -112.1704837, 33.3264708 ], [ -112.1698313, 33.3258392 ], [ -112.1697132, 33.3257248 ], [ -112.1693232, 33.3253472 ], [ -112.1693268, 33.326288 ], [ -112.1693281, 33.3266137 ], [ -112.1693385, 33.3300574 ], [ -112.1692665, 33.3300574 ], [ -112.1692666, 33.3302773 ], [ -112.1692894, 33.3302821 ], [ -112.1692901, 33.3311842 ], [ -112.1693391, 33.3311842 ], [ -112.1693409, 33.3339379 ], [ -112.1690297, 33.3339354 ], [ -112.169029, 33.3410654 ], [ -112.1557939, 33.3411479 ], [ -112.1557918, 33.3483338 ], [ -112.1557918, 33.3483841 ], [ -112.1557918, 33.348424 ], [ -112.1548399, 33.3484326 ], [ -112.1548524, 33.3517068 ], [ -112.154912, 33.3516936 ], [ -112.154945, 33.3516883 ], [ -112.1549781, 33.3516831 ], [ -112.1550449, 33.3516764 ], [ -112.1551458, 33.3516739 ], [ -112.1558546, 33.3516869 ], [ -112.1560241, 33.35169 ], [ -112.156029, 33.3519867 ], [ -112.1560293, 33.3520663 ], [ -112.1548058, 33.3520734 ], [ -112.1547574, 33.3520737 ], [ -112.1546646, 33.3521376 ], [ -112.1545962, 33.3521847 ], [ -112.1545895, 33.3521893 ], [ -112.1544378, 33.3522938 ], [ -112.1543324, 33.3523611 ], [ -112.1542563, 33.3524035 ], [ -112.1541289, 33.3524706 ], [ -112.154033, 33.3525082 ], [ -112.1539523, 33.352536 ], [ -112.1538474, 33.3525665 ], [ -112.1537729, 33.352584 ], [ -112.1536947, 33.3525991 ], [ -112.1535804, 33.3526165 ], [ -112.1534594, 33.3526273 ], [ -112.1532893, 33.3526305 ], [ -112.1531859, 33.3526257 ], [ -112.1527771, 33.352585 ], [ -112.1526613, 33.3525792 ], [ -112.1525738, 33.3525823 ], [ -112.152473, 33.3525943 ], [ -112.1524069, 33.3526072 ], [ -112.1523101, 33.3526338 ], [ -112.1522377, 33.3526602 ], [ -112.1521724, 33.3526897 ], [ -112.1520785, 33.352742 ], [ -112.1519817, 33.3528078 ], [ -112.1519083, 33.3528591 ], [ -112.1519144, 33.3551922 ], [ -112.1519158, 33.3557234 ], [ -112.1433624, 33.3557581 ], [ -112.1433618, 33.3545153 ], [ -112.1443412, 33.354514 ], [ -112.1447585, 33.3545134 ], [ -112.144758, 33.3532816 ], [ -112.1433612, 33.3532886 ], [ -112.1433631, 33.3485172 ], [ -112.1480676, 33.3484878 ], [ -112.1480492, 33.3448545 ], [ -112.1394036, 33.3448464 ], [ -112.1394026, 33.3452639 ], [ -112.1379969, 33.3466495 ], [ -112.1351642, 33.3485359 ], [ -112.1350023, 33.3485372 ], [ -112.1349746, 33.3436849 ], [ -112.1349749, 33.3429828 ], [ -112.1291483, 33.3430479 ], [ -112.1291511, 33.3421378 ], [ -112.1290782, 33.3421359 ], [ -112.1290747, 33.3420296 ], [ -112.129557, 33.342019 ], [ -112.1295385, 33.3414371 ], [ -112.129553, 33.341205 ], [ -112.134949, 33.341126 ], [ -112.1393855, 33.3411614 ], [ -112.1393741, 33.3375928 ], [ -112.1436939, 33.3376063 ], [ -112.143676, 33.335613 ], [ -112.144247, 33.335095 ], [ -112.145145, 33.334613 ], [ -112.145822, 33.334013 ], [ -112.1517058, 33.3340085 ], [ -112.1517044, 33.3339281 ], [ -112.1620773, 33.3339297 ], [ -112.1667519, 33.333933 ], [ -112.1689187, 33.3339345 ], [ -112.168906, 33.3266336 ], [ -112.1688923, 33.3252908 ], [ -112.1667632, 33.3232393 ], [ -112.1667826, 33.3229788 ], [ -112.1655932, 33.3229619 ], [ -112.1648127, 33.3229641 ], [ -112.1648036, 33.3225942 ], [ -112.1648014, 33.3222085 ], [ -112.1638722, 33.3222075 ], [ -112.1638653, 33.3217325 ], [ -112.1630408, 33.3212542 ], [ -112.1623687, 33.320865 ], [ -112.160495, 33.319783 ], [ -112.160494, 33.3193702 ], [ -112.1517091, 33.3194953 ], [ -112.1517287, 33.3122418 ], [ -112.1517257, 33.3083095 ], [ -112.1517375, 33.3078516 ], [ -112.1482456, 33.3049244 ], [ -112.1481391, 33.3048351 ], [ -112.1429444, 33.3005113 ], [ -112.13449, 33.2916064 ], [ -112.1332746, 33.2904827 ], [ -112.0440781, 33.2906737 ], [ -111.9722069, 33.2907484 ], [ -111.9723239, 33.2915172 ], [ -111.9725307, 33.2929685 ], [ -111.9726297, 33.2940739 ], [ -111.9726861, 33.2956711 ], [ -111.9726915, 33.2994634 ], [ -111.9726931, 33.3003974 ], [ -111.9726932, 33.3028378 ], [ -111.9728875, 33.3035688 ], [ -111.973106, 33.3043465 ], [ -111.9733271, 33.305133 ], [ -111.9733245, 33.3055453 ], [ -111.9726964, 33.3078363 ], [ -111.972716, 33.3256935 ], [ -111.9727166, 33.3260946 ], [ -111.9727181, 33.3269607 ], [ -111.9727176, 33.3270552 ], [ -111.9727169, 33.3344965 ], [ -111.9727169, 33.3349675 ], [ -111.9727169, 33.3352285 ], [ -111.9727162, 33.3435836 ], [ -111.9727182, 33.3444666 ], [ -111.9726648, 33.3455488 ], [ -111.972628, 33.3462256 ], [ -111.9727497, 33.3467491 ], [ -111.9729038, 33.3474118 ], [ -111.9731314, 33.3483908 ], [ -111.9731735, 33.3485717 ], [ -111.973141, 33.3493614 ], [ -111.9726635, 33.3503557 ], [ -111.9718744, 33.3524579 ], [ -111.9714003, 33.3547554 ], [ -111.9712162, 33.3555537 ], [ -111.9711391, 33.3558922 ], [ -111.9701168, 33.3600052 ], [ -111.9695029, 33.3625636 ], [ -111.9693135, 33.3635546 ], [ -111.9692543, 33.3639485 ], [ -111.9690519, 33.3652958 ], [ -111.9688499, 33.3666404 ], [ -111.9686965, 33.3680245 ], [ -111.9686057, 33.3693981 ], [ -111.9685785, 33.369811 ], [ -111.9685439, 33.3703344 ], [ -111.9684695, 33.3739221 ], [ -111.9684687, 33.3742747 ], [ -111.9685051, 33.3745855 ], [ -111.9685827, 33.3752485 ], [ -111.9687663, 33.3771329 ], [ -111.9687863, 33.3772751 ], [ -111.9697814, 33.377457 ], [ -111.9699272, 33.3774761 ], [ -111.9700671, 33.3774956 ], [ -111.970117, 33.3775007 ], [ -111.970232, 33.377511 ], [ -111.9703385, 33.3775186 ], [ -111.9705761, 33.3775191 ], [ -111.9705786, 33.377519 ], [ -111.9706249, 33.3775168 ], [ -111.9714559, 33.3774681 ], [ -111.9719123, 33.3774327 ], [ -111.9721253, 33.3774216 ], [ -111.9722133, 33.3774155 ], [ -111.9725674, 33.3773897 ], [ -111.9731963, 33.3773499 ], [ -111.9734819, 33.3773179 ], [ -111.9735122, 33.3773127 ], [ -111.9736922, 33.3772708 ], [ -111.9738375, 33.3772276 ], [ -111.974171, 33.3770988 ], [ -111.9746334, 33.376927 ], [ -111.9749469, 33.3768092 ], [ -111.9749481, 33.3767753 ], [ -111.9751637, 33.3767192 ], [ -111.9752465, 33.3767153 ], [ -111.9756424, 33.3767088 ], [ -111.9765303, 33.3767783 ], [ -111.9769761, 33.3767522 ], [ -111.9774066, 33.3766665 ], [ -111.9780657, 33.376656 ], [ -111.9781935, 33.3766778 ], [ -111.9781828, 33.3783929 ], [ -111.978218, 33.3784196 ], [ -111.9782124, 33.3800068 ], [ -111.9781774, 33.3800072 ], [ -111.9781638, 33.383648 ], [ -111.9782477, 33.3836478 ], [ -111.9782434, 33.3853424 ], [ -111.978236, 33.3853541 ], [ -111.9782271, 33.3853663 ], [ -111.9782128, 33.3853715 ], [ -111.9781937, 33.3853719 ], [ -111.9781616, 33.3925642 ], [ -111.9781303, 33.3925918 ], [ -111.9784743, 33.3925878 ], [ -111.9784669, 33.3935131 ], [ -111.9784599, 33.3948661 ], [ -111.9784521, 33.3963537 ], [ -111.9784483, 33.3969726 ], [ -111.9784384, 33.3990194 ], [ -111.9784269, 33.4009051 ], [ -111.9783869, 33.4074177 ], [ -111.9783769, 33.4110793 ], [ -111.9783755, 33.4113626 ], [ -111.9783731, 33.4152749 ], [ -111.9783728, 33.4156366 ], [ -111.9783717, 33.4173846 ], [ -111.9783711, 33.4181179 ], [ -111.9783718, 33.4182726 ], [ -111.978389, 33.4222392 ], [ -111.9783967, 33.424005 ], [ -111.9784052, 33.4259736 ], [ -111.9784359, 33.4295774 ], [ -111.9784325, 33.4299258 ], [ -111.9784344, 33.4300956 ], [ -111.9784486, 33.4313698 ], [ -111.9784655, 33.4328917 ], [ -111.9784941, 33.4365191 ], [ -111.9783648, 33.4365165 ], [ -111.9694001, 33.4363371 ], [ -111.9613441, 33.436171 ], [ -111.9613419, 33.4362681 ], [ -111.9613146, 33.4375038 ], [ -111.9612636, 33.4398097 ], [ -111.9612562, 33.440398 ], [ -111.9612402, 33.4410609 ], [ -111.9612052, 33.4426999 ], [ -111.9611768, 33.4453051 ], [ -111.96116, 33.4468471 ], [ -111.9611376, 33.4489111 ], [ -111.9574845, 33.4488851 ], [ -111.9574394, 33.448878 ], [ -111.9574113, 33.448869 ], [ -111.9573734, 33.4488457 ], [ -111.9573231, 33.4488027 ], [ -111.9572883, 33.4487844 ], [ -111.9572465, 33.4487784 ], [ -111.9561774, 33.4487734 ], [ -111.9561258, 33.4487661 ], [ -111.9560594, 33.4487454 ], [ -111.9560064, 33.4487208 ], [ -111.9559649, 33.4486973 ], [ -111.9559204, 33.4486601 ], [ -111.9558929, 33.4486269 ], [ -111.9558281, 33.4485144 ], [ -111.9557936, 33.4484751 ], [ -111.9557295, 33.4484276 ], [ -111.9556631, 33.4483986 ], [ -111.9556095, 33.4483851 ], [ -111.9555555, 33.4483804 ], [ -111.9549778, 33.4483761 ], [ -111.9549265, 33.4483678 ], [ -111.9548839, 33.448357 ], [ -111.9548278, 33.4483323 ], [ -111.9547514, 33.4482768 ], [ -111.9546935, 33.4482031 ], [ -111.9546727, 33.4481585 ], [ -111.9546622, 33.4480976 ], [ -111.9546625, 33.4475787 ], [ -111.9546573, 33.4467834 ], [ -111.954654, 33.4462795 ], [ -111.9546515, 33.4458912 ], [ -111.9546512, 33.4458404 ], [ -111.9546371, 33.4446907 ], [ -111.9540393, 33.4446008 ], [ -111.9527759, 33.4472542 ], [ -111.9527336, 33.4473508 ], [ -111.9527025, 33.4474047 ], [ -111.9526537, 33.4474926 ], [ -111.952587, 33.4475747 ], [ -111.952533, 33.4476386 ], [ -111.9524348, 33.4477505 ], [ -111.9523397, 33.4478429 ], [ -111.9522467, 33.4479418 ], [ -111.9521817, 33.4480143 ], [ -111.952137, 33.448099 ], [ -111.9520993, 33.4481852 ], [ -111.9520748, 33.448275 ], [ -111.952063, 33.4483494 ], [ -111.9520575, 33.4484633 ], [ -111.9511918, 33.4473593 ], [ -111.9506834, 33.4473491 ], [ -111.9414699, 33.4473591 ], [ -111.9405188, 33.4491817 ], [ -111.9404912, 33.449235 ], [ -111.9399711, 33.4500678 ], [ -111.9403998, 33.4509606 ], [ -111.940871, 33.4516199 ], [ -111.9418143, 33.4523036 ], [ -111.9431848, 33.4549653 ], [ -111.942871, 33.4559442 ], [ -111.9420894, 33.4565552 ], [ -111.941982, 33.4567039 ], [ -111.9420184, 33.458822 ], [ -111.9416055, 33.461504 ], [ -111.9404238, 33.4633709 ], [ -111.9395627, 33.4644002 ], [ -111.9392823, 33.4653292 ], [ -111.9411457, 33.4653424 ], [ -111.9434124, 33.4655336 ], [ -111.9434286, 33.4709496 ], [ -111.9434325, 33.4720248 ], [ -111.9434241, 33.4720249 ], [ -111.9434261, 33.4728526 ], [ -111.9434263, 33.4729335 ], [ -111.9446318, 33.4729219 ], [ -111.9462732, 33.4729021 ], [ -111.9469337, 33.4728971 ], [ -111.9478954, 33.4728781 ], [ -111.9487285, 33.4728825 ], [ -111.9490111, 33.4728815 ], [ -111.9506249, 33.4728641 ], [ -111.9568281, 33.472804 ], [ -111.9608697, 33.4727646 ], [ -111.9608694, 33.4728108 ], [ -111.9608655, 33.4738333 ], [ -111.9608541, 33.47679 ], [ -111.9608482, 33.4782382 ], [ -111.9608418, 33.4800172 ], [ -111.9608415, 33.4800892 ], [ -111.9572542, 33.4800733 ], [ -111.9543275, 33.4815287 ], [ -111.9536139, 33.4817854 ], [ -111.9531535, 33.481856 ], [ -111.9526679, 33.4817946 ], [ -111.952225, 33.4815983 ], [ -111.9519208, 33.481364 ], [ -111.9518976, 33.4813462 ], [ -111.9518793, 33.4813578 ], [ -111.9518698, 33.4813639 ], [ -111.9518335, 33.4813861 ], [ -111.9518318, 33.4813872 ], [ -111.9518302, 33.4813881 ], [ -111.9518135, 33.4813981 ], [ -111.9517997, 33.4814061 ], [ -111.9517813, 33.4814167 ], [ -111.9517883, 33.4814224 ], [ -111.951839, 33.4814632 ], [ -111.9517939, 33.4815541 ], [ -111.9517493, 33.4816442 ], [ -111.9517094, 33.4817247 ], [ -111.9516647, 33.4817974 ], [ -111.9516106, 33.4818852 ], [ -111.9515886, 33.4818994 ], [ -111.9515601, 33.4819077 ], [ -111.9515125, 33.481965 ], [ -111.9514699, 33.4820318 ], [ -111.9514283, 33.4820927 ], [ -111.9513724, 33.4821678 ], [ -111.9513337, 33.4822105 ], [ -111.9512922, 33.4822496 ], [ -111.9512443, 33.4822877 ], [ -111.9511939, 33.4823213 ], [ -111.9511524, 33.4823451 ], [ -111.9511108, 33.4823656 ], [ -111.9510414, 33.4823942 ], [ -111.9509457, 33.4824291 ], [ -111.9507666, 33.482486 ], [ -111.9506366, 33.4825209 ], [ -111.9504818, 33.4825557 ], [ -111.9503782, 33.482575 ], [ -111.9502573, 33.4825936 ], [ -111.9501316, 33.4826087 ], [ -111.9500128, 33.4826189 ], [ -111.949918, 33.4826242 ], [ -111.9498546, 33.4826265 ], [ -111.9495232, 33.482631 ], [ -111.9490374, 33.4826376 ], [ -111.9490343, 33.4828511 ], [ -111.9490256, 33.4834533 ], [ -111.9490065, 33.4847827 ], [ -111.9492614, 33.4847799 ], [ -111.9495738, 33.4850453 ], [ -111.9495736, 33.4852288 ], [ -111.9495727, 33.4854251 ], [ -111.9498742, 33.4854227 ], [ -111.9498538, 33.4875504 ], [ -111.9519884, 33.487564 ], [ -111.9519575, 33.4900326 ], [ -111.9519455, 33.4909918 ], [ -111.9503088, 33.4906449 ], [ -111.9486675, 33.4902962 ], [ -111.9473367, 33.4902466 ], [ -111.946464, 33.4903325 ], [ -111.9452278, 33.4904541 ], [ -111.9443487, 33.4905405 ], [ -111.9438211, 33.4906403 ], [ -111.9432968, 33.4907884 ], [ -111.9431898, 33.4908158 ], [ -111.9431979, 33.4915675 ], [ -111.9431899, 33.4915677 ], [ -111.9431751, 33.4915679 ], [ -111.9431901, 33.4946231 ], [ -111.9431907, 33.4947395 ], [ -111.9432013, 33.4968961 ], [ -111.9432066, 33.4979786 ], [ -111.943201, 33.5017401 ], [ -111.943307, 33.5017386 ], [ -111.9433074, 33.5015324 ], [ -111.9434386, 33.5015308 ], [ -111.9434371, 33.5018091 ], [ -111.9434266, 33.5038269 ], [ -111.9434263, 33.5038833 ], [ -111.9434223, 33.5053966 ], [ -111.9423313, 33.5053913 ], [ -111.9422644, 33.5053909 ], [ -111.94227, 33.5038468 ], [ -111.9422703, 33.5037808 ], [ -111.9422732, 33.5029754 ], [ -111.9422738, 33.5028287 ], [ -111.9400386, 33.5028623 ], [ -111.9400332, 33.5037233 ], [ -111.9400072, 33.5078876 ], [ -111.9400068, 33.5079466 ], [ -111.9405995, 33.5079498 ], [ -111.94067, 33.5079502 ], [ -111.9406746, 33.5081474 ], [ -111.9406809, 33.508419 ], [ -111.941079, 33.5084129 ], [ -111.9411901, 33.5084112 ], [ -111.9412055, 33.5091977 ], [ -111.943283, 33.5091686 ], [ -111.9432702, 33.5092538 ], [ -111.9432338, 33.5165168 ], [ -111.9432324, 33.5166401 ], [ -111.969391, 33.5164895 ], [ -111.9694019, 33.5188102 ], [ -111.9694019, 33.5193916 ], [ -111.9694127, 33.5206706 ], [ -111.9694046, 33.5220761 ], [ -111.973737, 33.5220692 ], [ -111.9737525, 33.5222538 ], [ -111.9737381, 33.523688 ], [ -111.9751699, 33.523692 ], [ -111.9751699, 33.5236814 ], [ -111.9817576, 33.5236768 ], [ -111.98402, 33.5236805 ], [ -111.9851076, 33.5236796 ], [ -111.9851065, 33.5236522 ], [ -111.986226, 33.5236512 ], [ -111.9862661, 33.5236182 ], [ -111.9866019, 33.523626 ], [ -111.9866573, 33.5236385 ], [ -111.9867366, 33.5236571 ], [ -111.9867823, 33.5236699 ], [ -111.9868591, 33.5236953 ], [ -111.9869109, 33.5237153 ], [ -111.9869739, 33.5237397 ], [ -111.9870268, 33.5237637 ], [ -111.9870732, 33.5237866 ], [ -111.9871159, 33.5238092 ], [ -111.9871538, 33.5238305 ], [ -111.9871878, 33.5238513 ], [ -111.9872176, 33.523872 ], [ -111.9872463, 33.5238942 ], [ -111.9872845, 33.5239238 ], [ -111.9873156, 33.5239471 ], [ -111.9873451, 33.5239731 ], [ -111.9873694, 33.5239942 ], [ -111.9874058, 33.5240278 ], [ -111.9874314, 33.5240521 ], [ -111.9874618, 33.5240827 ], [ -111.9874929, 33.524116 ], [ -111.987516, 33.524141 ], [ -111.9875527, 33.5241866 ], [ -111.9875888, 33.524225 ], [ -111.9876154, 33.5242533 ], [ -111.987649, 33.5242851 ], [ -111.987684, 33.5243157 ], [ -111.987731, 33.5243531 ], [ -111.9877802, 33.5243887 ], [ -111.9878376, 33.5244263 ], [ -111.9879, 33.5244615 ], [ -111.9879523, 33.524489 ], [ -111.9880114, 33.5245163 ], [ -111.9880857, 33.5245457 ], [ -111.9881515, 33.5245683 ], [ -111.9882227, 33.5245872 ], [ -111.9882897, 33.5246051 ], [ -111.9883596, 33.5246213 ], [ -111.9883985, 33.5246285 ], [ -111.9884484, 33.5246377 ], [ -111.9885056, 33.5246483 ], [ -111.9885567, 33.5246577 ], [ -111.9885893, 33.5246637 ], [ -111.9886344, 33.5246696 ], [ -111.9886842, 33.5246761 ], [ -111.9887432, 33.5246826 ], [ -111.9888055, 33.5246886 ], [ -111.9889143, 33.5246961 ], [ -111.988984, 33.5247006 ], [ -111.9890614, 33.5247067 ], [ -111.9891526, 33.5247092 ], [ -111.9892327, 33.5247099 ], [ -111.9893025, 33.5247077 ], [ -111.9893686, 33.5247057 ], [ -111.9894307, 33.5247037 ], [ -111.9895006, 33.5247004 ], [ -111.9895592, 33.5246947 ], [ -111.9896451, 33.5246883 ], [ -111.989694, 33.5246838 ], [ -111.9899409, 33.5246627 ], [ -111.9901843, 33.5246448 ], [ -111.9902732, 33.5246414 ], [ -111.9903625, 33.5246401 ], [ -111.9904501, 33.5246421 ], [ -111.9905412, 33.5246423 ], [ -111.9906133, 33.524644 ], [ -111.9906917, 33.5246494 ], [ -111.9907247, 33.5246513 ], [ -111.9907995, 33.5246573 ], [ -111.9909539, 33.5246681 ], [ -111.991007, 33.524673 ], [ -111.9915798, 33.524725 ], [ -111.9918462, 33.524746 ], [ -111.9918987, 33.5247495 ], [ -111.9919486, 33.5247504 ], [ -111.9920244, 33.5247519 ], [ -111.9920715, 33.5247507 ], [ -111.9921236, 33.5247483 ], [ -111.9921913, 33.5247432 ], [ -111.9922467, 33.5247374 ], [ -111.9923149, 33.5247283 ], [ -111.9923353, 33.5247257 ], [ -111.9923752, 33.5247182 ], [ -111.9923978, 33.5247142 ], [ -111.9924675, 33.5246983 ], [ -111.9925175, 33.5246868 ], [ -111.9925329, 33.5246833 ], [ -111.9925789, 33.5246702 ], [ -111.9925999, 33.5246646 ], [ -111.9926395, 33.5246517 ], [ -111.9926887, 33.5246347 ], [ -111.9927285, 33.5246204 ], [ -111.9927787, 33.5246003 ], [ -111.9928423, 33.5245734 ], [ -111.9930326, 33.524492 ], [ -111.9933686, 33.5243508 ], [ -111.9940006, 33.5240834 ], [ -111.9944179, 33.523903 ], [ -111.994547, 33.5238479 ], [ -111.9945946, 33.5238276 ], [ -111.9946556, 33.5238048 ], [ -111.9947207, 33.523786 ], [ -111.9947829, 33.5237707 ], [ -111.9948485, 33.5237595 ], [ -111.9949148, 33.5237523 ], [ -111.9949816, 33.5237492 ], [ -111.9950254, 33.5237484 ], [ -111.9950431, 33.5237424 ], [ -111.9950576, 33.5237299 ], [ -111.9950637, 33.5237178 ], [ -111.9950653, 33.5236018 ], [ -111.9950988, 33.5206118 ], [ -111.9951521, 33.5135492 ], [ -111.9952667, 33.5135503 ], [ -111.9997043, 33.5135908 ], [ -111.999704, 33.5135732 ], [ -111.9997037, 33.5135545 ], [ -111.9996999, 33.5133155 ], [ -111.9998961, 33.5134357 ], [ -112.0000992, 33.5135602 ], [ -112.0001199, 33.5135729 ], [ -112.0001381, 33.513584 ], [ -112.0001541, 33.5135926 ], [ -112.0003739, 33.5137105 ], [ -112.0004038, 33.5137265 ], [ -112.0007548, 33.5139148 ], [ -112.0016664, 33.5144038 ], [ -112.0031795, 33.5147767 ], [ -112.0041459, 33.5150161 ], [ -112.0042391, 33.5150409 ], [ -112.0042424, 33.5150417 ], [ -112.0043677, 33.515075 ], [ -112.0043686, 33.5150752 ], [ -112.0043735, 33.5150765 ], [ -112.0060835, 33.5155317 ], [ -112.0068124, 33.5158481 ], [ -112.00715, 33.5159947 ], [ -112.0084418, 33.5165553 ], [ -112.0100666, 33.5172606 ], [ -112.0103847, 33.5173986 ], [ -112.0115484, 33.5179037 ], [ -112.0127119, 33.5184087 ], [ -112.0127156, 33.5186753 ], [ -112.0128162, 33.5187181 ], [ -112.0128197, 33.5187196 ], [ -112.0128173, 33.5194329 ], [ -112.0128088, 33.521933 ], [ -112.0128059, 33.522786 ], [ -112.0128013, 33.5252854 ], [ -112.0128172, 33.5318783 ], [ -112.0128125, 33.5318783 ], [ -112.0084056, 33.5318708 ], [ -112.0084015, 33.5318708 ], [ -112.0030987, 33.5318598 ], [ -112.0019328, 33.5318572 ], [ -112.0008678, 33.5318548 ], [ -111.9951886, 33.5318395 ], [ -111.9951887, 33.5319459 ], [ -111.9951939, 33.5319459 ], [ -111.9952765, 33.5319458 ], [ -111.9952764, 33.5334563 ], [ -111.9951898, 33.5335947 ], [ -111.9951863, 33.5383345 ], [ -111.9951871, 33.5385423 ], [ -111.9951873, 33.5385909 ], [ -111.9951877, 33.5387035 ], [ -111.9951877, 33.5387038 ], [ -111.995193, 33.5390713 ], [ -111.9951934, 33.5390978 ], [ -111.9953247, 33.5390977 ], [ -111.9953262, 33.5406274 ], [ -111.995325, 33.5414781 ], [ -111.9953283, 33.5426978 ], [ -111.9953653, 33.5475634 ], [ -111.9953734, 33.5486885 ], [ -111.9953644, 33.5491934 ], [ -111.9953988, 33.5497662 ], [ -111.9954275, 33.5515176 ], [ -111.9954602, 33.5532868 ], [ -111.995463, 33.5534382 ], [ -111.9953334, 33.5534196 ], [ -111.9898542, 33.5534986 ], [ -111.9865711, 33.5535457 ], [ -111.9865687, 33.5536846 ], [ -111.9865753, 33.557804 ], [ -111.9865753, 33.5610323 ], [ -111.9832041, 33.5610068 ], [ -111.9814653, 33.5610054 ], [ -111.9794141, 33.5609942 ], [ -111.9777751, 33.5609865 ], [ -111.977773, 33.5609865 ], [ -111.9777678, 33.5618632 ], [ -111.9776396, 33.5618636 ], [ -111.9776429, 33.5619021 ], [ -111.9776445, 33.5619321 ], [ -111.9776446, 33.561933 ], [ -111.9776446, 33.5619333 ], [ -111.9776446, 33.5619335 ], [ -111.9776446, 33.5619343 ], [ -111.9776451, 33.5619445 ], [ -111.9776452, 33.5619468 ], [ -111.9776454, 33.5619643 ], [ -111.9776456, 33.561976 ], [ -111.9776455, 33.5619831 ], [ -111.9776456, 33.5619906 ], [ -111.9776457, 33.5619971 ], [ -111.9776453, 33.5620044 ], [ -111.9776446, 33.5620173 ], [ -111.9776438, 33.5620394 ], [ -111.9776419, 33.5620629 ], [ -111.9776419, 33.5620635 ], [ -111.9776403, 33.5620833 ], [ -111.9776381, 33.5621014 ], [ -111.9776378, 33.5621036 ], [ -111.977635, 33.5621267 ], [ -111.9776333, 33.5624046 ], [ -111.977628, 33.5632984 ], [ -111.9776154, 33.5654372 ], [ -111.9776033, 33.5674832 ], [ -111.9776026, 33.5675846 ], [ -111.9775988, 33.5682388 ], [ -111.9775987, 33.5682477 ], [ -111.9776004, 33.5683891 ], [ -111.9776092, 33.5691474 ], [ -111.9776254, 33.5705501 ], [ -111.9776364, 33.5738098 ], [ -111.9776353, 33.5747358 ], [ -111.9776353, 33.5747444 ], [ -111.9776353, 33.5747453 ], [ -111.9776353, 33.5747455 ], [ -111.9776344, 33.5754525 ], [ -111.9776344, 33.5754564 ], [ -111.9776517, 33.5768959 ], [ -111.9777037, 33.5812415 ], [ -111.9777121, 33.5819394 ], [ -111.9777187, 33.582486 ], [ -111.9776797, 33.5825173 ], [ -111.9692859, 33.5825037 ], [ -111.9692351, 33.5825036 ], [ -111.9691948, 33.5755264 ], [ -111.9605802, 33.5754768 ], [ -111.9463938, 33.5750116 ], [ -111.9435313, 33.5749313 ], [ -111.9434776, 33.5848614 ], [ -111.943424, 33.5893876 ], [ -111.9521175, 33.5895852 ], [ -111.9521085, 33.5970642 ], [ -111.9389856, 33.5968538 ], [ -111.9389785, 33.5986283 ], [ -111.9389719, 33.6003861 ], [ -111.9389316, 33.6003859 ], [ -111.9354063, 33.6003676 ], [ -111.9346092, 33.600364 ], [ -111.9346425, 33.5968337 ], [ -111.9260905, 33.5967938 ], [ -111.9259497, 33.6112316 ], [ -111.9259475, 33.6116637 ], [ -111.9259153, 33.6178891 ], [ -111.9259122, 33.6184951 ], [ -111.9255654, 33.6381691 ], [ -111.9255304, 33.640157 ], [ -111.9256011, 33.6405256 ], [ -111.9255597, 33.6416813 ], [ -111.9255864, 33.7221169 ], [ -111.9255893, 33.7255949 ], [ -111.9256176, 33.7258376 ], [ -111.925695, 33.7261975 ], [ -111.9257841, 33.7264721 ], [ -111.9258052, 33.7265273 ], [ -111.9258219, 33.7265272 ], [ -111.926866, 33.7265244 ], [ -111.9609326, 33.7264444 ], [ -111.960864, 33.7412095 ], [ -111.9771724, 33.7410974 ], [ -111.9781577, 33.7402711 ], [ -111.9781589, 33.7409032 ], [ -111.9846889, 33.740879 ], [ -111.9846837, 33.7374437 ], [ -111.9825067, 33.7374508 ], [ -111.9824731, 33.7320073 ], [ -111.983056, 33.7320058 ], [ -111.9829353, 33.7313665 ], [ -111.9829244, 33.7311524 ], [ -111.9828015, 33.731233 ], [ -111.9827367, 33.7312571 ], [ -111.9824687, 33.7312724 ], [ -111.9824525, 33.7283851 ], [ -111.9868481, 33.7283719 ], [ -111.9868507, 33.730186 ], [ -111.9955512, 33.7301682 ], [ -111.99555, 33.7409245 ], [ -111.9955504, 33.7410298 ], [ -111.9955598, 33.7438444 ], [ -111.9955625, 33.7446638 ], [ -111.9955685, 33.7464808 ], [ -111.993442, 33.7464815 ], [ -111.9913137, 33.7464822 ], [ -111.9911913, 33.7464822 ], [ -111.9911894, 33.7482337 ], [ -111.9911079, 33.7482342 ], [ -111.9911092, 33.7473991 ], [ -111.990517, 33.7473977 ], [ -111.9905157, 33.748236 ], [ -111.9869648, 33.7482485 ], [ -111.9869668, 33.7455946 ], [ -111.9890362, 33.7455891 ], [ -111.989035, 33.7433242 ], [ -111.9901225, 33.7433221 ], [ -111.9901231, 33.7442127 ], [ -111.9912073, 33.7442104 ], [ -111.9912083, 33.742867 ], [ -111.9879492, 33.7428719 ], [ -111.9879495, 33.7419645 ], [ -111.9869596, 33.7419657 ], [ -111.9869612, 33.741059 ], [ -111.9848834, 33.7410658 ], [ -111.9799226, 33.7410821 ], [ -111.9793294, 33.7410874 ], [ -111.9781593, 33.7410956 ], [ -111.9781592, 33.7412468 ], [ -111.9694386, 33.7412619 ], [ -111.9694387, 33.7412207 ], [ -111.9673674, 33.7412245 ], [ -111.9673657, 33.7438392 ], [ -111.969437, 33.7438348 ], [ -111.9694365, 33.7556331 ], [ -111.9650588, 33.7556379 ], [ -111.965083, 33.7519925 ], [ -111.9607209, 33.7520198 ], [ -111.9607062, 33.7627684 ], [ -111.9607217, 33.7701641 ], [ -111.9433013, 33.7702018 ], [ -111.9431879, 33.7846945 ], [ -111.9432888, 33.7846938 ], [ -111.9432889, 33.784613 ], [ -111.9434534, 33.7846127 ], [ -111.9476249, 33.7846145 ], [ -111.952593, 33.784594 ], [ -111.9526533, 33.7845938 ], [ -111.9526632, 33.7845913 ], [ -111.9536386, 33.7843462 ], [ -111.9536606, 33.7843407 ], [ -111.9538052, 33.7842511 ], [ -111.9539316, 33.7841697 ], [ -111.9544907, 33.7838099 ], [ -111.9545411, 33.7837775 ], [ -111.9546034, 33.783739 ], [ -111.9547741, 33.7836477 ], [ -111.9548512, 33.7836144 ], [ -111.95489, 33.7835977 ], [ -111.9549344, 33.7835785 ], [ -111.9550556, 33.7835357 ], [ -111.9552627, 33.7834792 ], [ -111.9554353, 33.783447 ], [ -111.9554512, 33.7834454 ], [ -111.9554699, 33.7834434 ], [ -111.9556539, 33.7834245 ], [ -111.9556812, 33.783423 ], [ -111.955717, 33.7834216 ], [ -111.9566297, 33.7834187 ], [ -111.956215, 33.7834201 ], [ -111.9568324, 33.7834184 ], [ -111.9568632, 33.7834183 ], [ -111.9569375, 33.7834182 ], [ -111.9570516, 33.7834196 ], [ -111.9570934, 33.7834234 ], [ -111.9572595, 33.7834383 ], [ -111.9573234, 33.783444 ], [ -111.9573383, 33.7834465 ], [ -111.9573587, 33.78345 ], [ -111.957434, 33.7834629 ], [ -111.9575792, 33.7834957 ], [ -111.9576046, 33.7835025 ], [ -111.957776, 33.7835563 ], [ -111.9578064, 33.7835684 ], [ -111.957853, 33.783587 ], [ -111.9579284, 33.783617 ], [ -111.9580258, 33.7836646 ], [ -111.9580653, 33.7836839 ], [ -111.9580843, 33.7836932 ], [ -111.9583, 33.7838241 ], [ -111.9584319, 33.7839082 ], [ -111.9587644, 33.7841202 ], [ -111.9588367, 33.7841663 ], [ -111.9589073, 33.7842113 ], [ -111.9589606, 33.7842453 ], [ -111.9590127, 33.7842774 ], [ -111.9590837, 33.784321 ], [ -111.9590964, 33.7843288 ], [ -111.9592157, 33.7843904 ], [ -111.9593172, 33.7844347 ], [ -111.9594073, 33.7844683 ], [ -111.9594737, 33.78449 ], [ -111.9595934, 33.7845227 ], [ -111.95964, 33.7845322 ], [ -111.9596835, 33.784541 ], [ -111.9597396, 33.7845524 ], [ -111.9597728, 33.7845538 ], [ -111.9602828, 33.7845759 ], [ -111.9603731, 33.7845798 ], [ -111.9607328, 33.7845791 ], [ -111.9607439, 33.7845791 ], [ -111.9607437, 33.7845795 ], [ -111.9607438, 33.7846076 ], [ -111.9607302, 33.7919503 ], [ -111.9661918, 33.7919531 ], [ -111.9661965, 33.7918422 ], [ -111.9661997, 33.7910383 ], [ -111.9640009, 33.7910399 ], [ -111.9640009, 33.7908577 ], [ -111.9630077, 33.7908585 ], [ -111.9629487, 33.7908641 ], [ -111.9629361, 33.7907743 ], [ -111.9629429, 33.7883213 ], [ -111.9630033, 33.7883163 ], [ -111.9683724, 33.7883119 ], [ -111.9683738, 33.7887996 ], [ -111.968388, 33.7910473 ], [ -111.968914, 33.791054 ], [ -111.9684803, 33.7917427 ], [ -111.9685493, 33.7918425 ], [ -111.9688384, 33.7918378 ], [ -111.968839, 33.7919169 ], [ -111.9694831, 33.7919197 ], [ -111.9694784, 33.7901552 ], [ -111.9706108, 33.7883193 ], [ -111.9779592, 33.7883119 ], [ -111.9779669, 33.7919438 ], [ -111.9780319, 33.7919444 ], [ -111.978036, 33.7951342 ], [ -111.9772669, 33.7951381 ], [ -111.9772655, 33.7951844 ], [ -111.9756557, 33.7951863 ], [ -111.975655, 33.7954179 ], [ -111.974353, 33.7954194 ], [ -111.9743565, 33.7955353 ], [ -111.9725549, 33.7955362 ], [ -111.9725575, 33.7957875 ], [ -111.9723929, 33.7957878 ], [ -111.9723921, 33.7957777 ], [ -111.9723885, 33.795771 ], [ -111.9723786, 33.7957593 ], [ -111.9723622, 33.7957497 ], [ -111.9723416, 33.795747 ], [ -111.9717341, 33.7957685 ], [ -111.9718359, 33.7968667 ], [ -111.9718393, 33.7985152 ], [ -111.9716264, 33.7985245 ], [ -111.971627, 33.7990636 ], [ -111.9782042, 33.799065 ], [ -111.9912417, 33.7990076 ], [ -111.9912516, 33.7955126 ], [ -111.9955953, 33.7954935 ], [ -111.9955968, 33.7988425 ], [ -111.9962602, 33.7988468 ], [ -112.0040015, 33.7989341 ], [ -112.0043877, 33.7989383 ], [ -112.0192877, 33.7989109 ], [ -112.0217084, 33.7989196 ], [ -112.0337112, 33.7988823 ], [ -112.0343579, 33.7988793 ], [ -112.0480191, 33.7988357 ], [ -112.0479801, 33.7873461 ], [ -112.0479756, 33.7869714 ], [ -112.0479671, 33.7846058 ], [ -112.0497502, 33.7845836 ], [ -112.0515262, 33.7845611 ], [ -112.0529321, 33.7845459 ], [ -112.0549663, 33.7845202 ], [ -112.0559277, 33.7845079 ], [ -112.0569863, 33.7844985 ], [ -112.067418, 33.7844533 ], [ -112.0674388, 33.7880632 ], [ -112.0741057, 33.7880235 ], [ -112.0741186, 33.7880234 ], [ -112.074171, 33.7899552 ], [ -112.0756219, 33.7899442 ], [ -112.0764259, 33.7905832 ], [ -112.0781684, 33.7907354 ], [ -112.0781899, 33.7917593 ], [ -112.0826944, 33.7917112 ], [ -112.082721, 33.798804 ], [ -112.0827168, 33.7988882 ], [ -112.082715, 33.7989364 ], [ -112.0827152, 33.8023407 ], [ -112.0827605, 33.8061902 ], [ -112.0827629, 33.8063138 ], [ -112.0931513, 33.8058119 ], [ -112.1001743, 33.8054733 ], [ -112.1001587, 33.8132297 ], [ -112.1001644, 33.8178288 ], [ -112.100159, 33.8275792 ], [ -112.100159, 33.8276586 ], [ -112.1001599, 33.8276838 ], [ -112.1044803, 33.8276837 ], [ -112.1064502, 33.8276836 ], [ -112.1087945, 33.8276836 ], [ -112.1175131, 33.8276833 ], [ -112.117515, 33.8253238 ], [ -112.1175185, 33.8210147 ], [ -112.1175232, 33.8151281 ], [ -112.1175251, 33.8129678 ], [ -112.119909, 33.8129377 ], [ -112.1208501, 33.8129255 ], [ -112.1350654, 33.8128192 ], [ -112.1386565, 33.8128087 ], [ -112.1394586, 33.8128063 ], [ -112.1402144, 33.8149248 ], [ -112.1410651, 33.8172793 ], [ -112.1415865, 33.8184369 ], [ -112.1417505, 33.818712 ], [ -112.1422858, 33.8196099 ], [ -112.1423714, 33.8198467 ], [ -112.1426001, 33.8212545 ], [ -112.1428865, 33.8223129 ], [ -112.1429054, 33.8223697 ], [ -112.1436004, 33.8242941 ], [ -112.1439343, 33.825245 ], [ -112.1441566, 33.8259255 ], [ -112.1442563, 33.8262561 ], [ -112.1444642, 33.8269848 ], [ -112.1446421, 33.8276633 ], [ -112.1461435, 33.827664 ], [ -112.1461258, 33.8276426 ], [ -112.1461104, 33.8276217 ], [ -112.1460997, 33.8276037 ], [ -112.1460887, 33.82758 ], [ -112.1460799, 33.8275561 ], [ -112.1460747, 33.8275352 ], [ -112.1460709, 33.8275064 ], [ -112.1460698, 33.8274908 ], [ -112.1460707, 33.8274682 ], [ -112.1460916, 33.8269008 ], [ -112.1460939, 33.8265483 ], [ -112.146092, 33.8263038 ], [ -112.1460851, 33.8261034 ], [ -112.1460672, 33.8258127 ], [ -112.146038, 33.8254785 ], [ -112.1458931, 33.8239018 ], [ -112.1457569, 33.8224204 ], [ -112.1457256, 33.8220799 ], [ -112.145693, 33.8217249 ], [ -112.1456488, 33.8212594 ], [ -112.1456132, 33.820984 ], [ -112.145555, 33.8206891 ], [ -112.1467239, 33.820428 ], [ -112.1469167, 33.8210072 ], [ -112.1469391, 33.8210035 ], [ -112.148454, 33.8212737 ], [ -112.1485374, 33.821356 ], [ -112.1485766, 33.8213837 ], [ -112.1491641, 33.821718 ], [ -112.1493547, 33.8218992 ], [ -112.1495031, 33.8219909 ], [ -112.1497219, 33.8220546 ], [ -112.1497422, 33.8220415 ], [ -112.1498267, 33.8220748 ], [ -112.1498427, 33.8220858 ], [ -112.1499154, 33.8221362 ], [ -112.1499518, 33.8221758 ], [ -112.1499624, 33.8221872 ], [ -112.1499714, 33.8221971 ], [ -112.1499735, 33.8222001 ], [ -112.1500054, 33.8222477 ], [ -112.1507984, 33.8226179 ], [ -112.1509229, 33.8225944 ], [ -112.1519842, 33.822394 ], [ -112.1526352, 33.8222443 ], [ -112.1529573, 33.827591 ], [ -112.1522551, 33.8421687 ], [ -112.1522551, 33.8423007 ], [ -112.1522544, 33.8494611 ], [ -112.1522496, 33.8525729 ], [ -112.1522481, 33.8530615 ], [ -112.1522487, 33.8531404 ], [ -112.1522435, 33.8565516 ], [ -112.1522542, 33.8638912 ], [ -112.1458927, 33.8639226 ], [ -112.1460039, 33.8649644 ], [ -112.1462614, 33.8672195 ], [ -112.1465314, 33.869186 ], [ -112.1468238, 33.8697148 ], [ -112.1473896, 33.8703439 ], [ -112.1476098, 33.8705887 ], [ -112.147605, 33.8707847 ], [ -112.1476029, 33.8712021 ], [ -112.1475713, 33.8713807 ], [ -112.1475716, 33.8715456 ], [ -112.1471043, 33.8733654 ], [ -112.1469987, 33.8737766 ], [ -112.1472938, 33.8763481 ], [ -112.147486, 33.8780223 ], [ -112.1474966, 33.878115 ], [ -112.1522258, 33.8781125 ], [ -112.1522308, 33.8808692 ], [ -112.1522314, 33.8811936 ], [ -112.1468406, 33.8811973 ], [ -112.1468256, 33.8810503 ], [ -112.1468327, 33.8809198 ], [ -112.1465475, 33.878421 ], [ -112.1434817, 33.878421 ], [ -112.1435195, 33.8838636 ], [ -112.1470661, 33.8838571 ], [ -112.1470628, 33.8838069 ], [ -112.147001, 33.8828222 ], [ -112.1501504, 33.8828171 ], [ -112.1501511, 33.8837514 ], [ -112.1505785, 33.8837713 ], [ -112.1505789, 33.8843307 ], [ -112.1505792, 33.8847027 ], [ -112.1493304, 33.8847021 ], [ -112.148346, 33.8847016 ], [ -112.1481044, 33.8847015 ], [ -112.1481295, 33.8856621 ], [ -112.1471249, 33.885662 ], [ -112.147069, 33.8839258 ], [ -112.1452819, 33.8839289 ], [ -112.1452767, 33.8856609 ], [ -112.1435204, 33.8856614 ], [ -112.1435296, 33.8890657 ], [ -112.1470746, 33.8890762 ], [ -112.1470366, 33.8897333 ], [ -112.1435314, 33.8897402 ], [ -112.1435328, 33.890782 ], [ -112.1469591, 33.8907761 ], [ -112.1468661, 33.8918311 ], [ -112.1435318, 33.8918373 ], [ -112.1435254, 33.8985941 ], [ -112.1458534, 33.8985879 ], [ -112.1464644, 33.8965687 ], [ -112.146774, 33.892921 ], [ -112.1470568, 33.8929205 ], [ -112.1477775, 33.8929191 ], [ -112.1522678, 33.8929105 ], [ -112.1609323, 33.8929381 ], [ -112.1609416, 33.8965613 ], [ -112.1609509, 33.9002098 ], [ -112.1566028, 33.9002084 ], [ -112.152261, 33.9002071 ], [ -112.1522455, 33.9074608 ], [ -112.1500246, 33.9074598 ], [ -112.1478728, 33.9074585 ], [ -112.1478908, 33.9110766 ], [ -112.1457202, 33.9110779 ], [ -112.1457216, 33.9147092 ], [ -112.1522963, 33.9146489 ], [ -112.1523939, 33.9183794 ], [ -112.2035401, 33.9183527 ], [ -112.2035534, 33.9147205 ], [ -112.2035827, 33.9137527 ], [ -112.2207067, 33.9136896 ], [ -112.2207879, 33.899275 ], [ -112.2210911, 33.8992852 ], [ -112.2210907, 33.8992735 ], [ -112.2210905, 33.8992503 ], [ -112.2210903, 33.8992392 ], [ -112.22109, 33.8992145 ], [ -112.2209195, 33.8850192 ], [ -112.2209165, 33.8849253 ], [ -112.2209141, 33.8849163 ], [ -112.2209104, 33.8849041 ], [ -112.2209057, 33.884871 ], [ -112.2208941, 33.8847299 ], [ -112.2208942, 33.8847215 ], [ -112.220894, 33.8847197 ], [ -112.220894, 33.8847178 ], [ -112.2208942, 33.8846993 ], [ -112.2208919, 33.8815735 ], [ -112.2209382, 33.880676 ], [ -112.2209416, 33.8803648 ], [ -112.2209522, 33.8767326 ], [ -112.2209525, 33.8765978 ], [ -112.2209697, 33.8742189 ], [ -112.2079185, 33.8741478 ], [ -112.2078995, 33.8774427 ], [ -112.2036195, 33.877445 ], [ -112.2035477, 33.8738397 ], [ -112.2079179, 33.8738266 ], [ -112.2081993, 33.8738258 ], [ -112.2209749, 33.8739506 ], [ -112.2209885, 33.8716142 ], [ -112.2209895, 33.8714779 ], [ -112.2210098, 33.8681636 ], [ -112.2210182, 33.8666482 ], [ -112.2210212, 33.8661034 ], [ -112.2210239, 33.8656107 ], [ -112.221025, 33.8654163 ], [ -112.2210259, 33.8652525 ], [ -112.2210342, 33.8637569 ], [ -112.2210398, 33.8627429 ], [ -112.2210568, 33.859693 ], [ -112.2210682, 33.8576252 ], [ -112.2210644, 33.8559355 ], [ -112.2210597, 33.8538743 ], [ -112.2210378, 33.8514331 ], [ -112.2210337, 33.850985 ], [ -112.221015, 33.8489043 ], [ -112.2210126, 33.8486337 ], [ -112.2210022, 33.8474731 ], [ -112.2209949, 33.846662 ], [ -112.2209895, 33.8460607 ], [ -112.2209829, 33.8453258 ], [ -112.2209813, 33.8451472 ], [ -112.2209766, 33.8446258 ], [ -112.2209522, 33.8403357 ], [ -112.2209523, 33.8401229 ], [ -112.2281415, 33.8429575 ], [ -112.2291784, 33.843211 ], [ -112.2305591, 33.8430795 ], [ -112.2317458, 33.8423401 ], [ -112.2323156, 33.8408019 ], [ -112.233065, 33.8376831 ], [ -112.2339782, 33.8338825 ], [ -112.2339891, 33.8338388 ], [ -112.2356743, 33.8271112 ], [ -112.2356801, 33.8270881 ], [ -112.2356802, 33.8270879 ], [ -112.2354457, 33.8270872 ], [ -112.227164, 33.8270626 ], [ -112.2271505, 33.8270625 ], [ -112.2210026, 33.8270449 ], [ -112.2163381, 33.8270006 ], [ -112.2163269, 33.823185 ], [ -112.2079767, 33.8231263 ], [ -112.2079654, 33.8195213 ], [ -112.2166699, 33.8195695 ], [ -112.2166548, 33.8231759 ], [ -112.2166395, 33.8268091 ], [ -112.2200261, 33.8268174 ], [ -112.2211159, 33.8268276 ], [ -112.2247759, 33.8268462 ], [ -112.2256383, 33.8268446 ], [ -112.235745, 33.826825 ], [ -112.235746, 33.8268251 ], [ -112.2357469, 33.8268214 ], [ -112.2375713, 33.8268217 ], [ -112.2375786, 33.8268217 ], [ -112.2385053, 33.8268201 ], [ -112.2419184, 33.8268225 ], [ -112.241932, 33.8268225 ], [ -112.2429733, 33.8268227 ], [ -112.24511, 33.826823 ], [ -112.2479191, 33.826825 ], [ -112.2503801, 33.8268267 ], [ -112.2516203, 33.826828 ], [ -112.252124, 33.8268286 ], [ -112.2526244, 33.8268291 ], [ -112.2504895, 33.8244647 ], [ -112.2504894, 33.8244645 ], [ -112.2466018, 33.8201779 ], [ -112.245281, 33.8187214 ], [ -112.2443421, 33.817686 ], [ -112.2436197, 33.8168893 ], [ -112.2395464, 33.8123968 ], [ -112.2385639, 33.8123179 ], [ -112.2382283, 33.8088355 ], [ -112.2363015, 33.8088255 ], [ -112.2352206, 33.8088207 ], [ -112.2338831, 33.8088162 ], [ -112.2338651, 33.8077532 ], [ -112.2338629, 33.8076242 ], [ -112.2338393, 33.8062347 ], [ -112.2338229, 33.8052694 ], [ -112.2337523, 33.8052677 ], [ -112.2296021, 33.8051694 ], [ -112.224176, 33.8050409 ], [ -112.2212897, 33.8049723 ], [ -112.2210959, 33.8049674 ], [ -112.2209031, 33.8049629 ], [ -112.2206084, 33.8049632 ], [ -112.2177537, 33.8049667 ], [ -112.2174721, 33.8049671 ], [ -112.2174633, 33.8049671 ], [ -112.2174597, 33.8049671 ], [ -112.2177135, 33.8047541 ], [ -112.2177243, 33.8046029 ], [ -112.2177328, 33.8044844 ], [ -112.2178326, 33.8040899 ], [ -112.217914, 33.8037886 ], [ -112.2179921, 33.8034996 ], [ -112.218127, 33.8032927 ], [ -112.2183099, 33.8030221 ], [ -112.2183119, 33.8030193 ], [ -112.2184273, 33.8028575 ], [ -112.2186715, 33.8025159 ], [ -112.2190653, 33.8018549 ], [ -112.2191375, 33.8017338 ], [ -112.2193776, 33.8010928 ], [ -112.2195978, 33.8005193 ], [ -112.2195957, 33.7999056 ], [ -112.2193303, 33.7990808 ], [ -112.219296, 33.7987469 ], [ -112.2192833, 33.798525 ], [ -112.2192396, 33.7977621 ], [ -112.219272, 33.7965375 ], [ -112.2192159, 33.796028 ], [ -112.2191199, 33.7951553 ], [ -112.2191201, 33.7951487 ], [ -112.2191197, 33.7951451 ], [ -112.2191533, 33.7942559 ], [ -112.2191508, 33.7942012 ], [ -112.2191137, 33.7934002 ], [ -112.219114, 33.7933997 ], [ -112.2191135, 33.7933899 ], [ -112.2196201, 33.79263 ], [ -112.2196276, 33.7926189 ], [ -112.2197366, 33.7924873 ], [ -112.2202156, 33.7919092 ], [ -112.2202696, 33.791699 ], [ -112.2203977, 33.7912005 ], [ -112.2204197, 33.7906623 ], [ -112.2204313, 33.7903779 ], [ -112.2204316, 33.790369 ], [ -112.2202453, 33.789846 ], [ -112.2201742, 33.7894969 ], [ -112.2200951, 33.7891079 ], [ -112.220095, 33.7891074 ], [ -112.2200935, 33.7886763 ], [ -112.2202765, 33.7882448 ], [ -112.2207535, 33.787443 ], [ -112.2209229, 33.7868407 ], [ -112.2211915, 33.7860563 ], [ -112.2213723, 33.7850089 ], [ -112.2215519, 33.7842171 ], [ -112.2215521, 33.7842162 ], [ -112.221554, 33.7842078 ], [ -112.2215761, 33.784108 ], [ -112.221663, 33.7837149 ], [ -112.2217418, 33.7835601 ], [ -112.2219928, 33.7830674 ], [ -112.2224769, 33.7824853 ], [ -112.2226959, 33.7818074 ], [ -112.2229878, 33.7808829 ], [ -112.2233725, 33.7803481 ], [ -112.2237084, 33.7802068 ], [ -112.2238984, 33.7800191 ], [ -112.2240097, 33.7797941 ], [ -112.2242105, 33.7794939 ], [ -112.2242987, 33.7790723 ], [ -112.224466, 33.778887 ], [ -112.22448, 33.7788715 ], [ -112.2245111, 33.7788324 ], [ -112.2245505, 33.7787846 ], [ -112.2246197, 33.7787007 ], [ -112.2246591, 33.7786459 ], [ -112.2247028, 33.778591 ], [ -112.2247652, 33.7784986 ], [ -112.2248246, 33.7784161 ], [ -112.2248615, 33.778356 ], [ -112.224884, 33.7783194 ], [ -112.2249204, 33.7782602 ], [ -112.224946, 33.7782186 ], [ -112.2249472, 33.7782159 ], [ -112.2250055, 33.7780848 ], [ -112.2250776, 33.7779229 ], [ -112.2250795, 33.7779186 ], [ -112.2250031, 33.7776945 ], [ -112.2249657, 33.7775852 ], [ -112.2249452, 33.7775249 ], [ -112.2248743, 33.7773171 ], [ -112.2248529, 33.7772543 ], [ -112.2248418, 33.7771412 ], [ -112.2248254, 33.7769723 ], [ -112.2248242, 33.77696 ], [ -112.2248226, 33.7769443 ], [ -112.224814, 33.7768557 ], [ -112.2248069, 33.7767832 ], [ -112.2248063, 33.7767769 ], [ -112.2248077, 33.7767658 ], [ -112.2248278, 33.7766012 ], [ -112.2248415, 33.7764893 ], [ -112.2248499, 33.7764209 ], [ -112.2250061, 33.7761958 ], [ -112.2252039, 33.7755172 ], [ -112.2252054, 33.7755118 ], [ -112.2251943, 33.7754808 ], [ -112.2251172, 33.7752658 ], [ -112.2251148, 33.7752592 ], [ -112.2252486, 33.7750435 ], [ -112.2264571, 33.7743475 ], [ -112.2266673, 33.7740498 ], [ -112.2266691, 33.7740473 ], [ -112.2266554, 33.7739916 ], [ -112.2265502, 33.7735629 ], [ -112.2239043, 33.772441 ], [ -112.2232672, 33.7721708 ], [ -112.2216051, 33.771466 ], [ -112.2209929, 33.7712064 ], [ -112.2206203, 33.7705266 ], [ -112.2204683, 33.7702493 ], [ -112.2203497, 33.7700329 ], [ -112.2202783, 33.7699028 ], [ -112.2202775, 33.7699012 ], [ -112.2195822, 33.7686329 ], [ -112.2192346, 33.7680145 ], [ -112.2181328, 33.7659062 ], [ -112.217468, 33.7647636 ], [ -112.2166392, 33.7637596 ], [ -112.2162386, 33.763276 ], [ -112.215491, 33.7624516 ], [ -112.2152696, 33.7622772 ], [ -112.2149263, 33.7619464 ], [ -112.2142617, 33.7613918 ], [ -112.2128215, 33.7613923 ], [ -112.2106294, 33.7613716 ], [ -112.2104732, 33.7613701 ], [ -112.2055058, 33.761324 ], [ -112.2035875, 33.7613063 ], [ -112.2035382, 33.7613044 ], [ -112.2035308, 33.7613043 ], [ -112.203539, 33.7586595 ], [ -112.2035431, 33.7574191 ], [ -112.2035439, 33.7571592 ], [ -112.2035537, 33.7540881 ], [ -112.2035532, 33.7536909 ], [ -112.2035527, 33.7533654 ], [ -112.2035522, 33.7529329 ], [ -112.2035504, 33.7515551 ], [ -112.2035499, 33.7511261 ], [ -112.2035498, 33.7510581 ], [ -112.2035826, 33.7510873 ], [ -112.2035826, 33.75108 ], [ -112.2035805, 33.7495644 ], [ -112.2035805, 33.7495613 ], [ -112.2035805, 33.7495553 ], [ -112.2035805, 33.7495511 ], [ -112.2035768, 33.7493888 ], [ -112.2035673, 33.7493261 ], [ -112.2035612, 33.7492858 ], [ -112.2035471, 33.7491714 ], [ -112.2035463, 33.7491601 ], [ -112.2035426, 33.7491063 ], [ -112.20347, 33.7487872 ], [ -112.2034455, 33.7487004 ], [ -112.2034074, 33.7485765 ], [ -112.2033655, 33.7484405 ], [ -112.2033629, 33.7464533 ], [ -112.2033601, 33.7444184 ], [ -112.2033585, 33.7433272 ], [ -112.2033535, 33.7397834 ], [ -112.2033534, 33.739713 ], [ -112.2033546, 33.7395099 ], [ -112.2033546, 33.7395097 ], [ -112.2033547, 33.7394999 ], [ -112.2034428, 33.7395 ], [ -112.2034475, 33.7395 ], [ -112.2035339, 33.7395 ], [ -112.2035217, 33.7378271 ], [ -112.2034747, 33.7308961 ], [ -112.2034744, 33.7308461 ], [ -112.2034729, 33.7306342 ], [ -112.2034727, 33.7306018 ], [ -112.2034589, 33.7284826 ], [ -112.2034407, 33.7257053 ], [ -112.2034361, 33.7250252 ], [ -112.2034358, 33.7249858 ], [ -112.2034357, 33.7249756 ], [ -112.2033663, 33.7249756 ], [ -112.2033153, 33.7119847 ], [ -112.2033152, 33.7119745 ], [ -112.2031609, 33.711976 ], [ -112.2029183, 33.7119784 ], [ -112.2029068, 33.7081005 ], [ -112.2029042, 33.7071272 ], [ -112.2029033, 33.7068702 ], [ -112.202879, 33.6984678 ], [ -112.2028768, 33.6977213 ], [ -112.2028768, 33.6977202 ], [ -112.1960518, 33.6977832 ], [ -112.1945468, 33.6977978 ], [ -112.19426, 33.6978006 ], [ -112.1914333, 33.6978282 ], [ -112.1869045, 33.6978726 ], [ -112.1789618, 33.6979201 ], [ -112.1789618, 33.697919 ], [ -112.178961, 33.6978388 ], [ -112.178961, 33.6978377 ], [ -112.178947, 33.697814 ], [ -112.1788864, 33.6977114 ], [ -112.1787485, 33.6974781 ], [ -112.1787086, 33.6974939 ], [ -112.1786857, 33.6975029 ], [ -112.1786312, 33.6975235 ], [ -112.178512, 33.6975647 ], [ -112.1784834, 33.6975741 ], [ -112.1784227, 33.6975922 ], [ -112.1783926, 33.6976012 ], [ -112.1783492, 33.6976128 ], [ -112.1783366, 33.6976161 ], [ -112.1783272, 33.6976186 ], [ -112.1783102, 33.6976232 ], [ -112.1782724, 33.6976324 ], [ -112.1782406, 33.6976399 ], [ -112.178208, 33.6976477 ], [ -112.1781743, 33.6976546 ], [ -112.1781391, 33.6976619 ], [ -112.1780506, 33.6976784 ], [ -112.1779707, 33.6976912 ], [ -112.1779116, 33.6977 ], [ -112.1778406, 33.6977091 ], [ -112.1777679, 33.697718 ], [ -112.1776538, 33.6977289 ], [ -112.1775834, 33.697734 ], [ -112.1775006, 33.6977393 ], [ -112.1774285, 33.6977423 ], [ -112.1773194, 33.697746 ], [ -112.1771288, 33.6977513 ], [ -112.1769521, 33.6977563 ], [ -112.176771, 33.6977614 ], [ -112.176764, 33.6977616 ], [ -112.1765957, 33.6977663 ], [ -112.1761849, 33.6977775 ], [ -112.1760662, 33.6977813 ], [ -112.1757458, 33.6977888 ], [ -112.1757106, 33.697789 ], [ -112.1753614, 33.6977911 ], [ -112.1751219, 33.6977926 ], [ -112.1747789, 33.6977947 ], [ -112.1743994, 33.697797 ], [ -112.173944, 33.6977998 ], [ -112.1731285, 33.6978022 ], [ -112.1724858, 33.697804 ], [ -112.1720708, 33.6977951 ], [ -112.171808, 33.6977906 ], [ -112.1713046, 33.6977752 ], [ -112.1708191, 33.6977665 ], [ -112.1707482, 33.6977668 ], [ -112.1703349, 33.6977668 ], [ -112.1702706, 33.6977672 ], [ -112.1696849, 33.6977708 ], [ -112.1695342, 33.6911274 ], [ -112.1695342, 33.6911267 ], [ -112.1695342, 33.6911263 ], [ -112.1695372, 33.6906127 ], [ -112.1695407, 33.6900189 ], [ -112.1695792, 33.6835013 ], [ -112.1695792, 33.6835002 ], [ -112.1694707, 33.6835015 ], [ -112.1694707, 33.6835004 ], [ -112.1694683, 33.6833655 ], [ -112.1694683, 33.6833644 ], [ -112.1694683, 33.6833633 ], [ -112.1694677, 33.6833332 ], [ -112.1694677, 33.6833321 ], [ -112.1694677, 33.683331 ], [ -112.169375, 33.6780667 ], [ -112.1693749, 33.6780656 ], [ -112.1693749, 33.6780645 ], [ -112.1693218, 33.6750653 ], [ -112.1693218, 33.6750642 ], [ -112.1693218, 33.6750631 ], [ -112.1692543, 33.6712492 ], [ -112.1692542, 33.6712481 ], [ -112.1692542, 33.671247 ], [ -112.1692447, 33.6707091 ], [ -112.1692447, 33.670708 ], [ -112.1692447, 33.6707069 ], [ -112.169238, 33.6703292 ], [ -112.169238, 33.6703281 ], [ -112.1692379, 33.670327 ], [ -112.1692368, 33.6702632 ], [ -112.1692368, 33.6702621 ], [ -112.1694538, 33.670262 ], [ -112.1694537, 33.6702609 ], [ -112.169149, 33.6425972 ], [ -112.1692408, 33.6391679 ], [ -112.1692639, 33.639168 ], [ -112.169346, 33.6391664 ], [ -112.1693468, 33.6391208 ], [ -112.1693481, 33.6390543 ], [ -112.1693481, 33.6390538 ], [ -112.1693481, 33.6390532 ], [ -112.1693452, 33.6389856 ], [ -112.1693314, 33.6388383 ], [ -112.1692446, 33.638838 ], [ -112.168427, 33.6323581 ], [ -112.168427, 33.632358 ], [ -112.168427, 33.632357 ], [ -112.1684929, 33.6251533 ], [ -112.1685572, 33.6179442 ], [ -112.1686194, 33.6109663 ], [ -112.1686215, 33.6107301 ], [ -112.168623, 33.6105173 ], [ -112.168639, 33.6087587 ], [ -112.1687647, 33.5978532 ], [ -112.1687799, 33.5965287 ], [ -112.1687822, 33.5963316 ], [ -112.1687959, 33.595292 ], [ -112.1680281, 33.5951485 ], [ -112.1674661, 33.5950442 ], [ -112.1673825, 33.595026 ], [ -112.1672924, 33.5950065 ], [ -112.1672074, 33.5949772 ], [ -112.1671651, 33.5949626 ], [ -112.1671414, 33.5949545 ], [ -112.1670192, 33.5948958 ], [ -112.166985, 33.5948746 ], [ -112.1669524, 33.5948544 ], [ -112.1669028, 33.5948235 ], [ -112.1667588, 33.5947026 ], [ -112.1666629, 33.594592 ], [ -112.1666372, 33.5945517 ], [ -112.1666168, 33.5945198 ], [ -112.166586, 33.5944714 ], [ -112.1665189, 33.5943101 ], [ -112.1665033, 33.594231 ], [ -112.1664613, 33.5940176 ], [ -112.1663077, 33.5932803 ], [ -112.1661857, 33.5930039 ], [ -112.1661365, 33.5929303 ], [ -112.1661078, 33.5928717 ], [ -112.1660557, 33.5927949 ], [ -112.1659813, 33.5926955 ], [ -112.1659807, 33.5926955 ], [ -112.1659768, 33.5926903 ], [ -112.1659766, 33.5926901 ], [ -112.1659727, 33.592685 ], [ -112.1659701, 33.5926819 ], [ -112.1659686, 33.59268 ], [ -112.1659661, 33.5926771 ], [ -112.1659633, 33.5926737 ], [ -112.1657218, 33.5923974 ], [ -112.1652386, 33.5918436 ], [ -112.1646881, 33.5912145 ], [ -112.1644721, 33.5909676 ], [ -112.1643553, 33.5908341 ], [ -112.1640777, 33.5905168 ], [ -112.1640153, 33.5904455 ], [ -112.1639681, 33.5903916 ], [ -112.1639165, 33.5903326 ], [ -112.1638659, 33.5902748 ], [ -112.1638127, 33.5902139 ], [ -112.1637611, 33.590155 ], [ -112.1637123, 33.5900992 ], [ -112.1636525, 33.5900309 ], [ -112.1635916, 33.5899629 ], [ -112.1635413, 33.5899104 ], [ -112.1634938, 33.5898638 ], [ -112.163442, 33.589816 ], [ -112.1634131, 33.5897901 ], [ -112.1633654, 33.5897503 ], [ -112.1633183, 33.5897129 ], [ -112.1632763, 33.5896809 ], [ -112.1632363, 33.5896518 ], [ -112.1631923, 33.5896214 ], [ -112.1631424, 33.5895884 ], [ -112.1630933, 33.5895573 ], [ -112.1630239, 33.5895165 ], [ -112.1629186, 33.5894602 ], [ -112.1628483, 33.5894264 ], [ -112.1628062, 33.5894061 ], [ -112.1614951, 33.5888627 ], [ -112.1604163, 33.5884167 ], [ -112.1601944, 33.5883199 ], [ -112.1601254, 33.588285 ], [ -112.1599919, 33.5882094 ], [ -112.1598647, 33.5881264 ], [ -112.1597446, 33.5880363 ], [ -112.1596052, 33.587914 ], [ -112.1595277, 33.5878368 ], [ -112.1594319, 33.5877283 ], [ -112.1592969, 33.5875465 ], [ -112.1588684, 33.5869407 ], [ -112.1582692, 33.5860937 ], [ -112.1576492, 33.5852172 ], [ -112.1575886, 33.5851314 ], [ -112.1575158, 33.5850286 ], [ -112.1574581, 33.5849469 ], [ -112.1573927, 33.584858 ], [ -112.1573421, 33.5847942 ], [ -112.1572828, 33.5847231 ], [ -112.1571487, 33.5845832 ], [ -112.1570056, 33.5844454 ], [ -112.1569838, 33.5844247 ], [ -112.1569364, 33.5843854 ], [ -112.1568012, 33.5842723 ], [ -112.1566546, 33.5841644 ], [ -112.1565041, 33.5840652 ], [ -112.1563465, 33.5839741 ], [ -112.1562742, 33.5839338 ], [ -112.1560996, 33.5838463 ], [ -112.1559722, 33.5837896 ], [ -112.155931, 33.5837728 ], [ -112.155164, 33.5834624 ], [ -112.1525124, 33.582386 ], [ -112.1523858, 33.5823257 ], [ -112.1523042, 33.582283 ], [ -112.1522165, 33.5822341 ], [ -112.1522047, 33.5822272 ], [ -112.1517215, 33.581926 ], [ -112.1516723, 33.5818929 ], [ -112.151723, 33.5747206 ], [ -112.1517458, 33.5711224 ], [ -112.151771, 33.5675195 ], [ -112.1517405, 33.5603186 ], [ -112.15171, 33.5531125 ], [ -112.1515638, 33.5457052 ], [ -112.1516364, 33.523924 ], [ -112.1517038, 33.510004 ], [ -112.1517861, 33.5100045 ], [ -112.151788, 33.5096606 ], [ -112.1517882, 33.5096248 ], [ -112.1522356, 33.5096254 ], [ -112.1522358, 33.5094422 ], [ -112.1522462, 33.5093536 ], [ -112.1687838, 33.5093839 ], [ -112.1819628, 33.5094705 ], [ -112.1863696, 33.5094995 ], [ -112.18637, 33.5094825 ], [ -112.1950183, 33.509378 ], [ -112.2015251, 33.5092955 ], [ -112.2024512, 33.5092715 ], [ -112.2028763, 33.5092743 ], [ -112.202952, 33.5092726 ], [ -112.2118234, 33.5090797 ], [ -112.2219636, 33.5088829 ], [ -112.2410126, 33.5087091 ], [ -112.2536339, 33.508693 ], [ -112.2551196, 33.5087084 ], [ -112.2552209, 33.5086991 ], [ -112.2724995, 33.5082269 ], [ -112.2728742, 33.5081516 ], [ -112.2727185, 33.5084209 ], [ -112.2727028, 33.5085084 ], [ -112.2725101, 33.5227963 ], [ -112.2802005, 33.5227135 ], [ -112.2800793, 33.5224679 ], [ -112.2803391, 33.5224621 ], [ -112.2803348, 33.5224923 ], [ -112.2803308, 33.5225205 ], [ -112.281263, 33.5224934 ], [ -112.2812636, 33.5223683 ], [ -112.2900047, 33.5223233 ], [ -112.2943936, 33.5221391 ], [ -112.2943867, 33.5189424 ], [ -112.2986831, 33.518762 ], [ -112.2986722, 33.5151412 ], [ -112.306767, 33.5148028 ], [ -112.3068576, 33.5216135 ], [ -112.3069266, 33.521614 ], [ -112.3150563, 33.5215516 ], [ -112.3233434, 33.5215309 ], [ -112.3237891, 33.5215302 ], [ -112.3237879, 33.5210592 ], [ -112.3237736, 33.5156121 ], [ -112.3237718, 33.5148917 ], [ -112.3237355, 33.5148921 ], [ -112.3237345, 33.514771 ], [ -112.3237715, 33.5147711 ], [ -112.3238017, 33.5147712 ], [ -112.3238632, 33.5147714 ], [ -112.3238642, 33.5147714 ], [ -112.3238944, 33.5147723 ], [ -112.3239904, 33.5147733 ], [ -112.3239904, 33.514775 ], [ -112.3240233, 33.5147758 ], [ -112.3240233, 33.514773 ], [ -112.3240232, 33.5147716 ], [ -112.3240234, 33.5146975 ], [ -112.324024, 33.5143301 ], [ -112.3240248, 33.5138885 ], [ -112.3240259, 33.5132398 ], [ -112.3240275, 33.5123162 ], [ -112.3240285, 33.5104331 ], [ -112.3240289, 33.5096918 ] ], [ [ -112.3238941, 33.5145519 ], [ -112.323604, 33.5145501 ], [ -112.3236224, 33.5146902 ], [ -112.323627, 33.5147803 ], [ -112.3236149, 33.5213863 ], [ -112.3153832, 33.5214049 ], [ -112.3069355, 33.5214739 ], [ -112.3068334, 33.5147222 ], [ -112.3067634, 33.5076233 ], [ -112.3028677, 33.5077888 ], [ -112.3028669, 33.5075063 ], [ -112.3028644, 33.5066296 ], [ -112.3028472, 33.5004926 ], [ -112.302847, 33.50041 ], [ -112.3028465, 33.5003274 ], [ -112.3028275, 33.4968724 ], [ -112.3028326, 33.4946455 ], [ -112.3065776, 33.4945166 ], [ -112.3066859, 33.4945097 ], [ -112.3077516, 33.4945187 ], [ -112.3088211, 33.4945277 ], [ -112.3088148, 33.4934418 ], [ -112.3152072, 33.4934943 ], [ -112.3179725, 33.4935358 ], [ -112.3194725, 33.4935499 ], [ -112.3195248, 33.4967439 ], [ -112.3234552, 33.4967782 ], [ -112.3234945, 33.5003491 ], [ -112.3235352, 33.5040661 ], [ -112.3238274, 33.5040682 ], [ -112.3238743, 33.5075638 ], [ -112.3238941, 33.5145519 ] ], [ [ -112.2889374, 33.3995154 ], [ -112.2806875, 33.3995468 ], [ -112.2722952, 33.3995783 ], [ -112.2723434, 33.4028512 ], [ -112.2700616, 33.4028591 ], [ -112.2678989, 33.4028649 ], [ -112.2657361, 33.4028707 ], [ -112.2635658, 33.4028764 ], [ -112.2635747, 33.4030677 ], [ -112.2623926, 33.4034139 ], [ -112.262492, 33.4063936 ], [ -112.2621675, 33.4063944 ], [ -112.2616393, 33.4063959 ], [ -112.2612342, 33.406397 ], [ -112.2609412, 33.4063978 ], [ -112.259379, 33.4064018 ], [ -112.2577776, 33.4064061 ], [ -112.2572263, 33.4064074 ], [ -112.2561806, 33.4064103 ], [ -112.255639, 33.4064117 ], [ -112.25523, 33.4064125 ], [ -112.2550886, 33.4064128 ], [ -112.2550868, 33.4063809 ], [ -112.2548977, 33.4064018 ], [ -112.2549051, 33.4063809 ], [ -112.2548697, 33.4057523 ], [ -112.2548644, 33.4056619 ], [ -112.2548591, 33.4055937 ], [ -112.2548522, 33.4055246 ], [ -112.2548439, 33.4054575 ], [ -112.2548342, 33.405391 ], [ -112.2548227, 33.4053229 ], [ -112.2548098, 33.4052556 ], [ -112.2547951, 33.4051876 ], [ -112.2547788, 33.4051196 ], [ -112.2547617, 33.4050546 ], [ -112.2547427, 33.4049884 ], [ -112.2547221, 33.404922 ], [ -112.2547002, 33.4048567 ], [ -112.2546764, 33.4047905 ], [ -112.2546518, 33.4047267 ], [ -112.2546255, 33.4046624 ], [ -112.2543998, 33.4041402 ], [ -112.2543666, 33.404061 ], [ -112.2543363, 33.4039837 ], [ -112.2543028, 33.4038909 ], [ -112.254277, 33.4038133 ], [ -112.2542495, 33.4037217 ], [ -112.2542276, 33.4036412 ], [ -112.254208, 33.4035608 ], [ -112.2541905, 33.4034799 ], [ -112.2541751, 33.4033988 ], [ -112.2541599, 33.4033039 ], [ -112.254149, 33.4032213 ], [ -112.2541404, 33.40314 ], [ -112.2541341, 33.4030608 ], [ -112.2541296, 33.4029769 ], [ -112.2541273, 33.4028949 ], [ -112.254127, 33.4028371 ], [ -112.2541268, 33.3991964 ], [ -112.2541913, 33.3991928 ], [ -112.2544791, 33.3991768 ], [ -112.2546828, 33.3991655 ], [ -112.2585016, 33.3991658 ], [ -112.2634415, 33.3991661 ], [ -112.267804, 33.3991664 ], [ -112.267735, 33.3957355 ], [ -112.2677339, 33.3956794 ], [ -112.2719653, 33.3957411 ], [ -112.2719442, 33.3923174 ], [ -112.2678077, 33.3922001 ], [ -112.2677229, 33.3892803 ], [ -112.2699804, 33.3892673 ], [ -112.2699772, 33.3891299 ], [ -112.2720143, 33.3891182 ], [ -112.2720593, 33.3904681 ], [ -112.2769759, 33.390407 ], [ -112.2770258, 33.3921297 ], [ -112.2771951, 33.3921262 ], [ -112.2771507, 33.3904017 ], [ -112.2794348, 33.3903541 ], [ -112.2794252, 33.3899264 ], [ -112.2805742, 33.3896082 ], [ -112.2806274, 33.391963 ], [ -112.2810263, 33.3919546 ], [ -112.2810094, 33.3911583 ], [ -112.2847434, 33.3910859 ], [ -112.2847603, 33.3918764 ], [ -112.2887459, 33.3917928 ], [ -112.2887573, 33.3918492 ], [ -112.2887616, 33.3921276 ], [ -112.2887757, 33.3927379 ], [ -112.2887936, 33.3933888 ], [ -112.2888054, 33.3938514 ], [ -112.2888257, 33.3946516 ], [ -112.2888359, 33.3950519 ], [ -112.2888443, 33.3953817 ], [ -112.2888484, 33.3955417 ], [ -112.2848466, 33.3955874 ], [ -112.2806182, 33.3956416 ], [ -112.2795037, 33.3956523 ], [ -112.2795017, 33.3955286 ], [ -112.2789193, 33.3955204 ], [ -112.2782623, 33.3955112 ], [ -112.2774081, 33.3954991 ], [ -112.277408, 33.3954738 ], [ -112.2763567, 33.3954869 ], [ -112.2757625, 33.3954914 ], [ -112.2742892, 33.3955101 ], [ -112.2735928, 33.3955194 ], [ -112.2735945, 33.3957269 ], [ -112.2722611, 33.3957433 ], [ -112.2722896, 33.3991661 ], [ -112.2806799, 33.3991346 ], [ -112.2849033, 33.3991186 ], [ -112.2889349, 33.3990997 ], [ -112.2889374, 33.3995154 ] ], [ [ -112.2846698, 33.4062796 ], [ -112.2836867, 33.4062844 ], [ -112.2836722, 33.4054599 ], [ -112.2846553, 33.4054551 ], [ -112.2846698, 33.4062796 ] ], [ [ -112.2125131, 33.4192721 ], [ -112.2124963, 33.4207668 ], [ -112.2124712, 33.4229911 ], [ -112.2042789, 33.4229154 ], [ -112.2042747, 33.4227146 ], [ -112.2041055, 33.4225703 ], [ -112.2041291, 33.4196656 ], [ -112.2083111, 33.4196963 ], [ -112.2083154, 33.4192414 ], [ -112.2125131, 33.4192721 ] ], [ [ -112.1866711, 33.4367496 ], [ -112.1866711, 33.4367559 ], [ -112.1865694, 33.4367548 ], [ -112.1864792, 33.4367977 ], [ -112.1863232, 33.4368719 ], [ -112.1779014, 33.4367459 ], [ -112.1779014, 33.4367392 ], [ -112.1779028, 33.435341 ], [ -112.1779085, 33.4298741 ], [ -112.1779037, 33.429874 ], [ -112.1744772, 33.4298213 ], [ -112.1707811, 33.4297642 ], [ -112.1696622, 33.4297469 ], [ -112.1696687, 33.4295317 ], [ -112.1736314, 33.4295899 ], [ -112.1762377, 33.4296282 ], [ -112.1768407, 33.429637 ], [ -112.1778431, 33.4296517 ], [ -112.18664, 33.4297803 ], [ -112.1866473, 33.4297804 ], [ -112.186663, 33.4343717 ], [ -112.1866667, 33.4354614 ], [ -112.1866679, 33.435798 ], [ -112.1866711, 33.4367496 ] ], [ [ -112.1805003, 33.3701946 ], [ -112.1804924, 33.3773881 ], [ -112.1776225, 33.3774079 ], [ -112.1776272, 33.3702172 ], [ -112.1704048, 33.3702535 ], [ -112.1694317, 33.3702502 ], [ -112.1694312, 33.3702401 ], [ -112.1693477, 33.3701795 ], [ -112.1692483, 33.3701354 ], [ -112.1692501, 33.366604 ], [ -112.1734943, 33.3665927 ], [ -112.1734833, 33.3701257 ], [ -112.1733839, 33.370126 ], [ -112.1733842, 33.3702213 ], [ -112.1775601, 33.3702087 ], [ -112.1775629, 33.3701064 ], [ -112.1777634, 33.3701058 ], [ -112.1777665, 33.370212 ], [ -112.1805003, 33.3701946 ] ], [ [ -112.1776875, 33.3556787 ], [ -112.1776774, 33.3574923 ], [ -112.1776721, 33.3592769 ], [ -112.1776666, 33.3611307 ], [ -112.1776371, 33.3630211 ], [ -112.1734984, 33.3630293 ], [ -112.1734504, 33.3630295 ], [ -112.1733623, 33.3630294 ], [ -112.1733619, 33.3630984 ], [ -112.1711057, 33.3631089 ], [ -112.1711037, 33.3628215 ], [ -112.1700638, 33.3628247 ], [ -112.1700628, 33.362811 ], [ -112.1696269, 33.3628124 ], [ -112.1694477, 33.3626619 ], [ -112.1694542, 33.3611993 ], [ -112.1692783, 33.361198 ], [ -112.1692809, 33.3603081 ], [ -112.1689209, 33.3603092 ], [ -112.1689121, 33.3611988 ], [ -112.1689152, 33.3611989 ], [ -112.1689107, 33.361807 ], [ -112.1689595, 33.361807 ], [ -112.1689577, 33.3621101 ], [ -112.1689087, 33.3621099 ], [ -112.1689068, 33.3624564 ], [ -112.1689788, 33.3624566 ], [ -112.1689791, 33.3628037 ], [ -112.168403, 33.3628049 ], [ -112.168403, 33.3628645 ], [ -112.166981, 33.3628658 ], [ -112.1669732, 33.3630497 ], [ -112.1660547, 33.3630506 ], [ -112.1647503, 33.3630518 ], [ -112.1626447, 33.3630538 ], [ -112.1626441, 33.3638783 ], [ -112.1626435, 33.3648792 ], [ -112.1626429, 33.3656874 ], [ -112.1626423, 33.3665939 ], [ -112.1626423, 33.3666052 ], [ -112.1616924, 33.3666063 ], [ -112.1605075, 33.3666115 ], [ -112.1562277, 33.3666155 ], [ -112.1562294, 33.3686253 ], [ -112.1562321, 33.3702579 ], [ -112.1521016, 33.3702629 ], [ -112.1520651, 33.370263 ], [ -112.1518478, 33.3702632 ], [ -112.1518231, 33.3630657 ], [ -112.1518253, 33.3628821 ], [ -112.1562181, 33.3628788 ], [ -112.1605054, 33.3628744 ], [ -112.1605057, 33.3626499 ], [ -112.1605078, 33.3610988 ], [ -112.1605096, 33.3596819 ], [ -112.1605101, 33.3593015 ], [ -112.1605124, 33.3575042 ], [ -112.1605141, 33.3557088 ], [ -112.1605187, 33.3520443 ], [ -112.1689613, 33.3520117 ], [ -112.1689606, 33.3521922 ], [ -112.1689519, 33.3557012 ], [ -112.1693098, 33.3557009 ], [ -112.169311, 33.355566 ], [ -112.1693935, 33.3556734 ], [ -112.1734028, 33.3556628 ], [ -112.1734024, 33.3556903 ], [ -112.1776875, 33.3556787 ] ], [ [ -112.1689524, 33.3636208 ], [ -112.1689507, 33.3640918 ], [ -112.166981, 33.3640935 ], [ -112.1669823, 33.3631246 ], [ -112.1675228, 33.363119 ], [ -112.1675234, 33.3630915 ], [ -112.1679667, 33.363091 ], [ -112.167966, 33.363119 ], [ -112.1689048, 33.3631184 ], [ -112.1689024, 33.3636211 ], [ -112.1689524, 33.3636208 ] ], [ [ -112.1685034, 33.4076892 ], [ -112.1685021, 33.4078011 ], [ -112.1595619, 33.4072397 ], [ -112.1591238, 33.4072124 ], [ -112.1509158, 33.4067003 ], [ -112.1424257, 33.4067335 ], [ -112.1424258, 33.4066879 ], [ -112.1425914, 33.4066513 ], [ -112.1427558, 33.4066112 ], [ -112.1433696, 33.4066088 ], [ -112.1433702, 33.4064402 ], [ -112.1435699, 33.406377 ], [ -112.1437678, 33.40631 ], [ -112.1439638, 33.4062392 ], [ -112.1495386, 33.4041335 ], [ -112.1497603, 33.4040529 ], [ -112.1499845, 33.4039771 ], [ -112.1502109, 33.4039062 ], [ -112.1504394, 33.4038403 ], [ -112.1506699, 33.4037794 ], [ -112.1509022, 33.4037235 ], [ -112.1510843, 33.4036854 ], [ -112.1512677, 33.4036523 ], [ -112.1514523, 33.4036242 ], [ -112.1514736, 33.4036233 ], [ -112.1515775, 33.4036061 ], [ -112.1515805, 33.4036196 ], [ -112.1517251, 33.4035953 ], [ -112.1517901, 33.4035692 ], [ -112.1520434, 33.4035365 ], [ -112.1522977, 33.4035097 ], [ -112.1525527, 33.4034889 ], [ -112.1528084, 33.4034742 ], [ -112.1530645, 33.4034655 ], [ -112.1533207, 33.4034628 ], [ -112.1615914, 33.4034737 ], [ -112.1615913, 33.4035286 ], [ -112.1619517, 33.4035292 ], [ -112.1619518, 33.4034749 ], [ -112.1620407, 33.403475 ], [ -112.1620406, 33.4035135 ], [ -112.1620832, 33.4035135 ], [ -112.1620833, 33.4034749 ], [ -112.16638, 33.4034802 ], [ -112.167363, 33.4034955 ], [ -112.1679855, 33.4034963 ], [ -112.16812, 33.4034964 ], [ -112.1681425, 33.4036644 ], [ -112.167478, 33.4037264 ], [ -112.1675636, 33.4043716 ], [ -112.1680653, 33.4043249 ], [ -112.1683927, 33.4068226 ], [ -112.1684739, 33.4074417 ], [ -112.1685034, 33.4076892 ] ], [ [ -112.1681492, 33.4001888 ], [ -112.167674, 33.4001259 ], [ -112.1677861, 33.4009707 ], [ -112.1677671, 33.400968 ], [ -112.1678431, 33.4015417 ], [ -112.1678614, 33.4015443 ], [ -112.1680687, 33.4031091 ], [ -112.1679632, 33.4031089 ], [ -112.1678548, 33.4031087 ], [ -112.1678549, 33.403095 ], [ -112.1677019, 33.4030947 ], [ -112.1676304, 33.4031111 ], [ -112.1673701, 33.4031117 ], [ -112.1663871, 33.4031237 ], [ -112.1643032, 33.4031178 ], [ -112.1643033, 33.4030683 ], [ -112.163941, 33.4030718 ], [ -112.1639401, 33.4031213 ], [ -112.1620898, 33.4031183 ], [ -112.1620899, 33.4030798 ], [ -112.1620473, 33.4030798 ], [ -112.1620472, 33.4031182 ], [ -112.1619857, 33.4031181 ], [ -112.1619268, 33.4030686 ], [ -112.1616839, 33.4030682 ], [ -112.161684, 33.4030132 ], [ -112.1614519, 33.4030128 ], [ -112.1611736, 33.4031003 ], [ -112.1601902, 33.4030987 ], [ -112.1593054, 33.4031139 ], [ -112.1533214, 33.4031055 ], [ -112.15306, 33.4031082 ], [ -112.1527987, 33.4031168 ], [ -112.1525378, 33.4031313 ], [ -112.1522774, 33.4031518 ], [ -112.1522707, 33.4030994 ], [ -112.1520916, 33.4031171 ], [ -112.1519129, 33.4031374 ], [ -112.151922, 33.4031895 ], [ -112.1516676, 33.4032239 ], [ -112.1514141, 33.4032633 ], [ -112.1511619, 33.4033079 ], [ -112.1510843, 33.4032561 ], [ -112.1510822, 33.4029504 ], [ -112.1510102, 33.4029505 ], [ -112.1507564, 33.4029488 ], [ -112.1505748, 33.4029518 ], [ -112.1507217, 33.4030334 ], [ -112.1507217, 33.4033521 ], [ -112.1506764, 33.4034025 ], [ -112.1505972, 33.4034243 ], [ -112.1505173, 33.4034442 ], [ -112.150455, 33.4034526 ], [ -112.1503508, 33.4034803 ], [ -112.1503477, 33.4034725 ], [ -112.1502072, 33.4035116 ], [ -112.1501438, 33.4035473 ], [ -112.1498807, 33.4036278 ], [ -112.1496205, 33.4037148 ], [ -112.1493634, 33.403808 ], [ -112.1437854, 33.4059112 ], [ -112.1435648, 33.4059927 ], [ -112.1433414, 33.406069 ], [ -112.1431156, 33.4061399 ], [ -112.1428875, 33.4062054 ], [ -112.1426572, 33.4062654 ], [ -112.142425, 33.4063199 ], [ -112.1424225, 33.4048621 ], [ -112.1424193, 33.4029453 ], [ -112.1424132, 33.3994171 ], [ -112.1424052, 33.3974529 ], [ -112.1423947, 33.3959598 ], [ -112.142394, 33.3957807 ], [ -112.1423944, 33.3952672 ], [ -112.1423934, 33.3950189 ], [ -112.1423955, 33.3950325 ], [ -112.1423989, 33.3950408 ], [ -112.1424025, 33.3950467 ], [ -112.1424069, 33.3950522 ], [ -112.1424121, 33.3950571 ], [ -112.1424179, 33.3950616 ], [ -112.1424243, 33.3950654 ], [ -112.1424289, 33.3950676 ], [ -112.1424336, 33.3950694 ], [ -112.1424361, 33.3950702 ], [ -112.1424385, 33.3950709 ], [ -112.1424436, 33.3950721 ], [ -112.1424461, 33.3950726 ], [ -112.1424592, 33.3950737 ], [ -112.142762, 33.3950728 ], [ -112.1427611, 33.3945632 ], [ -112.1423938, 33.3945622 ], [ -112.1423905, 33.3943087 ], [ -112.1423898, 33.3941031 ], [ -112.1423886, 33.3938595 ], [ -112.1423878, 33.3936611 ], [ -112.1423868, 33.3934055 ], [ -112.1423849, 33.3929475 ], [ -112.1423838, 33.3926993 ], [ -112.1423822, 33.3922871 ], [ -112.1423879, 33.3918583 ], [ -112.1423973, 33.3911614 ], [ -112.1423938, 33.3911052 ], [ -112.1424457, 33.3911073 ], [ -112.1424784, 33.3911076 ], [ -112.1424947, 33.3911077 ], [ -112.1425273, 33.3911079 ], [ -112.1425926, 33.3911079 ], [ -112.1426579, 33.3911075 ], [ -112.1427231, 33.3911068 ], [ -112.1427884, 33.3911056 ], [ -112.1428536, 33.391104 ], [ -112.1429189, 33.391102 ], [ -112.1429678, 33.3911003 ], [ -112.1430167, 33.3910983 ], [ -112.1430656, 33.3910961 ], [ -112.1431144, 33.3910937 ], [ -112.1431633, 33.391091 ], [ -112.1432284, 33.3910871 ], [ -112.1432934, 33.3910829 ], [ -112.1433585, 33.3910782 ], [ -112.1434235, 33.3910731 ], [ -112.1434884, 33.3910676 ], [ -112.1435695, 33.3910602 ], [ -112.1436505, 33.3910521 ], [ -112.1437477, 33.3910417 ], [ -112.1438446, 33.3910303 ], [ -112.1439247, 33.3910208 ], [ -112.1439887, 33.3910127 ], [ -112.1440366, 33.3910062 ], [ -112.1440854, 33.3909993 ], [ -112.1441322, 33.3909924 ], [ -112.1441958, 33.3909826 ], [ -112.1442593, 33.3909722 ], [ -112.1443227, 33.3909613 ], [ -112.1443701, 33.3909528 ], [ -112.1444333, 33.390941 ], [ -112.1444963, 33.3909287 ], [ -112.1445397, 33.3909199 ], [ -112.1446219, 33.3909026 ], [ -112.1446532, 33.3908957 ], [ -112.1447, 33.3908852 ], [ -112.1447156, 33.3908816 ], [ -112.1447682, 33.39087 ], [ -112.1447697, 33.3909278 ], [ -112.1448037, 33.3909276 ], [ -112.1464913, 33.3909186 ], [ -112.1464997, 33.3918901 ], [ -112.1464936, 33.3922193 ], [ -112.150644, 33.3922001 ], [ -112.1507259, 33.3922685 ], [ -112.1507223, 33.3940178 ], [ -112.1510326, 33.3940173 ], [ -112.1510821, 33.3939664 ], [ -112.1510863, 33.3922261 ], [ -112.1511188, 33.3921985 ], [ -112.1535485, 33.3921916 ], [ -112.153548, 33.392604 ], [ -112.1530729, 33.3926054 ], [ -112.1530717, 33.3956804 ], [ -112.154148, 33.3956774 ], [ -112.1541494, 33.3919588 ], [ -112.1573844, 33.3919478 ], [ -112.1573859, 33.3938971 ], [ -112.1573873, 33.3956681 ], [ -112.1584702, 33.395665 ], [ -112.158467, 33.3938928 ], [ -112.1584636, 33.3919429 ], [ -112.1595504, 33.3919324 ], [ -112.159555, 33.3907601 ], [ -112.159557, 33.390246 ], [ -112.1606374, 33.3902429 ], [ -112.1606335, 33.3919292 ], [ -112.1617167, 33.391926 ], [ -112.1617168, 33.3918102 ], [ -112.1646282, 33.3918017 ], [ -112.1646299, 33.3919775 ], [ -112.1646309, 33.3922141 ], [ -112.1655246, 33.3922115 ], [ -112.1660327, 33.3922099 ], [ -112.1660345, 33.3929465 ], [ -112.1660419, 33.3960461 ], [ -112.1667308, 33.3957718 ], [ -112.1680727, 33.3957107 ], [ -112.1680729, 33.3957794 ], [ -112.1680778, 33.3974336 ], [ -112.1680831, 33.3992747 ], [ -112.1680341, 33.3992749 ], [ -112.1681492, 33.4001888 ] ], [ [ -112.168059, 33.3820397 ], [ -112.1667208, 33.3820427 ], [ -112.166727, 33.38115 ], [ -112.1680557, 33.3811438 ], [ -112.1680586, 33.3819339 ], [ -112.168059, 33.3820397 ] ], [ [ -112.1648603, 33.3483919 ], [ -112.1635193, 33.3483915 ], [ -112.163519, 33.3483914 ], [ -112.1634414, 33.3483914 ], [ -112.1605394, 33.3483899 ], [ -112.1599044, 33.3483957 ], [ -112.159868, 33.3458218 ], [ -112.1598541, 33.3445393 ], [ -112.1605365, 33.3445305 ], [ -112.1637746, 33.3445176 ], [ -112.1637748, 33.3445176 ], [ -112.1637771, 33.3479945 ], [ -112.1641691, 33.3479941 ], [ -112.164205, 33.3479239 ], [ -112.1642857, 33.3477658 ], [ -112.1643162, 33.3477088 ], [ -112.1643326, 33.3476801 ], [ -112.1643495, 33.3476518 ], [ -112.1643852, 33.3475958 ], [ -112.164404, 33.3475682 ], [ -112.1644232, 33.3475409 ], [ -112.1644431, 33.3475139 ], [ -112.1644635, 33.3474872 ], [ -112.1644845, 33.3474607 ], [ -112.164506, 33.3474346 ], [ -112.164528, 33.3474088 ], [ -112.1645506, 33.3473834 ], [ -112.1645737, 33.3473582 ], [ -112.1645974, 33.3473335 ], [ -112.1646215, 33.347309 ], [ -112.1646461, 33.3472849 ], [ -112.1646969, 33.3472379 ], [ -112.164723, 33.3472149 ], [ -112.1647496, 33.3471923 ], [ -112.1648042, 33.3471484 ], [ -112.1648593, 33.3471069 ], [ -112.1648603, 33.3483919 ] ], [ [ -112.1553377, 33.377687 ], [ -112.1553272, 33.379044 ], [ -112.1545898, 33.3790476 ], [ -112.1546046, 33.3776925 ], [ -112.1553377, 33.377687 ] ], [ [ -112.1421538, 33.388464 ], [ -112.1421531, 33.3885054 ], [ -112.1421531, 33.3888207 ], [ -112.1421497, 33.3890029 ], [ -112.1421446, 33.3892818 ], [ -112.1421362, 33.3897362 ], [ -112.1421303, 33.3900588 ], [ -112.1421281, 33.3901778 ], [ -112.1421322, 33.3902685 ], [ -112.1401004, 33.3902771 ], [ -112.1400998, 33.3902771 ], [ -112.1401023, 33.3900775 ], [ -112.1401066, 33.3897438 ], [ -112.140116, 33.3890099 ], [ -112.1401229, 33.3884708 ], [ -112.1421538, 33.388464 ] ], [ [ -112.1404726, 33.3631181 ], [ -112.13694, 33.3631285 ], [ -112.1369352, 33.3590399 ], [ -112.1349007, 33.3590253 ], [ -112.1348999, 33.360374 ], [ -112.1348262, 33.3603966 ], [ -112.1347737, 33.3604038 ], [ -112.1346871, 33.3604034 ], [ -112.1346843, 33.3594195 ], [ -112.1305045, 33.3594285 ], [ -112.1304638, 33.3721206 ], [ -112.1261685, 33.3721489 ], [ -112.1261683, 33.3739562 ], [ -112.1304708, 33.373948 ], [ -112.130459, 33.3761199 ], [ -112.1315318, 33.3761159 ], [ -112.131533, 33.3774671 ], [ -112.1218119, 33.377496 ], [ -112.1218123, 33.377524 ], [ -112.1188915, 33.3775321 ], [ -112.1188882, 33.376795 ], [ -112.1176338, 33.3768039 ], [ -112.1176405, 33.3753801 ], [ -112.1175236, 33.3753793 ], [ -112.1174018, 33.3753784 ], [ -112.117509, 33.3632096 ], [ -112.1176386, 33.3632089 ], [ -112.1255366, 33.3631669 ], [ -112.1255356, 33.361842 ], [ -112.1262168, 33.3618392 ], [ -112.1262184, 33.3594486 ], [ -112.123271, 33.3594614 ], [ -112.123271, 33.3594371 ], [ -112.1217524, 33.3594858 ], [ -112.1216655, 33.359492 ], [ -112.1215768, 33.3595032 ], [ -112.1214823, 33.3595208 ], [ -112.1213895, 33.3595438 ], [ -112.1212988, 33.3595721 ], [ -112.1212544, 33.3595883 ], [ -112.1211601, 33.3596281 ], [ -112.1208994, 33.3597682 ], [ -112.120709, 33.359874 ], [ -112.1203123, 33.3600944 ], [ -112.1198913, 33.3603282 ], [ -112.1195488, 33.3605185 ], [ -112.1191381, 33.3607467 ], [ -112.1185757, 33.3610591 ], [ -112.1183993, 33.3611485 ], [ -112.1182091, 33.3612315 ], [ -112.11793, 33.3613309 ], [ -112.1176399, 33.3614086 ], [ -112.1176394, 33.3630235 ], [ -112.1175042, 33.3630238 ], [ -112.1175058, 33.3558477 ], [ -112.1175082, 33.3485915 ], [ -112.1176744, 33.348591 ], [ -112.117691, 33.3449952 ], [ -112.1178219, 33.3449956 ], [ -112.1178261, 33.3440857 ], [ -112.1178303, 33.3431748 ], [ -112.1178344, 33.3422713 ], [ -112.1178386, 33.341367 ], [ -112.1184888, 33.3413579 ], [ -112.1194994, 33.3413439 ], [ -112.1199888, 33.3413371 ], [ -112.1201556, 33.3413348 ], [ -112.1208143, 33.3413256 ], [ -112.1210691, 33.341322 ], [ -112.1221332, 33.3413072 ], [ -112.1221308, 33.3431199 ], [ -112.1221303, 33.3434802 ], [ -112.1221296, 33.3440337 ], [ -112.1221284, 33.3449403 ], [ -112.1226662, 33.3449358 ], [ -112.1226845, 33.3449357 ], [ -112.123207, 33.3449313 ], [ -112.1235138, 33.3449287 ], [ -112.1241922, 33.3449231 ], [ -112.1242821, 33.3449223 ], [ -112.1242814, 33.3460867 ], [ -112.124281, 33.3467437 ], [ -112.1244828, 33.346742 ], [ -112.1255562, 33.3467329 ], [ -112.1255562, 33.3473183 ], [ -112.1255562, 33.347901 ], [ -112.125556, 33.3484816 ], [ -112.1255562, 33.3485662 ], [ -112.1263984, 33.3485691 ], [ -112.1264387, 33.3485628 ], [ -112.1267565, 33.348562 ], [ -112.1307672, 33.3485516 ], [ -112.1349077, 33.348552 ], [ -112.1348976, 33.3503575 ], [ -112.1348965, 33.3512631 ], [ -112.1348955, 33.3521695 ], [ -112.1348946, 33.352929 ], [ -112.1348935, 33.3539481 ], [ -112.1348926, 33.35471 ], [ -112.1348975, 33.3557972 ], [ -112.1326485, 33.3558028 ], [ -112.1326497, 33.3567137 ], [ -112.134892, 33.3567058 ], [ -112.1348968, 33.3567058 ], [ -112.1348992, 33.3587213 ], [ -112.1385752, 33.3587485 ], [ -112.1386647, 33.3587479 ], [ -112.1387282, 33.3587456 ], [ -112.1388221, 33.3587316 ], [ -112.1388827, 33.3587155 ], [ -112.1389219, 33.3587019 ], [ -112.1389873, 33.3586726 ], [ -112.1390236, 33.358649 ], [ -112.1390795, 33.3586219 ], [ -112.1390681, 33.3589689 ], [ -112.139079, 33.3594062 ], [ -112.1404664, 33.3594078 ], [ -112.1404726, 33.3631181 ] ], [ [ -112.1380907, 33.3793588 ], [ -112.138079, 33.380263 ], [ -112.1380293, 33.3839759 ], [ -112.1339012, 33.3839879 ], [ -112.1339036, 33.3838058 ], [ -112.1338689, 33.3837715 ], [ -112.1338784, 33.3830838 ], [ -112.1339008, 33.383084 ], [ -112.1339127, 33.3821775 ], [ -112.1358921, 33.3821674 ], [ -112.1359116, 33.3811853 ], [ -112.1339281, 33.381206 ], [ -112.1339397, 33.380351 ], [ -112.1339891, 33.3803521 ], [ -112.1339905, 33.3802116 ], [ -112.1339422, 33.3802116 ], [ -112.1339534, 33.3793655 ], [ -112.1380907, 33.3793588 ] ], [ [ -112.1380064, 33.3862335 ], [ -112.1379876, 33.3871316 ], [ -112.1338463, 33.3871495 ], [ -112.1338597, 33.3862492 ], [ -112.1380064, 33.3862335 ] ], [ [ -112.13356, 33.4058275 ], [ -112.1334762, 33.4058261 ], [ -112.1334792, 33.4064725 ], [ -112.1323818, 33.4064769 ], [ -112.1323817, 33.4064682 ], [ -112.1320727, 33.4064701 ], [ -112.1320724, 33.4064636 ], [ -112.1318511, 33.4064654 ], [ -112.1318514, 33.4064734 ], [ -112.1306732, 33.4064827 ], [ -112.1294885, 33.4064874 ], [ -112.1294885, 33.4064805 ], [ -112.1293628, 33.406481 ], [ -112.1293512, 33.4038665 ], [ -112.12868, 33.4041565 ], [ -112.1285781, 33.4042005 ], [ -112.1285415, 33.4042153 ], [ -112.128449, 33.4042492 ], [ -112.128383, 33.4042741 ], [ -112.1282646, 33.4043175 ], [ -112.1280815, 33.4044003 ], [ -112.1280376, 33.4044205 ], [ -112.1279411, 33.4044633 ], [ -112.1267027, 33.4050231 ], [ -112.1254612, 33.4053101 ], [ -112.1253866, 33.4052416 ], [ -112.1250268, 33.4053214 ], [ -112.1250269, 33.4054266 ], [ -112.1248988, 33.40543 ], [ -112.1248622, 33.4054373 ], [ -112.1247687, 33.405458 ], [ -112.1247144, 33.4054698 ], [ -112.1246537, 33.4054815 ], [ -112.1246205, 33.4054865 ], [ -112.1245695, 33.4054916 ], [ -112.124534, 33.4054935 ], [ -112.1244834, 33.4054947 ], [ -112.124424, 33.4054938 ], [ -112.1243221, 33.4054885 ], [ -112.1242047, 33.4054823 ], [ -112.1240981, 33.405477 ], [ -112.1239999, 33.4054726 ], [ -112.1239697, 33.4054717 ], [ -112.1239137, 33.405472 ], [ -112.1238678, 33.4054728 ], [ -112.123791, 33.4054762 ], [ -112.1236576, 33.4054891 ], [ -112.1235362, 33.4055075 ], [ -112.1235184, 33.4055109 ], [ -112.1234608, 33.4055227 ], [ -112.1233934, 33.4055387 ], [ -112.1233632, 33.405546 ], [ -112.1233148, 33.4055596 ], [ -112.1232801, 33.4055708 ], [ -112.1232308, 33.4055853 ], [ -112.1231503, 33.4056105 ], [ -112.1230876, 33.4056298 ], [ -112.1230403, 33.4056447 ], [ -112.1229944, 33.4056576 ], [ -112.1229568, 33.4056676 ], [ -112.1229109, 33.4056788 ], [ -112.1228221, 33.405699 ], [ -112.1227805, 33.405706 ], [ -112.1227064, 33.4057183 ], [ -112.1226574, 33.4057253 ], [ -112.122644, 33.4057258 ], [ -112.1225126, 33.4057387 ], [ -112.1224422, 33.4057502 ], [ -112.1223805, 33.4057634 ], [ -112.1223218, 33.4057801 ], [ -112.1222752, 33.4057961 ], [ -112.1222283, 33.4058146 ], [ -112.1221901, 33.4058314 ], [ -112.1221478, 33.4058529 ], [ -112.1221039, 33.4058792 ], [ -112.1220734, 33.4058974 ], [ -112.12201, 33.4059422 ], [ -112.1218189, 33.4060746 ], [ -112.1217307, 33.4061364 ], [ -112.1211635, 33.4065311 ], [ -112.1208382, 33.4065329 ], [ -112.1210314, 33.4063875 ], [ -112.1213217, 33.4061681 ], [ -112.1215564, 33.4060069 ], [ -112.121951, 33.4057362 ], [ -112.1215718, 33.4056005 ], [ -112.1211675, 33.4054538 ], [ -112.1210153, 33.4053989 ], [ -112.1208768, 33.4053404 ], [ -112.1207303, 33.4052783 ], [ -112.1205828, 33.4052159 ], [ -112.1204322, 33.4051524 ], [ -112.1201553, 33.4050345 ], [ -112.1200239, 33.404978 ], [ -112.119992, 33.404964 ], [ -112.1199105, 33.4049262 ], [ -112.1197278, 33.4048422 ], [ -112.1196054, 33.4048774 ], [ -112.1196044, 33.4065659 ], [ -112.1176474, 33.406575 ], [ -112.1176471, 33.4066023 ], [ -112.1175063, 33.4066033 ], [ -112.1175066, 33.4065759 ], [ -112.1167021, 33.4065799 ], [ -112.1165537, 33.4065806 ], [ -112.1164684, 33.4065092 ], [ -112.1164733, 33.3994714 ], [ -112.1166851, 33.3994704 ], [ -112.129304, 33.399412 ], [ -112.1294031, 33.3994114 ], [ -112.133349, 33.3993933 ], [ -112.1333508, 33.39946 ], [ -112.1308364, 33.3994727 ], [ -112.1308508, 33.4030672 ], [ -112.1310106, 33.4029974 ], [ -112.1316388, 33.4027892 ], [ -112.1320312, 33.4026859 ], [ -112.1325146, 33.4025575 ], [ -112.1327034, 33.4025276 ], [ -112.1335377, 33.4023906 ], [ -112.13356, 33.4058275 ] ], [ [ -112.1334224, 33.3915536 ], [ -112.1334167, 33.3919659 ], [ -112.13303, 33.3919687 ], [ -112.1330301, 33.3919646 ], [ -112.1330357, 33.3915563 ], [ -112.133233, 33.3915549 ], [ -112.1332404, 33.3915549 ], [ -112.1334175, 33.3915536 ], [ -112.1334224, 33.3915536 ] ], [ [ -112.1301629, 33.4067728 ], [ -112.1293654, 33.4067777 ], [ -112.1277419, 33.4067876 ], [ -112.1272, 33.406791 ], [ -112.1271989, 33.4067726 ], [ -112.1293628, 33.406763 ], [ -112.1293628, 33.4067594 ], [ -112.1301619, 33.406755 ], [ -112.1301619, 33.4067586 ], [ -112.1301629, 33.4067728 ] ], [ [ -112.1215573, 33.3928646 ], [ -112.1206855, 33.3928666 ], [ -112.1206855, 33.3928632 ], [ -112.1206836, 33.3922839 ], [ -112.1215513, 33.3922819 ], [ -112.1215554, 33.3922819 ], [ -112.1215573, 33.3928646 ] ], [ [ -112.1207441, 33.3849483 ], [ -112.1207394, 33.3858482 ], [ -112.1165266, 33.385866 ], [ -112.1165099, 33.3885856 ], [ -112.1207176, 33.3885696 ], [ -112.1206881, 33.3920132 ], [ -112.1167364, 33.3920283 ], [ -112.1165548, 33.391878 ], [ -112.1163823, 33.3918814 ], [ -112.1162473, 33.391884 ], [ -112.1163383, 33.3790798 ], [ -112.1164571, 33.3790773 ], [ -112.1166483, 33.3790732 ], [ -112.1166376, 33.3808096 ], [ -112.118046, 33.3808037 ], [ -112.1180419, 33.3813323 ], [ -112.1184179, 33.381332 ], [ -112.1184161, 33.3817565 ], [ -112.1185077, 33.3817557 ], [ -112.1185041, 33.3822431 ], [ -112.1165526, 33.3822434 ], [ -112.1165417, 33.3838072 ], [ -112.1180206, 33.3838023 ], [ -112.1180219, 33.3840482 ], [ -112.1165393, 33.3840549 ], [ -112.1165326, 33.3849592 ], [ -112.1207441, 33.3849483 ] ], [ [ -112.1193348, 33.3778583 ], [ -112.1193253, 33.3786119 ], [ -112.1166531, 33.3786167 ], [ -112.1166556, 33.3780171 ], [ -112.1168377, 33.3778648 ], [ -112.1193348, 33.3778583 ] ], [ [ -112.1179951, 33.4068362 ], [ -112.1177451, 33.4068366 ], [ -112.1177447, 33.4068167 ], [ -112.1179941, 33.4068158 ], [ -112.1179951, 33.4068362 ] ], [ [ -112.099919, 33.7201035 ], [ -112.0997974, 33.7201047 ], [ -112.0998092, 33.7219559 ], [ -112.0998197, 33.7236066 ], [ -112.0998231, 33.7241427 ], [ -112.0998249, 33.7244203 ], [ -112.0998252, 33.7244746 ], [ -112.0998263, 33.7246477 ], [ -112.0998212, 33.7247396 ], [ -112.0998188, 33.7247831 ], [ -112.0998176, 33.7248047 ], [ -112.0998126, 33.7248466 ], [ -112.0997924, 33.7250156 ], [ -112.0997867, 33.7250636 ], [ -112.0997721, 33.7251273 ], [ -112.0996683, 33.7255809 ], [ -112.0949732, 33.7256254 ], [ -112.0899741, 33.7256728 ], [ -112.0896003, 33.7256699 ], [ -112.0895958, 33.7255553 ], [ -112.089097, 33.7255415 ], [ -112.0890179, 33.7254324 ], [ -112.088502, 33.7254381 ], [ -112.0885114, 33.7256804 ], [ -112.0852467, 33.72572 ], [ -112.085235, 33.7253416 ], [ -112.0831182, 33.7253627 ], [ -112.0830581, 33.7253633 ], [ -112.0830681, 33.7257187 ], [ -112.0830688, 33.7257416 ], [ -112.0822231, 33.7257453 ], [ -112.0755714, 33.725766 ], [ -112.075567, 33.7256314 ], [ -112.0752253, 33.7255609 ], [ -112.0744972, 33.7256038 ], [ -112.0745005, 33.7257699 ], [ -112.0658888, 33.7258694 ], [ -112.0658198, 33.722975 ], [ -112.0657948, 33.7210636 ], [ -112.0657818, 33.7200735 ], [ -112.0829131, 33.7202571 ], [ -112.0828808, 33.7195076 ], [ -112.0828672, 33.7191929 ], [ -112.0828602, 33.7190298 ], [ -112.0826688, 33.7145869 ], [ -112.082608, 33.7131733 ], [ -112.0831256, 33.7131682 ], [ -112.0837049, 33.7131626 ], [ -112.0836906, 33.7131113 ], [ -112.08696, 33.7130937 ], [ -112.08696, 33.7130895 ], [ -112.0880438, 33.7130787 ], [ -112.0880431, 33.7130594 ], [ -112.0881474, 33.7130584 ], [ -112.0881654, 33.7130582 ], [ -112.0886891, 33.713053 ], [ -112.0891276, 33.7130486 ], [ -112.0891646, 33.7140144 ], [ -112.089195, 33.7148086 ], [ -112.0892628, 33.7165781 ], [ -112.0870937, 33.7165998 ], [ -112.0871283, 33.7175032 ], [ -112.0892974, 33.7174838 ], [ -112.0893321, 33.7183888 ], [ -112.0898295, 33.7183843 ], [ -112.0898738, 33.7183839 ], [ -112.0898434, 33.7173662 ], [ -112.0908191, 33.7173614 ], [ -112.0908743, 33.7173611 ], [ -112.0909092, 33.7183746 ], [ -112.0914564, 33.7183697 ], [ -112.0915013, 33.7183693 ], [ -112.0913972, 33.7156524 ], [ -112.0901622, 33.7156637 ], [ -112.0901283, 33.7147768 ], [ -112.0901276, 33.7147586 ], [ -112.0913214, 33.7147473 ], [ -112.0913625, 33.7147469 ], [ -112.0913117, 33.7134197 ], [ -112.0912974, 33.713046 ], [ -112.0918991, 33.713038 ], [ -112.0928428, 33.7130269 ], [ -112.0936976, 33.7130195 ], [ -112.0944242, 33.7130095 ], [ -112.094489, 33.7130086 ], [ -112.0958776, 33.7129877 ], [ -112.0959034, 33.7142438 ], [ -112.096003, 33.7142428 ], [ -112.0960126, 33.7146962 ], [ -112.0982009, 33.7146747 ], [ -112.0982345, 33.7155806 ], [ -112.0997781, 33.7155631 ], [ -112.0997935, 33.7191969 ], [ -112.0999152, 33.7191955 ], [ -112.099919, 33.7201035 ] ], [ [ -112.0997894, 33.7064778 ], [ -112.0986752, 33.706491 ], [ -112.0986731, 33.7073986 ], [ -112.0981962, 33.7074043 ], [ -112.0981941, 33.708312 ], [ -112.0970683, 33.7083256 ], [ -112.0970617, 33.7092335 ], [ -112.0981919, 33.7092208 ], [ -112.0982003, 33.7098529 ], [ -112.0913922, 33.7099302 ], [ -112.0913534, 33.7111055 ], [ -112.0902586, 33.7111179 ], [ -112.0902105, 33.7128371 ], [ -112.0891249, 33.712848 ], [ -112.0869602, 33.7128697 ], [ -112.0869602, 33.7128631 ], [ -112.0869602, 33.7128587 ], [ -112.0847756, 33.7128806 ], [ -112.0847702, 33.7128462 ], [ -112.084233, 33.7128448 ], [ -112.0842154, 33.712893 ], [ -112.0836833, 33.7128983 ], [ -112.083689, 33.7128502 ], [ -112.0827827, 33.7128593 ], [ -112.0827759, 33.7123302 ], [ -112.0827266, 33.7123303 ], [ -112.0827311, 33.711876 ], [ -112.0825986, 33.7118828 ], [ -112.0825877, 33.7075801 ], [ -112.0836921, 33.7075684 ], [ -112.0836891, 33.7093797 ], [ -112.0848002, 33.709368 ], [ -112.0848022, 33.7090052 ], [ -112.0848033, 33.7088238 ], [ -112.0848053, 33.7084609 ], [ -112.0848074, 33.7081001 ], [ -112.0848105, 33.7075566 ], [ -112.084815, 33.7067623 ], [ -112.0848179, 33.7062538 ], [ -112.0848207, 33.7057554 ], [ -112.0881772, 33.7057154 ], [ -112.088176, 33.7075149 ], [ -112.0903624, 33.7074899 ], [ -112.0903102, 33.709316 ], [ -112.0914128, 33.7093048 ], [ -112.0914429, 33.7083934 ], [ -112.0936912, 33.7083663 ], [ -112.0936949, 33.708203 ], [ -112.0937152, 33.7072913 ], [ -112.0937519, 33.7056474 ], [ -112.0959761, 33.7056195 ], [ -112.095965, 33.7065231 ], [ -112.0981984, 33.7064966 ], [ -112.0982006, 33.7055914 ], [ -112.0997855, 33.7055714 ], [ -112.0997894, 33.7064778 ] ], [ [ -112.0824182, 33.7093955 ], [ -112.0805098, 33.7093776 ], [ -112.0805128, 33.7075669 ], [ -112.082414, 33.7075896 ], [ -112.0824182, 33.7093955 ] ], [ [ -112.0766486, 33.700166 ], [ -112.0766236, 33.7020138 ], [ -112.0743231, 33.7020061 ], [ -112.0743467, 33.7001643 ], [ -112.0766486, 33.700166 ] ], [ [ -112.0633323, 33.4825715 ], [ -112.0633256, 33.4872531 ], [ -112.056368, 33.4872433 ], [ -112.0563727, 33.4816744 ], [ -112.061141, 33.4816761 ], [ -112.061137, 33.4825754 ], [ -112.0633323, 33.4825715 ] ], [ [ -112.057324, 33.7126252 ], [ -112.0492828, 33.7126387 ], [ -112.0486526, 33.7126398 ], [ -112.0486421, 33.7096904 ], [ -112.0485325, 33.7096906 ], [ -112.0485248, 33.7074209 ], [ -112.0486328, 33.70742 ], [ -112.0486079, 33.7043566 ], [ -112.048568, 33.6986909 ], [ -112.0571419, 33.6984491 ], [ -112.057324, 33.7126252 ] ], [ [ -112.0334978, 33.7018744 ], [ -112.0313407, 33.7018572 ], [ -112.0313335, 33.7004471 ], [ -112.0334855, 33.7004706 ], [ -112.0334978, 33.7018744 ] ], [ [ -111.9869932, 33.7736679 ], [ -111.9955958, 33.7736357 ], [ -111.9955961, 33.7782509 ], [ -111.9934159, 33.7782605 ], [ -111.9934159, 33.7774359 ], [ -111.9912354, 33.7774455 ], [ -111.9912358, 33.7791776 ], [ -111.9890643, 33.7791848 ], [ -111.9890633, 33.781 ], [ -111.9868904, 33.7810073 ], [ -111.9868909, 33.7774649 ], [ -111.9836298, 33.7774778 ], [ -111.9836298, 33.7773131 ], [ -111.984202, 33.7773115 ], [ -111.9841991, 33.7760423 ], [ -111.9836295, 33.7760423 ], [ -111.9836295, 33.7755955 ], [ -111.9825426, 33.775598 ], [ -111.9825433, 33.7774834 ], [ -111.9781953, 33.7775061 ], [ -111.9781955, 33.7774214 ], [ -111.9792824, 33.7774146 ], [ -111.9792814, 33.7773325 ], [ -111.9803692, 33.7773275 ], [ -111.9803669, 33.7755852 ], [ -111.9792798, 33.7755787 ], [ -111.9792773, 33.774369 ], [ -111.9795844, 33.7738707 ], [ -111.9797064, 33.7737185 ], [ -111.9808267, 33.7719078 ], [ -111.9830847, 33.7719045 ], [ -111.9830522, 33.7719602 ], [ -111.9830895, 33.7719595 ], [ -111.9836476, 33.7710455 ], [ -111.9836107, 33.7710472 ], [ -111.9841817, 33.7701307 ], [ -111.986993, 33.7701202 ], [ -111.9869932, 33.7736679 ] ], [ [ -111.995596, 33.7791574 ], [ -111.9955955, 33.7801311 ], [ -111.9955951, 33.7809737 ], [ -111.9934158, 33.7809818 ], [ -111.9934157, 33.7791673 ], [ -111.995596, 33.7791574 ] ], [ [ -111.9847094, 33.783378 ], [ -111.9843017, 33.783387 ], [ -111.9831568, 33.783391 ], [ -111.9831597, 33.7846569 ], [ -111.9781972, 33.7846762 ], [ -111.9781948, 33.782871 ], [ -111.9771098, 33.7828677 ], [ -111.9771076, 33.7810509 ], [ -111.9825332, 33.7810208 ], [ -111.9825329, 33.7828389 ], [ -111.9847065, 33.7828313 ], [ -111.9847094, 33.783378 ] ], [ [ -111.9784878, 33.3477237 ], [ -111.9784624, 33.3478015 ], [ -111.9784724, 33.3488049 ], [ -111.9764725, 33.3488242 ], [ -111.9764702, 33.3487643 ], [ -111.9761015, 33.3487602 ], [ -111.976099, 33.3491814 ], [ -111.9760021, 33.3491832 ], [ -111.975826, 33.3491852 ], [ -111.9757487, 33.3491861 ], [ -111.9748233, 33.3491965 ], [ -111.9732372, 33.3493545 ], [ -111.9732459, 33.3485197 ], [ -111.9727646, 33.3464729 ], [ -111.9742923, 33.3472932 ], [ -111.9747092, 33.3474369 ], [ -111.9749346, 33.3474691 ], [ -111.9750719, 33.3474695 ], [ -111.9752278, 33.3474701 ], [ -111.9753869, 33.3474465 ], [ -111.9755684, 33.3477473 ], [ -111.9756926, 33.3480404 ], [ -111.975771, 33.3483529 ], [ -111.9757986, 33.3486753 ], [ -111.9758028, 33.3487544 ], [ -111.9759953, 33.3487566 ], [ -111.9759736, 33.3483912 ], [ -111.9759006, 33.3480582 ], [ -111.9757742, 33.3477336 ], [ -111.975593, 33.3474158 ], [ -111.9763657, 33.3472977 ], [ -111.9767301, 33.3472771 ], [ -111.9770395, 33.3472877 ], [ -111.9774259, 33.3473385 ], [ -111.9778158, 33.3474323 ], [ -111.9781705, 33.347563 ], [ -111.9784878, 33.3477237 ] ], [ [ -111.9781955, 33.7774214 ], [ -111.9774745, 33.7774152 ], [ -111.9774975, 33.7773782 ], [ -111.9781924, 33.7762621 ], [ -111.9781955, 33.7774214 ] ], [ [ -111.9781913, 33.7756055 ], [ -111.977059, 33.777427 ], [ -111.977042, 33.777424 ], [ -111.9694599, 33.7774256 ], [ -111.969479, 33.776135 ], [ -111.969469, 33.77534 ], [ -111.969473, 33.775146 ], [ -111.969465, 33.774493 ], [ -111.969464, 33.773968 ], [ -111.969463, 33.772552 ], [ -111.9694536, 33.7719777 ], [ -111.9749136, 33.7719736 ], [ -111.9749133, 33.7702779 ], [ -111.973815, 33.7702704 ], [ -111.973817, 33.7701577 ], [ -111.973062, 33.770157 ], [ -111.97134, 33.770169 ], [ -111.970498, 33.770165 ], [ -111.969425, 33.770163 ], [ -111.9693907, 33.770163 ], [ -111.9690404, 33.770163 ], [ -111.968347, 33.770163 ], [ -111.967388, 33.770164 ], [ -111.966156, 33.770168 ], [ -111.9650931, 33.7701658 ], [ -111.9650903, 33.7647152 ], [ -111.9672721, 33.7647192 ], [ -111.9672687, 33.7665341 ], [ -111.9683118, 33.7665273 ], [ -111.9694518, 33.7665255 ], [ -111.969446, 33.7645323 ], [ -111.969458, 33.762911 ], [ -111.9781764, 33.7628882 ], [ -111.9781846, 33.7702657 ], [ -111.9760019, 33.7702613 ], [ -111.9760075, 33.7719753 ], [ -111.9781802, 33.7719697 ], [ -111.9781913, 33.7756055 ] ], [ [ -111.934918, 33.654407 ], [ -111.934129, 33.654411 ], [ -111.932738, 33.654417 ], [ -111.932738, 33.652938 ], [ -111.934115, 33.652934 ], [ -111.934906, 33.652932 ], [ -111.934918, 33.654407 ] ], [ [ -111.931807, 33.652182 ], [ -111.931807, 33.651721 ], [ -111.931752, 33.651721 ], [ -111.931752, 33.651545 ], [ -111.931752, 33.651489 ], [ -111.932738, 33.651473 ], [ -111.932738, 33.651547 ], [ -111.932738, 33.652183 ], [ -111.931807, 33.652182 ] ], [ [ -111.931807, 33.652182 ], [ -111.931811, 33.652941 ], [ -111.930932, 33.652944 ], [ -111.931036, 33.652762 ], [ -111.931181, 33.652361 ], [ -111.931208, 33.652181 ], [ -111.931807, 33.652182 ] ], [ [ -111.930474, 33.652945 ], [ -111.930337, 33.653183 ], [ -111.930288, 33.653484 ], [ -111.930312, 33.653905 ], [ -111.930264, 33.654286 ], [ -111.930216, 33.654447 ], [ -111.929682, 33.654441 ], [ -111.926498, 33.654407 ], [ -111.926498, 33.65265 ], [ -111.926985, 33.652674 ], [ -111.927007, 33.652608 ], [ -111.927138, 33.65262 ], [ -111.927131, 33.652734 ], [ -111.927363, 33.652734 ], [ -111.927363, 33.652638 ], [ -111.927603, 33.652656 ], [ -111.927595, 33.652849 ], [ -111.927791, 33.652861 ], [ -111.927799, 33.652741 ], [ -111.928764, 33.652789 ], [ -111.92882, 33.651558 ], [ -111.928823, 33.651498 ], [ -111.929439, 33.651498 ], [ -111.929439, 33.651558 ], [ -111.929456, 33.652949 ], [ -111.929951, 33.652947 ], [ -111.930474, 33.652945 ] ] ] ] } },
{ "type": "Feature", "properties": { "Store_Location": "Philadelphia" }, "geometry": { "type": "Polygon", "coordinates": [ [ [ -75.280266, 39.974964 ], [ -75.28023, 39.974888 ], [ -75.280192, 39.974835 ], [ -75.28013, 39.974735 ], [ -75.280085, 39.974624 ], [ -75.280044, 39.97454 ], [ -75.280027, 39.974502 ], [ -75.279955, 39.974424 ], [ -75.279805, 39.97432 ], [ -75.2796, 39.974185 ], [ -75.279465, 39.974122 ], [ -75.279359, 39.974072 ], [ -75.279242, 39.974031 ], [ -75.27917, 39.973986 ], [ -75.279123, 39.973913 ], [ -75.279109, 39.973812 ], [ -75.279081, 39.973691 ], [ -75.279046, 39.973618 ], [ -75.278998, 39.973526 ], [ -75.278971, 39.973446 ], [ -75.278952, 39.973359 ], [ -75.278916, 39.973315 ], [ -75.278859, 39.973247 ], [ -75.27883, 39.973162 ], [ -75.27881, 39.973051 ], [ -75.278795, 39.97295 ], [ -75.278784, 39.972841 ], [ -75.27878, 39.972745 ], [ -75.278777, 39.972692 ], [ -75.278759, 39.972634 ], [ -75.278724, 39.97253 ], [ -75.278697, 39.972414 ], [ -75.278657, 39.972332 ], [ -75.278609, 39.972263 ], [ -75.278537, 39.972185 ], [ -75.278449, 39.972106 ], [ -75.278352, 39.972013 ], [ -75.278297, 39.971928 ], [ -75.278018, 39.971751 ], [ -75.277967, 39.971714 ], [ -75.277886, 39.971693 ], [ -75.277765, 39.971678 ], [ -75.277676, 39.971659 ], [ -75.277641, 39.971643 ], [ -75.277591, 39.971615 ], [ -75.277553, 39.971583 ], [ -75.277529, 39.971555 ], [ -75.277513, 39.971518 ], [ -75.277505, 39.971487 ], [ -75.277503, 39.971452 ], [ -75.277509, 39.971424 ], [ -75.277523, 39.971401 ], [ -75.277551, 39.971386 ], [ -75.277596, 39.971377 ], [ -75.277646, 39.971362 ], [ -75.277688, 39.971345 ], [ -75.277713, 39.971321 ], [ -75.277704, 39.971284 ], [ -75.277687, 39.971247 ], [ -75.277656, 39.971209 ], [ -75.277611, 39.971175 ], [ -75.277576, 39.97115 ], [ -75.27754, 39.971127 ], [ -75.277491, 39.97111 ], [ -75.277421, 39.971097 ], [ -75.277338, 39.971083 ], [ -75.277266, 39.971082 ], [ -75.277198, 39.971082 ], [ -75.277136, 39.971089 ], [ -75.277073, 39.971105 ], [ -75.276896, 39.971175 ], [ -75.276825, 39.971215 ], [ -75.27676, 39.971244 ], [ -75.276689, 39.971253 ], [ -75.276583, 39.971262 ], [ -75.276524, 39.971224 ], [ -75.276485, 39.971178 ], [ -75.276471, 39.971135 ], [ -75.276528, 39.971095 ], [ -75.276587, 39.971056 ], [ -75.276636, 39.971016 ], [ -75.276662, 39.970983 ], [ -75.276674, 39.970945 ], [ -75.276667, 39.970907 ], [ -75.276656, 39.970862 ], [ -75.27664, 39.970828 ], [ -75.276611, 39.970776 ], [ -75.276553, 39.970672 ], [ -75.276508, 39.97059 ], [ -75.276467, 39.97052 ], [ -75.276438, 39.970468 ], [ -75.276411, 39.970416 ], [ -75.27637, 39.970388 ], [ -75.276302, 39.970351 ], [ -75.276277, 39.970342 ], [ -75.276245, 39.97033 ], [ -75.276186, 39.970324 ], [ -75.276005, 39.970312 ], [ -75.275819, 39.97031 ], [ -75.275705, 39.970293 ], [ -75.275652, 39.970259 ], [ -75.275606, 39.970211 ], [ -75.275567, 39.970125 ], [ -75.275494, 39.969929 ], [ -75.275456, 39.969778 ], [ -75.275394, 39.969575 ], [ -75.275362, 39.969503 ], [ -75.27532, 39.969411 ], [ -75.275266, 39.969364 ], [ -75.275197, 39.969325 ], [ -75.275084, 39.969297 ], [ -75.275027, 39.969289 ], [ -75.274889, 39.969287 ], [ -75.274808, 39.969293 ], [ -75.274488, 39.96931 ], [ -75.274326, 39.969316 ], [ -75.27415, 39.969317 ], [ -75.274012, 39.969315 ], [ -75.273912, 39.96931 ], [ -75.27381, 39.969297 ], [ -75.273681, 39.969287 ], [ -75.273569, 39.969278 ], [ -75.273492, 39.969276 ], [ -75.273415, 39.969281 ], [ -75.27328, 39.969294 ], [ -75.273185, 39.969305 ], [ -75.273054, 39.969305 ], [ -75.272957, 39.969293 ], [ -75.272815, 39.969244 ], [ -75.272726, 39.969217 ], [ -75.272625, 39.969178 ], [ -75.272505, 39.969131 ], [ -75.272344, 39.969094 ], [ -75.272196, 39.969047 ], [ -75.272086, 39.969011 ], [ -75.272024, 39.968985 ], [ -75.271985, 39.968944 ], [ -75.271922, 39.968859 ], [ -75.271863, 39.968805 ], [ -75.271802, 39.968756 ], [ -75.271698, 39.968729 ], [ -75.27159, 39.968715 ], [ -75.271491, 39.968709 ], [ -75.271407, 39.968704 ], [ -75.271327, 39.968691 ], [ -75.271241, 39.968663 ], [ -75.271168, 39.968633 ], [ -75.271109, 39.968619 ], [ -75.271043, 39.968609 ], [ -75.270986, 39.968603 ], [ -75.270913, 39.968619 ], [ -75.270838, 39.968644 ], [ -75.270773, 39.968663 ], [ -75.270718, 39.968671 ], [ -75.270651, 39.968675 ], [ -75.270598, 39.96866 ], [ -75.27057, 39.968638 ], [ -75.270522, 39.968602 ], [ -75.270501, 39.968585 ], [ -75.270447, 39.968528 ], [ -75.270422, 39.968479 ], [ -75.270413, 39.968428 ], [ -75.270402, 39.968357 ], [ -75.270388, 39.968322 ], [ -75.270297, 39.968184 ], [ -75.270192, 39.967977 ], [ -75.27014, 39.967872 ], [ -75.270073, 39.967729 ], [ -75.270054, 39.967653 ], [ -75.27003, 39.967552 ], [ -75.270002, 39.967479 ], [ -75.269961, 39.967425 ], [ -75.269919, 39.96738 ], [ -75.269857, 39.967344 ], [ -75.269801, 39.967326 ], [ -75.269741, 39.967315 ], [ -75.26967, 39.967317 ], [ -75.269614, 39.967331 ], [ -75.269548, 39.967355 ], [ -75.269498, 39.967375 ], [ -75.269445, 39.967388 ], [ -75.269357, 39.967402 ], [ -75.269272, 39.967391 ], [ -75.269206, 39.967381 ], [ -75.269157, 39.967374 ], [ -75.269125, 39.967361 ], [ -75.26908, 39.96733 ], [ -75.269044, 39.967285 ], [ -75.269016, 39.967235 ], [ -75.268916, 39.967041 ], [ -75.268846, 39.966946 ], [ -75.268773, 39.96686 ], [ -75.268701, 39.966796 ], [ -75.268568, 39.966691 ], [ -75.268513, 39.966651 ], [ -75.268461, 39.966618 ], [ -75.268393, 39.966589 ], [ -75.268129, 39.966491 ], [ -75.267909, 39.9664 ], [ -75.267818, 39.966359 ], [ -75.267779, 39.966341 ], [ -75.26767, 39.966298 ], [ -75.267598, 39.966273 ], [ -75.267538, 39.966272 ], [ -75.26753, 39.96627 ], [ -75.267475, 39.96626 ], [ -75.267386, 39.966215 ], [ -75.267245, 39.966117 ], [ -75.267214, 39.966092 ], [ -75.267138, 39.966062 ], [ -75.2671, 39.96605 ], [ -75.267024, 39.966025 ], [ -75.266909, 39.966008 ], [ -75.266795, 39.966009 ], [ -75.266707, 39.966021 ], [ -75.266545, 39.966021 ], [ -75.266395, 39.966018 ], [ -75.266313, 39.966004 ], [ -75.266193, 39.965968 ], [ -75.266062, 39.96593 ], [ -75.266048, 39.965926 ], [ -75.265921, 39.96586 ], [ -75.265858, 39.965791 ], [ -75.265806, 39.965716 ], [ -75.265744, 39.965626 ], [ -75.265656, 39.965526 ], [ -75.265598, 39.965448 ], [ -75.265566, 39.965404 ], [ -75.265528, 39.96535 ], [ -75.265448, 39.965257 ], [ -75.265388, 39.965224 ], [ -75.265252, 39.965207 ], [ -75.265058, 39.965192 ], [ -75.264918, 39.965189 ], [ -75.264758, 39.965184 ], [ -75.264644, 39.965179 ], [ -75.264553, 39.965181 ], [ -75.264496, 39.965195 ], [ -75.264373, 39.965242 ], [ -75.264242, 39.965312 ], [ -75.264131, 39.965373 ], [ -75.264056, 39.965421 ], [ -75.264016, 39.965457 ], [ -75.26399, 39.965491 ], [ -75.263928, 39.965529 ], [ -75.263855, 39.965556 ], [ -75.26377, 39.965596 ], [ -75.263696, 39.965614 ], [ -75.263614, 39.965621 ], [ -75.26353, 39.965605 ], [ -75.263467, 39.965577 ], [ -75.263383, 39.965545 ], [ -75.263307, 39.965505 ], [ -75.263251, 39.965474 ], [ -75.263195, 39.965457 ], [ -75.263144, 39.965459 ], [ -75.263092, 39.965486 ], [ -75.263028, 39.965531 ], [ -75.262961, 39.965579 ], [ -75.262919, 39.965609 ], [ -75.262836, 39.965639 ], [ -75.262766, 39.965647 ], [ -75.262679, 39.965638 ], [ -75.262618, 39.965626 ], [ -75.262559, 39.965617 ], [ -75.262512, 39.965611 ], [ -75.262457, 39.965633 ], [ -75.262422, 39.965676 ], [ -75.262382, 39.965739 ], [ -75.262342, 39.965784 ], [ -75.262273, 39.965851 ], [ -75.262265, 39.965858 ], [ -75.262242, 39.96588 ], [ -75.2620986, 39.9660512 ], [ -75.262038, 39.9661255 ], [ -75.2619587, 39.9661715 ], [ -75.261828, 39.9661931 ], [ -75.2617419, 39.9662059 ], [ -75.2616575, 39.966183 ], [ -75.2615544, 39.9661318 ], [ -75.2614663, 39.9660786 ], [ -75.2614034, 39.9660264 ], [ -75.2613196, 39.9660097 ], [ -75.2612418, 39.966017 ], [ -75.2611707, 39.9660573 ], [ -75.2611076, 39.9661432 ], [ -75.2610488, 39.9661862 ], [ -75.260932, 39.966242 ], [ -75.260828, 39.96627 ], [ -75.260751, 39.96628 ], [ -75.260662, 39.966269 ], [ -75.260584, 39.966273 ], [ -75.2604549, 39.9662706 ], [ -75.260309, 39.966257 ], [ -75.260065, 39.966196 ], [ -75.259909, 39.966115 ], [ -75.259779, 39.966081 ], [ -75.259649, 39.966041 ], [ -75.259551, 39.96601 ], [ -75.25945, 39.965947 ], [ -75.259428, 39.965892 ], [ -75.259427, 39.965813 ], [ -75.259423, 39.965761 ], [ -75.2594, 39.965716 ], [ -75.259333, 39.965698 ], [ -75.259214, 39.965697 ], [ -75.259078, 39.965692 ], [ -75.258974, 39.965676 ], [ -75.25889, 39.965648 ], [ -75.258839, 39.965614 ], [ -75.258797, 39.965571 ], [ -75.258767, 39.965516 ], [ -75.258738, 39.965447 ], [ -75.258709, 39.965378 ], [ -75.2587, 39.965324 ], [ -75.258711, 39.96524 ], [ -75.258715, 39.965059 ], [ -75.258713, 39.964965 ], [ -75.258706, 39.964903 ], [ -75.258684, 39.964846 ], [ -75.258637, 39.964766 ], [ -75.25859, 39.964708 ], [ -75.258547, 39.964618 ], [ -75.25851, 39.964535 ], [ -75.25847, 39.964484 ], [ -75.258407, 39.964452 ], [ -75.258339, 39.964449 ], [ -75.258271, 39.964452 ], [ -75.258189, 39.96445 ], [ -75.25812, 39.964446 ], [ -75.258058, 39.964428 ], [ -75.258007, 39.964399 ], [ -75.257976, 39.964377 ], [ -75.257944, 39.964301 ], [ -75.257944, 39.964236 ], [ -75.257962, 39.964161 ], [ -75.257991, 39.964095 ], [ -75.258014, 39.963993 ], [ -75.258012, 39.963854 ], [ -75.258014, 39.963739 ], [ -75.257994, 39.963677 ], [ -75.257933, 39.963624 ], [ -75.257858, 39.963594 ], [ -75.257788, 39.963602 ], [ -75.257705, 39.963631 ], [ -75.257629, 39.963664 ], [ -75.257543, 39.963705 ], [ -75.257487, 39.963744 ], [ -75.257418, 39.963766 ], [ -75.2573049, 39.9637752 ], [ -75.2572326, 39.9637761 ], [ -75.2571266, 39.9637643 ], [ -75.256981, 39.963688 ], [ -75.2569, 39.963672 ], [ -75.256816, 39.963677 ], [ -75.256746, 39.963688 ], [ -75.256686, 39.963719 ], [ -75.256586, 39.963802 ], [ -75.256383, 39.963974 ], [ -75.256281, 39.964079 ], [ -75.256193, 39.964155 ], [ -75.256083, 39.964242 ], [ -75.255966, 39.964312 ], [ -75.255892, 39.964372 ], [ -75.255852, 39.964437 ], [ -75.255812, 39.964471 ], [ -75.255686, 39.964546 ], [ -75.255543, 39.964595 ], [ -75.255409, 39.96463 ], [ -75.255267, 39.964655 ], [ -75.255112, 39.964691 ], [ -75.254937, 39.964763 ], [ -75.254738, 39.96485 ], [ -75.254632, 39.964925 ], [ -75.254543, 39.964992 ], [ -75.254456, 39.965046 ], [ -75.254381, 39.965127 ], [ -75.254337, 39.965211 ], [ -75.254302, 39.965273 ], [ -75.254223, 39.965337 ], [ -75.25414, 39.965404 ], [ -75.254046, 39.965402 ], [ -75.253936, 39.96539 ], [ -75.253712, 39.965329 ], [ -75.253582, 39.9653 ], [ -75.253407, 39.965261 ], [ -75.253314, 39.965226 ], [ -75.2532779, 39.9652146 ], [ -75.2532156, 39.9651949 ], [ -75.253077, 39.965214 ], [ -75.252972, 39.965235 ], [ -75.252843, 39.965244 ], [ -75.252636, 39.965251 ], [ -75.252334, 39.96528 ], [ -75.252094, 39.965305 ], [ -75.251923, 39.965318 ], [ -75.251811, 39.96533 ], [ -75.251707, 39.965346 ], [ -75.251603, 39.965356 ], [ -75.251496, 39.965337 ], [ -75.251427, 39.965302 ], [ -75.251368, 39.965249 ], [ -75.251353, 39.965219 ], [ -75.251341, 39.965192 ], [ -75.251336, 39.965138 ], [ -75.251342, 39.965072 ], [ -75.251283, 39.965003 ], [ -75.251201, 39.964912 ], [ -75.2511683, 39.9648942 ], [ -75.251102, 39.964858 ], [ -75.2510368, 39.9648333 ], [ -75.250913, 39.964837 ], [ -75.250757, 39.964879 ], [ -75.250606, 39.964948 ], [ -75.2504297, 39.9650246 ], [ -75.250313, 39.965069 ], [ -75.250221, 39.965076 ], [ -75.250133, 39.965067 ], [ -75.2500501, 39.9650395 ], [ -75.24999, 39.965001 ], [ -75.249912, 39.964947 ], [ -75.249848, 39.964908 ], [ -75.2497449, 39.9648582 ], [ -75.249465, 39.964721 ], [ -75.248967, 39.964494 ], [ -75.248615, 39.964352 ], [ -75.248056, 39.964074 ], [ -75.247903, 39.963979 ], [ -75.247778, 39.963876 ], [ -75.247685, 39.963777 ], [ -75.247564, 39.963638 ], [ -75.247479, 39.963528 ], [ -75.247434, 39.963417 ], [ -75.247405, 39.963327 ], [ -75.247399, 39.963249 ], [ -75.247418, 39.963191 ], [ -75.247489, 39.963119 ], [ -75.247604, 39.962992 ], [ -75.247642, 39.96295 ], [ -75.247653, 39.9628242 ], [ -75.2476642, 39.9627501 ], [ -75.247681, 39.96268 ], [ -75.2477355, 39.9625573 ], [ -75.2477733, 39.9622794 ], [ -75.2476982, 39.9621627 ], [ -75.2477053, 39.9620216 ], [ -75.2477218, 39.9618771 ], [ -75.2478163, 39.9616797 ], [ -75.2478248, 39.9615021 ], [ -75.2478248, 39.9613442 ], [ -75.2478592, 39.9612126 ], [ -75.2478935, 39.9610745 ], [ -75.2479708, 39.9609429 ], [ -75.2481252, 39.9607982 ], [ -75.2482282, 39.9606469 ], [ -75.2482969, 39.9605416 ], [ -75.2483398, 39.9604298 ], [ -75.2485115, 39.9602784 ], [ -75.2486316, 39.9602061 ], [ -75.2488033, 39.9601074 ], [ -75.2490351, 39.959989 ], [ -75.2491724, 39.9598903 ], [ -75.2493011, 39.9597916 ], [ -75.2494299, 39.9597061 ], [ -75.249593, 39.9596271 ], [ -75.2498504, 39.9595679 ], [ -75.2500307, 39.959489 ], [ -75.2501337, 39.9594429 ], [ -75.2502796, 39.9593837 ], [ -75.2504856, 39.9593048 ], [ -75.2506058, 39.9592258 ], [ -75.2507517, 39.9591337 ], [ -75.2508461, 39.9590679 ], [ -75.250889, 39.9589692 ], [ -75.2508976, 39.9588442 ], [ -75.2508976, 39.9586864 ], [ -75.2508461, 39.9585482 ], [ -75.250786, 39.9584561 ], [ -75.2507002, 39.9583377 ], [ -75.2505886, 39.9582456 ], [ -75.2505285, 39.9581798 ], [ -75.2504427, 39.9580745 ], [ -75.2503568, 39.9579363 ], [ -75.2502281, 39.9578113 ], [ -75.250168, 39.9577127 ], [ -75.2501165, 39.9576469 ], [ -75.2499964, 39.9575811 ], [ -75.2498934, 39.9575153 ], [ -75.2497474, 39.9574298 ], [ -75.2495844, 39.9573705 ], [ -75.249344, 39.9571403 ], [ -75.2492325, 39.9570547 ], [ -75.2491295, 39.9570218 ], [ -75.2490007, 39.9569758 ], [ -75.2489149, 39.9568968 ], [ -75.2489149, 39.9568179 ], [ -75.2488977, 39.9567258 ], [ -75.2488977, 39.9566139 ], [ -75.2489063, 39.9565153 ], [ -75.2489664, 39.9564297 ], [ -75.2490866, 39.9563574 ], [ -75.2492067, 39.9562192 ], [ -75.2492325, 39.9561337 ], [ -75.2492754, 39.956035 ], [ -75.249241, 39.9559165 ], [ -75.2492214, 39.9558213 ], [ -75.2492005, 39.9557385 ], [ -75.2492083, 39.9555816 ], [ -75.2492558, 39.9554855 ], [ -75.249346, 39.955385 ], [ -75.249449, 39.9552848 ], [ -75.2495153, 39.9552092 ], [ -75.2495804, 39.9551463 ], [ -75.2496187, 39.9550941 ], [ -75.2496359, 39.9550415 ], [ -75.2496702, 39.954956 ], [ -75.2497045, 39.9548441 ], [ -75.2497277, 39.9547227 ], [ -75.249771, 39.9546087 ], [ -75.2498196, 39.954507 ], [ -75.2498762, 39.9543901 ], [ -75.2498993, 39.9543699 ], [ -75.2499964, 39.9542849 ], [ -75.250065, 39.954173 ], [ -75.2501594, 39.9540612 ], [ -75.2502538, 39.9539691 ], [ -75.2503483, 39.9538769 ], [ -75.250477, 39.9537651 ], [ -75.2506573, 39.9536072 ], [ -75.2507603, 39.9535019 ], [ -75.2508632, 39.9533703 ], [ -75.2509748, 39.9532519 ], [ -75.251095, 39.9531203 ], [ -75.2511207, 39.9530019 ], [ -75.251095, 39.9528703 ], [ -75.2510864, 39.9527782 ], [ -75.2511207, 39.9526795 ], [ -75.2512152, 39.9526137 ], [ -75.251301, 39.9525413 ], [ -75.251404, 39.9523571 ], [ -75.2514726, 39.9522321 ], [ -75.2515585, 39.9521202 ], [ -75.2515928, 39.9520018 ], [ -75.2516558, 39.9518008 ], [ -75.2516404, 39.9516675 ], [ -75.2516168, 39.9514882 ], [ -75.2515701, 39.9513384 ], [ -75.2515387, 39.9512581 ], [ -75.2515089, 39.951209 ], [ -75.2514471, 39.951159 ], [ -75.2513696, 39.9511069 ], [ -75.2513182, 39.951028 ], [ -75.2512323, 39.950949 ], [ -75.2511551, 39.950824 ], [ -75.2511036, 39.9507253 ], [ -75.251095, 39.9506332 ], [ -75.2511086, 39.9505914 ], [ -75.2511207, 39.9505542 ], [ -75.2511551, 39.9504292 ], [ -75.2511894, 39.9503042 ], [ -75.2512237, 39.9502252 ], [ -75.2512838, 39.95012 ], [ -75.2513611, 39.9499752 ], [ -75.2514126, 39.9498831 ], [ -75.2514726, 39.9497976 ], [ -75.251507, 39.949712 ], [ -75.2515327, 39.9496133 ], [ -75.2515842, 39.949508 ], [ -75.2515928, 39.9494093 ], [ -75.2515413, 39.9492778 ], [ -75.2514898, 39.9491791 ], [ -75.2513954, 39.9490475 ], [ -75.2513182, 39.9489619 ], [ -75.2512323, 39.9488369 ], [ -75.2511808, 39.9487579 ], [ -75.2510692, 39.948679 ], [ -75.2509662, 39.9485737 ], [ -75.2508375, 39.9484684 ], [ -75.2507251, 39.9483687 ], [ -75.2505628, 39.9483171 ], [ -75.2504169, 39.9482052 ], [ -75.2503654, 39.9480934 ], [ -75.2503225, 39.9479091 ], [ -75.2502882, 39.9477709 ], [ -75.2502453, 39.9476328 ], [ -75.2502538, 39.9475143 ], [ -75.2502453, 39.9474288 ], [ -75.2501938, 39.9473367 ], [ -75.2501165, 39.947238 ], [ -75.2500736, 39.9471129 ], [ -75.2500393, 39.9469616 ], [ -75.2499964, 39.9467181 ], [ -75.2499191, 39.9466523 ], [ -75.2498075, 39.9465799 ], [ -75.2496187, 39.946501 ], [ -75.24949, 39.9464023 ], [ -75.2493526, 39.9463167 ], [ -75.2492239, 39.9461983 ], [ -75.2489321, 39.9459482 ], [ -75.248769, 39.9457772 ], [ -75.2486316, 39.945685 ], [ -75.24846, 39.9455271 ], [ -75.2483227, 39.9454481 ], [ -75.2482969, 39.9453363 ], [ -75.2482712, 39.9452178 ], [ -75.2482025, 39.9451191 ], [ -75.2481167, 39.9450007 ], [ -75.248048, 39.9449151 ], [ -75.2479364, 39.9448428 ], [ -75.2477991, 39.9447375 ], [ -75.2477047, 39.9446453 ], [ -75.2476446, 39.9445598 ], [ -75.2475711, 39.944515 ], [ -75.2475022, 39.944448 ], [ -75.2474492, 39.9444031 ], [ -75.2474236, 39.9443551 ], [ -75.2474107, 39.9443196 ], [ -75.2474022, 39.9442469 ], [ -75.247377, 39.944138 ], [ -75.2473365, 39.9440586 ], [ -75.2472755, 39.9439873 ], [ -75.2472201, 39.9438996 ], [ -75.2471856, 39.9438238 ], [ -75.2471073, 39.9435924 ], [ -75.2470781, 39.9435004 ], [ -75.247034, 39.9434178 ], [ -75.2469236, 39.9432766 ], [ -75.2469236, 39.9431713 ], [ -75.246915, 39.9430858 ], [ -75.2468378, 39.9429871 ], [ -75.2467863, 39.942895 ], [ -75.246709, 39.9428292 ], [ -75.2465631, 39.9427436 ], [ -75.2464516, 39.9427041 ], [ -75.2463571, 39.9426581 ], [ -75.246134, 39.9426186 ], [ -75.2459194, 39.942612 ], [ -75.2457477, 39.9426252 ], [ -75.2454902, 39.9426186 ], [ -75.2451727, 39.9426054 ], [ -75.2448723, 39.9426054 ], [ -75.2447006, 39.9425923 ], [ -75.2445461, 39.9425791 ], [ -75.2444088, 39.9425659 ], [ -75.2441942, 39.9425396 ], [ -75.2439968, 39.9425199 ], [ -75.2437736, 39.9424935 ], [ -75.2435934, 39.9424606 ], [ -75.243499, 39.9424212 ], [ -75.2434092, 39.9423764 ], [ -75.2433273, 39.9423356 ], [ -75.2431814, 39.942329 ], [ -75.242984, 39.9423225 ], [ -75.2427866, 39.9423159 ], [ -75.2426063, 39.9423027 ], [ -75.2424175, 39.9422961 ], [ -75.2421686, 39.942283 ], [ -75.2419626, 39.9422698 ], [ -75.2416536, 39.9422566 ], [ -75.2414648, 39.9422698 ], [ -75.241233, 39.9422632 ], [ -75.2410528, 39.9422632 ], [ -75.2409069, 39.9422435 ], [ -75.2407352, 39.9422237 ], [ -75.2404692, 39.9422172 ], [ -75.240349, 39.9421908 ], [ -75.240246, 39.9421579 ], [ -75.2401001, 39.9420395 ], [ -75.24004, 39.9419408 ], [ -75.2399713, 39.9418421 ], [ -75.2399198, 39.9417434 ], [ -75.2398855, 39.9416841 ], [ -75.2397911, 39.9415788 ], [ -75.239731, 39.9415065 ], [ -75.2396795, 39.9414341 ], [ -75.2396108, 39.9413419 ], [ -75.2395508, 39.941263 ], [ -75.239525, 39.941184 ], [ -75.2394563, 39.9410721 ], [ -75.2394134, 39.9409866 ], [ -75.2394049, 39.9409274 ], [ -75.2393877, 39.9408221 ], [ -75.2393877, 39.9407234 ], [ -75.2394306, 39.9406181 ], [ -75.2394478, 39.9405194 ], [ -75.2395508, 39.9404009 ], [ -75.2396709, 39.9402759 ], [ -75.2397997, 39.9401772 ], [ -75.2399542, 39.9399797 ], [ -75.2399971, 39.9398415 ], [ -75.2400829, 39.9397362 ], [ -75.2401687, 39.9396507 ], [ -75.240246, 39.939552 ], [ -75.2404091, 39.9394204 ], [ -75.2405378, 39.9392953 ], [ -75.2406065, 39.9392295 ], [ -75.2406923, 39.9391374 ], [ -75.2407352, 39.939065 ], [ -75.2407781, 39.9389663 ], [ -75.240761, 39.9388544 ], [ -75.2407524, 39.9387689 ], [ -75.2406923, 39.9386899 ], [ -75.2406322, 39.9386175 ], [ -75.2405206, 39.9385583 ], [ -75.2404005, 39.9384464 ], [ -75.2402975, 39.9383674 ], [ -75.2401945, 39.938295 ], [ -75.2400915, 39.9382555 ], [ -75.2399713, 39.9381897 ], [ -75.239834, 39.9381766 ], [ -75.2395937, 39.9381568 ], [ -75.2393705, 39.9381634 ], [ -75.2392332, 39.9381502 ], [ -75.2390873, 39.9381437 ], [ -75.2390082, 39.9381437 ], [ -75.2389328, 39.9381437 ], [ -75.2386383, 39.9381693 ], [ -75.2384779, 39.9381832 ], [ -75.2382805, 39.9382029 ], [ -75.2382101, 39.9382059 ], [ -75.238126, 39.9382095 ], [ -75.2378427, 39.9382358 ], [ -75.2377226, 39.9382621 ], [ -75.2375423, 39.938295 ], [ -75.2373363, 39.9383345 ], [ -75.2371561, 39.9383608 ], [ -75.2369501, 39.9384135 ], [ -75.236684, 39.9384398 ], [ -75.2365209, 39.938453 ], [ -75.2362892, 39.9384464 ], [ -75.2361624, 39.9384438 ], [ -75.2359716, 39.9384398 ], [ -75.2358587, 39.9384238 ], [ -75.2357399, 39.9384069 ], [ -75.2356369, 39.9383806 ], [ -75.2354795, 39.9383367 ], [ -75.2354481, 39.9383279 ], [ -75.2353107, 39.9383148 ], [ -75.2352666, 39.9382979 ], [ -75.2351734, 39.9382621 ], [ -75.235079, 39.9382095 ], [ -75.2350189, 39.9380976 ], [ -75.2349932, 39.9379923 ], [ -75.2349991, 39.937928 ], [ -75.2350017, 39.9379002 ], [ -75.2350017, 39.937808 ], [ -75.2350073, 39.9377485 ], [ -75.2350103, 39.9377159 ], [ -75.2349932, 39.9376369 ], [ -75.2349502, 39.9375382 ], [ -75.2349219, 39.9375084 ], [ -75.2348816, 39.9374658 ], [ -75.2348472, 39.9373803 ], [ -75.2348301, 39.9373145 ], [ -75.2348215, 39.9372026 ], [ -75.2348423, 39.9370481 ], [ -75.2348472, 39.9370117 ], [ -75.2348644, 39.9369262 ], [ -75.2348387, 39.9368077 ], [ -75.2348605, 39.9367508 ], [ -75.2348816, 39.9366958 ], [ -75.2349417, 39.9365511 ], [ -75.2350017, 39.9364326 ], [ -75.2350147, 39.9363831 ], [ -75.2350275, 39.9363339 ], [ -75.2350532, 39.9362417 ], [ -75.2351133, 39.936143 ], [ -75.2351496, 39.9360914 ], [ -75.2351734, 39.9360575 ], [ -75.2352936, 39.9359785 ], [ -75.235388, 39.9359258 ], [ -75.2354996, 39.93586 ], [ -75.2356111, 39.935814 ], [ -75.2356798, 39.9357679 ], [ -75.2357914, 39.9356889 ], [ -75.2359201, 39.9356165 ], [ -75.2360489, 39.9355507 ], [ -75.2361175, 39.9354652 ], [ -75.2362034, 39.9353993 ], [ -75.2362806, 39.935327 ], [ -75.2363579, 39.935248 ], [ -75.2364094, 39.9351756 ], [ -75.2364523, 39.9351098 ], [ -75.2364952, 39.9350111 ], [ -75.2365038, 39.9349189 ], [ -75.2365124, 39.934807 ], [ -75.2365381, 39.9347215 ], [ -75.2365381, 39.9346228 ], [ -75.2365639, 39.9345635 ], [ -75.2365724, 39.9344714 ], [ -75.2365896, 39.9343595 ], [ -75.2366154, 39.9342739 ], [ -75.2366154, 39.9341884 ], [ -75.2366669, 39.9340897 ], [ -75.2365553, 39.9337803 ], [ -75.2366325, 39.9336092 ], [ -75.2366754, 39.9334908 ], [ -75.2367441, 39.933392 ], [ -75.2368042, 39.9332867 ], [ -75.23689, 39.9331617 ], [ -75.2369501, 39.933063 ], [ -75.2369844, 39.9329774 ], [ -75.2370359, 39.9328919 ], [ -75.2371389, 39.93278 ], [ -75.2372248, 39.9327207 ], [ -75.2373106, 39.9326483 ], [ -75.2374307, 39.9325759 ], [ -75.2375681, 39.9325365 ], [ -75.2377569, 39.9325299 ], [ -75.2378599, 39.9325299 ], [ -75.2380316, 39.9325694 ], [ -75.2383234, 39.9326154 ], [ -75.2384521, 39.9326549 ], [ -75.238598, 39.9327076 ], [ -75.2386753, 39.9327471 ], [ -75.2388126, 39.9328063 ], [ -75.2389671, 39.932905 ], [ -75.2390959, 39.9329972 ], [ -75.2391903, 39.9330696 ], [ -75.2393362, 39.9331617 ], [ -75.2394821, 39.9332078 ], [ -75.2396366, 39.9332802 ], [ -75.2397911, 39.9333328 ], [ -75.2399113, 39.9333723 ], [ -75.2400142, 39.9334118 ], [ -75.240349, 39.9335961 ], [ -75.2405121, 39.9336421 ], [ -75.240658, 39.9336553 ], [ -75.2409756, 39.933629 ], [ -75.2411987, 39.9336092 ], [ -75.2414047, 39.9335961 ], [ -75.2415678, 39.9335566 ], [ -75.2417051, 39.9335105 ], [ -75.2419626, 39.9334513 ], [ -75.2420914, 39.933392 ], [ -75.2421686, 39.9333196 ], [ -75.2422544, 39.9331946 ], [ -75.2423403, 39.9330893 ], [ -75.2423918, 39.9330037 ], [ -75.2424604, 39.9328787 ], [ -75.2425205, 39.9327997 ], [ -75.2426321, 39.9326878 ], [ -75.2427608, 39.932543 ], [ -75.2427952, 39.9324641 ], [ -75.2429497, 39.9323193 ], [ -75.2429926, 39.9322271 ], [ -75.2431042, 39.9321152 ], [ -75.2432072, 39.931977 ], [ -75.2433702, 39.9318586 ], [ -75.2434217, 39.9317335 ], [ -75.2434303, 39.9316085 ], [ -75.2434475, 39.9314439 ], [ -75.2435247, 39.9313452 ], [ -75.2435419, 39.9312728 ], [ -75.2435762, 39.9311807 ], [ -75.2435934, 39.9311148 ], [ -75.2436277, 39.9310095 ], [ -75.2436706, 39.9309174 ], [ -75.2437479, 39.9307989 ], [ -75.243868, 39.9307199 ], [ -75.2439796, 39.9306344 ], [ -75.2441255, 39.9305817 ], [ -75.24428, 39.9305159 ], [ -75.2443744, 39.930404 ], [ -75.2444174, 39.9303053 ], [ -75.2444259, 39.9302263 ], [ -75.2444002, 39.9301342 ], [ -75.2443229, 39.9300486 ], [ -75.2442457, 39.9299894 ], [ -75.2441599, 39.9299499 ], [ -75.2440826, 39.9299104 ], [ -75.2439968, 39.9298577 ], [ -75.2439281, 39.9297853 ], [ -75.2439453, 39.9297195 ], [ -75.2439796, 39.9295089 ], [ -75.2439539, 39.9294036 ], [ -75.2439539, 39.9292917 ], [ -75.2439024, 39.9292061 ], [ -75.243911, 39.9291008 ], [ -75.2439796, 39.929035 ], [ -75.2439796, 39.928956 ], [ -75.2439796, 39.9288573 ], [ -75.2439796, 39.9287849 ], [ -75.2439796, 39.9287257 ], [ -75.2439796, 39.9286598 ], [ -75.2439968, 39.9285809 ], [ -75.2439968, 39.9285019 ], [ -75.2440311, 39.9283571 ], [ -75.2440569, 39.9282649 ], [ -75.2440998, 39.9281596 ], [ -75.244117, 39.9280675 ], [ -75.2441599, 39.9280148 ], [ -75.24422, 39.927949 ], [ -75.2442629, 39.9278568 ], [ -75.2442972, 39.9277647 ], [ -75.2443744, 39.9276396 ], [ -75.2444431, 39.9275146 ], [ -75.2444946, 39.9273764 ], [ -75.2445719, 39.9272381 ], [ -75.2445719, 39.9271394 ], [ -75.2445804, 39.9270143 ], [ -75.2445976, 39.9269288 ], [ -75.2445633, 39.9267906 ], [ -75.2445289, 39.9266918 ], [ -75.2444517, 39.9265931 ], [ -75.2443573, 39.9265339 ], [ -75.2443487, 39.926422 ], [ -75.2443573, 39.9263298 ], [ -75.2443744, 39.926264 ], [ -75.2444345, 39.9261653 ], [ -75.244486, 39.9261126 ], [ -75.2445976, 39.9260336 ], [ -75.2447349, 39.9259612 ], [ -75.2449152, 39.925902 ], [ -75.2449924, 39.9258164 ], [ -75.2450868, 39.9256848 ], [ -75.2451298, 39.9256255 ], [ -75.2451898, 39.9255334 ], [ -75.2452843, 39.9254215 ], [ -75.2453358, 39.9253227 ], [ -75.2453872, 39.9252372 ], [ -75.2454302, 39.9251779 ], [ -75.2454645, 39.9251187 ], [ -75.2455589, 39.9250331 ], [ -75.2458164, 39.9247633 ], [ -75.2458507, 39.9246448 ], [ -75.2459795, 39.9245592 ], [ -75.2460052, 39.9244605 ], [ -75.2459881, 39.9243749 ], [ -75.2460138, 39.9242828 ], [ -75.2460567, 39.924184 ], [ -75.2460653, 39.9240787 ], [ -75.2460653, 39.9239931 ], [ -75.2460739, 39.9239207 ], [ -75.2461082, 39.9238154 ], [ -75.2461683, 39.9237298 ], [ -75.2461769, 39.9236443 ], [ -75.2461769, 39.9235653 ], [ -75.2461769, 39.9234534 ], [ -75.2462112, 39.9233546 ], [ -75.2462112, 39.9232757 ], [ -75.2462799, 39.9232098 ], [ -75.2463486, 39.9230848 ], [ -75.2464344, 39.9229663 ], [ -75.2465374, 39.9228741 ], [ -75.2466146, 39.922782 ], [ -75.2467005, 39.922703 ], [ -75.2467777, 39.9225977 ], [ -75.2468979, 39.9225318 ], [ -75.2469665, 39.9224594 ], [ -75.2470695, 39.9223804 ], [ -75.247121, 39.9223344 ], [ -75.247224, 39.9222751 ], [ -75.2473184, 39.9221698 ], [ -75.2473957, 39.9220645 ], [ -75.2474472, 39.9220118 ], [ -75.2474901, 39.9218999 ], [ -75.2474987, 39.9218275 ], [ -75.2474981, 39.9218239 ], [ -75.2474644, 39.9216103 ], [ -75.2474815, 39.9214852 ], [ -75.2474815, 39.9213207 ], [ -75.2474729, 39.9212219 ], [ -75.2475073, 39.9211495 ], [ -75.2475073, 39.9210442 ], [ -75.2475073, 39.9209586 ], [ -75.2475073, 39.9208599 ], [ -75.2474987, 39.920794 ], [ -75.2474558, 39.9207151 ], [ -75.24743, 39.9206426 ], [ -75.2475159, 39.9203596 ], [ -75.2475159, 39.9202608 ], [ -75.2475416, 39.9201424 ], [ -75.2475596, 39.920112 ], [ -75.2475845, 39.92007 ], [ -75.2475931, 39.9199646 ], [ -75.2476017, 39.919833 ], [ -75.2476017, 39.9197606 ], [ -75.2475931, 39.9196355 ], [ -75.2475759, 39.919517 ], [ -75.247533, 39.9194183 ], [ -75.2474644, 39.9192998 ], [ -75.2474214, 39.9192208 ], [ -75.2473699, 39.9191484 ], [ -75.2474129, 39.9190233 ], [ -75.2473957, 39.9189246 ], [ -75.2474043, 39.9188061 ], [ -75.2474214, 39.918681 ], [ -75.2474129, 39.9186086 ], [ -75.2474129, 39.9185032 ], [ -75.2474043, 39.9183848 ], [ -75.2474043, 39.9182992 ], [ -75.2474043, 39.9182004 ], [ -75.2474214, 39.9181083 ], [ -75.2474386, 39.9180359 ], [ -75.2474386, 39.9179569 ], [ -75.2474043, 39.9177923 ], [ -75.2473614, 39.9176738 ], [ -75.2472841, 39.9175224 ], [ -75.2472412, 39.9173973 ], [ -75.2472562, 39.9173092 ], [ -75.2472583, 39.9172983 ], [ -75.2471898, 39.9171546 ], [ -75.2471124, 39.9170155 ], [ -75.2470366, 39.9169843 ], [ -75.2469754, 39.9168686 ], [ -75.2469254, 39.916727 ], [ -75.2468764, 39.9165491 ], [ -75.2467949, 39.9164362 ], [ -75.2467777, 39.9163177 ], [ -75.2467863, 39.9162387 ], [ -75.2468206, 39.9161729 ], [ -75.2468635, 39.9160873 ], [ -75.2469665, 39.915982 ], [ -75.2470266, 39.915903 ], [ -75.2470953, 39.9158108 ], [ -75.2471726, 39.9156665 ], [ -75.2472606, 39.9155386 ], [ -75.2473564, 39.915374 ], [ -75.2474921, 39.9151894 ], [ -75.2476351, 39.9149866 ], [ -75.2476875, 39.9148365 ], [ -75.2476703, 39.9147378 ], [ -75.2476446, 39.9146588 ], [ -75.2475502, 39.9145337 ], [ -75.2472927, 39.9142638 ], [ -75.2472069, 39.9141518 ], [ -75.2471468, 39.9140926 ], [ -75.2471296, 39.9140136 ], [ -75.2471124, 39.9139214 ], [ -75.2471296, 39.9138424 ], [ -75.2471468, 39.9137634 ], [ -75.2471811, 39.9136778 ], [ -75.2472154, 39.9136054 ], [ -75.2473184, 39.9135528 ], [ -75.2474129, 39.9135001 ], [ -75.2475502, 39.9134145 ], [ -75.2477218, 39.9133421 ], [ -75.2478077, 39.9133026 ], [ -75.247945, 39.913217 ], [ -75.2480566, 39.9131578 ], [ -75.2481939, 39.9130656 ], [ -75.2482626, 39.9129998 ], [ -75.248357, 39.9129208 ], [ -75.2484085, 39.9128615 ], [ -75.2484772, 39.9127891 ], [ -75.2485115, 39.9127101 ], [ -75.2485458, 39.9126574 ], [ -75.2485802, 39.9125521 ], [ -75.2486402, 39.9124468 ], [ -75.2486746, 39.9123546 ], [ -75.2487003, 39.9122756 ], [ -75.2487089, 39.9121966 ], [ -75.2487604, 39.9120715 ], [ -75.2488634, 39.9119398 ], [ -75.2489578, 39.9117818 ], [ -75.2491552, 39.9116831 ], [ -75.2493785, 39.911539 ], [ -75.2496306, 39.9114507 ], [ -75.2498075, 39.9113671 ], [ -75.2500279, 39.9112711 ], [ -75.2501824, 39.9112298 ], [ -75.2503397, 39.9111432 ], [ -75.2504513, 39.9110116 ], [ -75.2505714, 39.9108601 ], [ -75.2506744, 39.9107548 ], [ -75.2507688, 39.910656 ], [ -75.2508718, 39.9105573 ], [ -75.2508871, 39.9105416 ], [ -75.2510006, 39.9104256 ], [ -75.2511122, 39.9103466 ], [ -75.2511769, 39.9102377 ], [ -75.2512756, 39.9101323 ], [ -75.2512673, 39.909956 ], [ -75.2512409, 39.909866 ], [ -75.2510627, 39.9097466 ], [ -75.2509147, 39.9096882 ], [ -75.2505628, 39.9095566 ], [ -75.2502109, 39.9095302 ], [ -75.2499525, 39.9093843 ], [ -75.2498986, 39.9092553 ], [ -75.2499372, 39.9091008 ], [ -75.2499706, 39.9090233 ], [ -75.2500307, 39.9089114 ], [ -75.2500736, 39.9087994 ], [ -75.2501079, 39.9086875 ], [ -75.2501509, 39.9085624 ], [ -75.2501594, 39.9083978 ], [ -75.2502109, 39.9082201 ], [ -75.2501938, 39.9081016 ], [ -75.2502024, 39.9079699 ], [ -75.2502195, 39.9078184 ], [ -75.2502882, 39.9076802 ], [ -75.2503998, 39.9075748 ], [ -75.2505714, 39.9074695 ], [ -75.2506916, 39.9074037 ], [ -75.2508032, 39.907351 ], [ -75.2509147, 39.9072456 ], [ -75.2511122, 39.9071798 ], [ -75.2512066, 39.9071008 ], [ -75.2513525, 39.9069889 ], [ -75.2514297, 39.9069164 ], [ -75.2515756, 39.9068309 ], [ -75.2517387, 39.9067453 ], [ -75.2520649, 39.9067058 ], [ -75.2524461, 39.9066742 ], [ -75.25256, 39.90655 ], [ -75.253492, 39.905585 ], [ -75.252971, 39.905309 ], [ -75.251288, 39.904403 ], [ -75.25179, 39.903835 ], [ -75.253563, 39.901826 ], [ -75.253717, 39.901677 ], [ -75.255598, 39.899919 ], [ -75.255698, 39.899829 ], [ -75.2557943, 39.8997479 ], [ -75.255693, 39.8996213 ], [ -75.2554998, 39.8993744 ], [ -75.2553531, 39.8991978 ], [ -75.2552692, 39.8990905 ], [ -75.2552209, 39.8989588 ], [ -75.2553282, 39.8984937 ], [ -75.2554757, 39.8981696 ], [ -75.2555213, 39.8980904 ], [ -75.255618, 39.897943 ], [ -75.2557841, 39.8976706 ], [ -75.255915, 39.897484 ], [ -75.2559826, 39.8973825 ], [ -75.2563903, 39.8968763 ], [ -75.25668, 39.8965471 ], [ -75.2569375, 39.8962878 ], [ -75.2572004, 39.8960244 ], [ -75.2573076, 39.8958927 ], [ -75.2573345, 39.8957322 ], [ -75.2572164, 39.895584 ], [ -75.2568946, 39.8953576 ], [ -75.2567658, 39.8951025 ], [ -75.2567436, 39.8949109 ], [ -75.2568141, 39.8947238 ], [ -75.2570931, 39.8943863 ], [ -75.2574149, 39.8940612 ], [ -75.2578934, 39.8934849 ], [ -75.2583647, 39.893022 ], [ -75.2587372, 39.8927004 ], [ -75.2588686, 39.8925917 ], [ -75.2589631, 39.8925265 ], [ -75.2590973, 39.8924744 ], [ -75.2593341, 39.892409 ], [ -75.25955, 39.8923737 ], [ -75.2604136, 39.8922214 ], [ -75.260514, 39.8921953 ], [ -75.2610949, 39.8920444 ], [ -75.2614382, 39.891921 ], [ -75.2616421, 39.8918181 ], [ -75.2617655, 39.8915217 ], [ -75.2618674, 39.8911883 ], [ -75.261964, 39.8907932 ], [ -75.2620712, 39.8903734 ], [ -75.2620498, 39.8900276 ], [ -75.2620391, 39.8896901 ], [ -75.2619961, 39.8892909 ], [ -75.2619961, 39.8889986 ], [ -75.2621356, 39.8886488 ], [ -75.2622697, 39.8884759 ], [ -75.2624843, 39.8883936 ], [ -75.2627954, 39.8883936 ], [ -75.2632943, 39.88848 ], [ -75.2637986, 39.8885129 ], [ -75.2641687, 39.8884759 ], [ -75.2643619, 39.8883401 ], [ -75.2646301, 39.8881548 ], [ -75.26485, 39.8878502 ], [ -75.2650163, 39.8875374 ], [ -75.2650539, 39.8872946 ], [ -75.2649519, 39.8869076 ], [ -75.2647695, 39.8865537 ], [ -75.2646532, 39.8863975 ], [ -75.2646193, 39.886352 ], [ -75.2646246, 39.8862753 ], [ -75.264549, 39.886226 ], [ -75.264385, 39.886162 ], [ -75.264088, 39.886094 ], [ -75.263807, 39.886166 ], [ -75.26296, 39.886181 ], [ -75.26284, 39.886135 ], [ -75.262759, 39.885931 ], [ -75.262844, 39.885682 ], [ -75.263228, 39.885403 ], [ -75.264232, 39.885028 ], [ -75.264602, 39.884737 ], [ -75.2645, 39.884561 ], [ -75.264491, 39.884544 ], [ -75.264408, 39.88432 ], [ -75.264103, 39.884106 ], [ -75.262777, 39.883596 ], [ -75.262387, 39.883446 ], [ -75.261937, 39.883 ], [ -75.261871, 39.882815 ], [ -75.261947, 39.882634 ], [ -75.261957, 39.882628 ], [ -75.262208, 39.882414 ], [ -75.262302, 39.882333 ], [ -75.263167, 39.882179 ], [ -75.263214, 39.882179 ], [ -75.264433, 39.882167 ], [ -75.2647, 39.882054 ], [ -75.265325, 39.88163 ], [ -75.265322, 39.881594 ], [ -75.265068, 39.880955 ], [ -75.265016, 39.88089 ], [ -75.264866, 39.880716 ], [ -75.264831, 39.880646 ], [ -75.262559, 39.876615 ], [ -75.262539, 39.876578 ], [ -75.262528, 39.876561 ], [ -75.262476, 39.876558 ], [ -75.26222, 39.876542 ], [ -75.261651, 39.876508 ], [ -75.261509, 39.876499 ], [ -75.261252, 39.876484 ], [ -75.261245, 39.876484 ], [ -75.259899, 39.876402 ], [ -75.259854, 39.876399 ], [ -75.259723, 39.876391 ], [ -75.259273, 39.876363 ], [ -75.259016, 39.876348 ], [ -75.257852, 39.876277 ], [ -75.257719, 39.876269 ], [ -75.25741, 39.87625 ], [ -75.257146, 39.876234 ], [ -75.256127, 39.876172 ], [ -75.255435, 39.87613 ], [ -75.255084, 39.876109 ], [ -75.254652, 39.876083 ], [ -75.254291, 39.876061 ], [ -75.253986, 39.876042 ], [ -75.253737, 39.876027 ], [ -75.253665, 39.876023 ], [ -75.253515, 39.876015 ], [ -75.253456, 39.876011 ], [ -75.253217, 39.875996 ], [ -75.253017, 39.875983 ], [ -75.252725, 39.875965 ], [ -75.252257, 39.875937 ], [ -75.251751, 39.876009 ], [ -75.250302, 39.876217 ], [ -75.249644, 39.876311 ], [ -75.248431, 39.876485 ], [ -75.248404, 39.876464 ], [ -75.248098, 39.876208 ], [ -75.246825, 39.875143 ], [ -75.246776, 39.875103 ], [ -75.246734, 39.875068 ], [ -75.242729, 39.873039 ], [ -75.242694, 39.873021 ], [ -75.242568, 39.872955 ], [ -75.24229, 39.872808 ], [ -75.242218, 39.872777 ], [ -75.241746, 39.872585 ], [ -75.241555, 39.87254 ], [ -75.241419, 39.872511 ], [ -75.241371, 39.872501 ], [ -75.241216, 39.872466 ], [ -75.241088, 39.872438 ], [ -75.240937, 39.872405 ], [ -75.240898, 39.8724 ], [ -75.24047, 39.872381 ], [ -75.240101, 39.872597 ], [ -75.2401, 39.872629 ], [ -75.240101, 39.872731 ], [ -75.240105, 39.872858 ], [ -75.240098, 39.87303 ], [ -75.239404, 39.873299 ], [ -75.239348, 39.873372 ], [ -75.23926, 39.87349 ], [ -75.239171, 39.873609 ], [ -75.238992, 39.873836 ], [ -75.238688, 39.873959 ], [ -75.238376, 39.874301 ], [ -75.238325, 39.874362 ], [ -75.238246, 39.874446 ], [ -75.23811, 39.874593 ], [ -75.237459, 39.874804 ], [ -75.2375, 39.874867 ], [ -75.237536, 39.874911 ], [ -75.23759, 39.874982 ], [ -75.2375, 39.87508 ], [ -75.236932, 39.875116 ], [ -75.236785, 39.875446 ], [ -75.236774, 39.875475 ], [ -75.236713, 39.875614 ], [ -75.23664, 39.875736 ], [ -75.23637, 39.876187 ], [ -75.23605, 39.876404 ], [ -75.235966, 39.876461 ], [ -75.235928, 39.876488 ], [ -75.235795, 39.876579 ], [ -75.235537, 39.876751 ], [ -75.235024, 39.876964 ], [ -75.234684, 39.877045 ], [ -75.234652, 39.877053 ], [ -75.23448, 39.877094 ], [ -75.234302, 39.877136 ], [ -75.234122, 39.877181 ], [ -75.234018, 39.877179 ], [ -75.233956, 39.877177 ], [ -75.233271, 39.877154 ], [ -75.232991, 39.877128 ], [ -75.232814, 39.877111 ], [ -75.232657, 39.877093 ], [ -75.232549, 39.877082 ], [ -75.23231, 39.877056 ], [ -75.231929, 39.877016 ], [ -75.23187, 39.87701 ], [ -75.231055, 39.876938 ], [ -75.230996, 39.876933 ], [ -75.230846, 39.876919 ], [ -75.230644, 39.876901 ], [ -75.230475, 39.876889 ], [ -75.229985, 39.876847 ], [ -75.228905, 39.876692 ], [ -75.228724, 39.876667 ], [ -75.22847, 39.876631 ], [ -75.227119, 39.876436 ], [ -75.22689, 39.876404 ], [ -75.226844, 39.876402 ], [ -75.225951, 39.876266 ], [ -75.225028, 39.876093 ], [ -75.224857, 39.87606 ], [ -75.224653, 39.876023 ], [ -75.223763, 39.875858 ], [ -75.223152, 39.875784 ], [ -75.223065, 39.875774 ], [ -75.222869, 39.87575 ], [ -75.222697, 39.87573 ], [ -75.222081, 39.875674 ], [ -75.221279, 39.875606 ], [ -75.221275, 39.875606 ], [ -75.221229, 39.875602 ], [ -75.221041, 39.875586 ], [ -75.220865, 39.87557 ], [ -75.21977, 39.875479 ], [ -75.219735, 39.875473 ], [ -75.219703, 39.875476 ], [ -75.219648, 39.875491 ], [ -75.21962, 39.875502 ], [ -75.219445, 39.875543 ], [ -75.219241, 39.875591 ], [ -75.218921, 39.875669 ], [ -75.218885, 39.875673 ], [ -75.218824, 39.875672 ], [ -75.21832, 39.875678 ], [ -75.218034, 39.875683 ], [ -75.217858, 39.875701 ], [ -75.217701, 39.87572 ], [ -75.217515, 39.875745 ], [ -75.217013, 39.875807 ], [ -75.216844, 39.875843 ], [ -75.216702, 39.875876 ], [ -75.21637, 39.875952 ], [ -75.216348, 39.875957 ], [ -75.216203, 39.875991 ], [ -75.216046, 39.876024 ], [ -75.2159, 39.876059 ], [ -75.215722, 39.876087 ], [ -75.215727, 39.876018 ], [ -75.215787, 39.875052 ], [ -75.216015, 39.871468 ], [ -75.216022, 39.871358 ], [ -75.216039, 39.871115 ], [ -75.2114167, 39.867005 ], [ -75.2109156, 39.8673004 ], [ -75.2050232, 39.8707732 ], [ -75.204087, 39.871204 ], [ -75.2032465, 39.871605 ], [ -75.2002244, 39.8730467 ], [ -75.1999414, 39.8731817 ], [ -75.199857, 39.873222 ], [ -75.199468, 39.873552 ], [ -75.199049, 39.87399 ], [ -75.197636, 39.875294 ], [ -75.197424, 39.875515 ], [ -75.197123, 39.875818 ], [ -75.196761, 39.876098 ], [ -75.196404, 39.876418 ], [ -75.195908, 39.876811 ], [ -75.195489, 39.877167 ], [ -75.195361, 39.877276 ], [ -75.195236, 39.877365 ], [ -75.195018, 39.877521 ], [ -75.19471, 39.877741 ], [ -75.194171, 39.878107 ], [ -75.1936751, 39.8784162 ], [ -75.193462, 39.878549 ], [ -75.192738, 39.879006 ], [ -75.1921776, 39.8793151 ], [ -75.190809, 39.880027 ], [ -75.190099, 39.880348 ], [ -75.18877, 39.880832 ], [ -75.187889, 39.881095 ], [ -75.187214, 39.881267 ], [ -75.185735, 39.881607 ], [ -75.183956, 39.881885 ], [ -75.181386, 39.882123 ], [ -75.1805734, 39.8821748 ], [ -75.1800773, 39.8822065 ], [ -75.1752848, 39.8823359 ], [ -75.174539, 39.88236 ], [ -75.172647, 39.882421 ], [ -75.169129, 39.882493 ], [ -75.168658, 39.882503 ], [ -75.1662325, 39.8825727 ], [ -75.162872, 39.882649 ], [ -75.1521411, 39.8833852 ], [ -75.150653, 39.883504 ], [ -75.148893, 39.883727 ], [ -75.147366, 39.883921 ], [ -75.145146, 39.8841977 ], [ -75.1431616, 39.8848859 ], [ -75.141138, 39.8860178 ], [ -75.1395379, 39.8879691 ], [ -75.138527, 39.88889 ], [ -75.137296, 39.889966 ], [ -75.136177, 39.891789 ], [ -75.135255, 39.8931349 ], [ -75.1343895, 39.8943984 ], [ -75.1313729, 39.9002175 ], [ -75.1311336, 39.900841 ], [ -75.1304875, 39.9025242 ], [ -75.129634, 39.904826 ], [ -75.129584, 39.905066 ], [ -75.1294238, 39.9056134 ], [ -75.1293302, 39.9059328 ], [ -75.128887, 39.907446 ], [ -75.1286273, 39.908584 ], [ -75.1283739, 39.9096944 ], [ -75.1282967, 39.9118451 ], [ -75.1288938, 39.9141147 ], [ -75.1301061, 39.9170409 ], [ -75.1303301, 39.9175791 ], [ -75.131631, 39.920143 ], [ -75.1323934, 39.9217691 ], [ -75.1349109, 39.9259853 ], [ -75.1354731, 39.9273152 ], [ -75.1359238, 39.9292325 ], [ -75.1361415, 39.9334288 ], [ -75.1361515, 39.933904 ], [ -75.1361325, 39.9344889 ], [ -75.1361489, 39.9352506 ], [ -75.136177, 39.936548 ], [ -75.136195, 39.936793 ], [ -75.13623, 39.937697 ], [ -75.136204, 39.938663 ], [ -75.136221, 39.939764 ], [ -75.136265, 39.940478 ], [ -75.1363868, 39.9430427 ], [ -75.136302, 39.9447059 ], [ -75.1359919, 39.9476744 ], [ -75.1356722, 39.9493342 ], [ -75.1352125, 39.9512402 ], [ -75.1348144, 39.9524291 ], [ -75.1345592, 39.9529994 ], [ -75.1343742, 39.9534127 ], [ -75.1339368, 39.95447 ], [ -75.1325748, 39.9567246 ], [ -75.1317959, 39.9576136 ], [ -75.1306908, 39.9586761 ], [ -75.1297697, 39.9594562 ], [ -75.1296827, 39.9595068 ], [ -75.1286431, 39.9601116 ], [ -75.125701, 39.961823 ], [ -75.125421, 39.96196 ], [ -75.1249651, 39.9621836 ], [ -75.12391, 39.962701 ], [ -75.123821, 39.962744 ], [ -75.1219062, 39.9639069 ], [ -75.119491, 39.965372 ], [ -75.1192321, 39.9654324 ], [ -75.1188903, 39.9655679 ], [ -75.1143917, 39.9676954 ], [ -75.1124474, 39.9685115 ], [ -75.1081211, 39.9703131 ], [ -75.10604, 39.971104 ], [ -75.102287, 39.972377 ], [ -75.096372, 39.973981 ], [ -75.0938934, 39.9743243 ], [ -75.092365, 39.974536 ], [ -75.090861, 39.974744 ], [ -75.089658, 39.97483 ], [ -75.08714, 39.975009 ], [ -75.085831, 39.975102 ], [ -75.0831061, 39.9759788 ], [ -75.0802, 39.97702 ], [ -75.0787478, 39.9773427 ], [ -75.075605, 39.978041 ], [ -75.0742869, 39.9787858 ], [ -75.071506, 39.980357 ], [ -75.071264, 39.980493 ], [ -75.068802, 39.98224 ], [ -75.068593, 39.982388 ], [ -75.0675947, 39.9831554 ], [ -75.066371, 39.9840959 ], [ -75.065748, 39.984643 ], [ -75.065703, 39.984683 ], [ -75.065652, 39.984728 ], [ -75.065643, 39.984735 ], [ -75.065581, 39.98479 ], [ -75.065516, 39.984848 ], [ -75.06545, 39.984905 ], [ -75.065437, 39.984917 ], [ -75.065416, 39.984936 ], [ -75.065391, 39.984958 ], [ -75.065372, 39.9849751 ], [ -75.065331, 39.985012 ], [ -75.065096, 39.985218 ], [ -75.064627, 39.985631 ], [ -75.064175, 39.986027 ], [ -75.062064, 39.98865 ], [ -75.0610616, 39.9899973 ], [ -75.0599838, 39.9914462 ], [ -75.0599122, 39.9915317 ], [ -75.0594177, 39.9926987 ], [ -75.058502, 39.994801 ], [ -75.058089, 39.997404 ], [ -75.0567, 39.999331 ], [ -75.056296, 39.9999729 ], [ -75.054205, 40.0032947 ], [ -75.0538278, 40.003894 ], [ -75.053712, 40.004078 ], [ -75.053405, 40.004568 ], [ -75.052225, 40.00546 ], [ -75.0515883, 40.0060577 ], [ -75.0501122, 40.0074434 ], [ -75.0481356, 40.0090769 ], [ -75.04709, 40.009941 ], [ -75.044878, 40.011196 ], [ -75.0437912, 40.0116527 ], [ -75.043229, 40.011889 ], [ -75.04305, 40.011964 ], [ -75.04297, 40.011998 ], [ -75.042889, 40.012032 ], [ -75.0423357, 40.0122646 ], [ -75.041267, 40.012714 ], [ -75.0400581, 40.0131672 ], [ -75.038389, 40.013793 ], [ -75.034216, 40.015219 ], [ -75.031914, 40.015831 ], [ -75.031371, 40.015976 ], [ -75.030938, 40.016092 ], [ -75.030583, 40.016194 ], [ -75.0298, 40.016419 ], [ -75.027736, 40.0170113 ], [ -75.0275, 40.017079 ], [ -75.0239642, 40.0176306 ], [ -75.019645, 40.018436 ], [ -75.015515, 40.019511 ], [ -75.013776, 40.020166 ], [ -75.012421, 40.020925 ], [ -75.010369, 40.022491 ], [ -75.0094835, 40.0231032 ], [ -75.0061061, 40.0254383 ], [ -75.003853, 40.026996 ], [ -75.0000186, 40.0293397 ], [ -74.9964765, 40.0321341 ], [ -74.9944025, 40.0337703 ], [ -74.9906481, 40.0367665 ], [ -74.9894243, 40.0377553 ], [ -74.9890359, 40.0381011 ], [ -74.9885248, 40.0385611 ], [ -74.9873315, 40.0396349 ], [ -74.9858017, 40.0410114 ], [ -74.983913, 40.042711 ], [ -74.981517, 40.0442736 ], [ -74.979038, 40.0462589 ], [ -74.9743916, 40.0498029 ], [ -74.9782629, 40.0524953 ], [ -74.978416, 40.052556 ], [ -74.978542, 40.052632 ], [ -74.9786982, 40.052743 ], [ -74.9788232, 40.0528515 ], [ -74.979048, 40.0529965 ], [ -74.979324, 40.053221 ], [ -74.979489, 40.053341 ], [ -74.979659, 40.053473 ], [ -74.979664, 40.053476 ], [ -74.979787, 40.053537 ], [ -74.979915, 40.053579 ], [ -74.9800811, 40.0536137 ], [ -74.98025, 40.053647 ], [ -74.980388, 40.053636 ], [ -74.980556, 40.053613 ], [ -74.980724, 40.053598 ], [ -74.980914, 40.053591 ], [ -74.981247, 40.05361 ], [ -74.981456, 40.053617 ], [ -74.981716, 40.053647 ], [ -74.981958, 40.053699 ], [ -74.9823819, 40.0538302 ], [ -74.9826147, 40.0538957 ], [ -74.9829015, 40.0540319 ], [ -74.9830909, 40.0541388 ], [ -74.983521, 40.054433 ], [ -74.983637, 40.054546 ], [ -74.9836796, 40.0547115 ], [ -74.9838687, 40.054926 ], [ -74.984131, 40.0551359 ], [ -74.984263, 40.055268 ], [ -74.984273, 40.055366 ], [ -74.984272, 40.055631 ], [ -74.984323, 40.055828 ], [ -74.984336, 40.055934 ], [ -74.984343, 40.055992 ], [ -74.984382, 40.056146 ], [ -74.984417, 40.056218 ], [ -74.984483, 40.056295 ], [ -74.984537, 40.056374 ], [ -74.984663, 40.056477 ], [ -74.984783, 40.056575 ], [ -74.984922, 40.05671 ], [ -74.9850519, 40.0568294 ], [ -74.9851914, 40.0570351 ], [ -74.9851775, 40.0571902 ], [ -74.9850632, 40.0573255 ], [ -74.9849729, 40.0573757 ], [ -74.9846865, 40.0575482 ], [ -74.9844771, 40.0576764 ], [ -74.9842941, 40.057791 ], [ -74.9838985, 40.057897 ], [ -74.983596, 40.057976 ], [ -74.9834347, 40.058058 ], [ -74.983346, 40.058127 ], [ -74.9831729, 40.0582343 ], [ -74.9828653, 40.0584019 ], [ -74.982495, 40.0585676 ], [ -74.9823325, 40.0586677 ], [ -74.9821915, 40.0587837 ], [ -74.9820662, 40.0589221 ], [ -74.9819407, 40.0590718 ], [ -74.9818375, 40.0591949 ], [ -74.9816688, 40.0593426 ], [ -74.9815865, 40.0594342 ], [ -74.981515, 40.0595584 ], [ -74.9814555, 40.0596639 ], [ -74.981393, 40.059719 ], [ -74.981312, 40.059799 ], [ -74.981222, 40.059848 ], [ -74.9811203, 40.0598898 ], [ -74.9809641, 40.0598961 ], [ -74.9808242, 40.0599029 ], [ -74.980755, 40.059922 ], [ -74.980655, 40.059956 ], [ -74.980574, 40.059985 ], [ -74.9804604, 40.0600785 ], [ -74.980428, 40.06015 ], [ -74.980425, 40.060246 ], [ -74.9804368, 40.0603196 ], [ -74.980492, 40.060376 ], [ -74.980565, 40.060433 ], [ -74.9807187, 40.0605261 ], [ -74.980785, 40.060596 ], [ -74.980873, 40.060692 ], [ -74.980918, 40.060812 ], [ -74.9809491, 40.0609507 ], [ -74.9809268, 40.061122 ], [ -74.9809295, 40.061224 ], [ -74.9809401, 40.0612768 ], [ -74.980957, 40.061421 ], [ -74.980998, 40.061534 ], [ -74.981028, 40.061666 ], [ -74.981031, 40.061772 ], [ -74.981013, 40.061871 ], [ -74.980998, 40.06195 ], [ -74.9809385, 40.0620316 ], [ -74.9808466, 40.0623086 ], [ -74.980843, 40.0625125 ], [ -74.9809182, 40.0626225 ], [ -74.980966, 40.062767 ], [ -74.980976, 40.062844 ], [ -74.981014, 40.062906 ], [ -74.981058, 40.062947 ], [ -74.9810983, 40.0630691 ], [ -74.9811012, 40.0631662 ], [ -74.981098, 40.063248 ], [ -74.98108, 40.063276 ], [ -74.981061, 40.063306 ], [ -74.981011, 40.063376 ], [ -74.980987, 40.063443 ], [ -74.980978, 40.063499 ], [ -74.980978, 40.063566 ], [ -74.980982, 40.063655 ], [ -74.980967, 40.063744 ], [ -74.980946, 40.063894 ], [ -74.9809379, 40.0640527 ], [ -74.9809299, 40.0642214 ], [ -74.9809314, 40.064331 ], [ -74.9809347, 40.0644125 ], [ -74.9809432, 40.0646129 ], [ -74.981084, 40.0650831 ], [ -74.9811778, 40.0652654 ], [ -74.9809383, 40.0655923 ], [ -74.9809361, 40.0656428 ], [ -74.980981, 40.0657497 ], [ -74.9809928, 40.0659743 ], [ -74.9807884, 40.0661675 ], [ -74.9805129, 40.0663102 ], [ -74.9802325, 40.0663698 ], [ -74.9800915, 40.0664897 ], [ -74.9799084, 40.0666466 ], [ -74.9798091, 40.0669332 ], [ -74.979237, 40.0672531 ], [ -74.9789938, 40.0673598 ], [ -74.978624, 40.067438 ], [ -74.9775844, 40.0679289 ], [ -74.9772414, 40.0681403 ], [ -74.977179, 40.0682306 ], [ -74.9771335, 40.068483 ], [ -74.9770312, 40.0686922 ], [ -74.9769169, 40.0688893 ], [ -74.9768701, 40.0691063 ], [ -74.9767011, 40.0692218 ], [ -74.9765215, 40.0692711 ], [ -74.976202, 40.069432 ], [ -74.9759825, 40.0694809 ], [ -74.9752943, 40.0698209 ], [ -74.9751784, 40.0699605 ], [ -74.9751171, 40.070123 ], [ -74.9751095, 40.0702414 ], [ -74.975065, 40.070408 ], [ -74.9750288, 40.0706627 ], [ -74.9749023, 40.0707591 ], [ -74.9747229, 40.0708519 ], [ -74.974416, 40.070949 ], [ -74.9740519, 40.0710534 ], [ -74.9737823, 40.0712076 ], [ -74.9735096, 40.0716253 ], [ -74.9731099, 40.0718524 ], [ -74.9729689, 40.0719358 ], [ -74.972833, 40.0719656 ], [ -74.9725457, 40.0721284 ], [ -74.9723611, 40.0725473 ], [ -74.9723553, 40.0728017 ], [ -74.9722995, 40.073073 ], [ -74.9722314, 40.0731935 ], [ -74.9721086, 40.0732889 ], [ -74.9719681, 40.0732932 ], [ -74.971543, 40.073438 ], [ -74.9712129, 40.0736503 ], [ -74.9710336, 40.0738326 ], [ -74.9710358, 40.0739221 ], [ -74.9711333, 40.0740734 ], [ -74.9714952, 40.0742508 ], [ -74.971602, 40.0744521 ], [ -74.9713588, 40.0746074 ], [ -74.9713234, 40.0748317 ], [ -74.9711956, 40.0751416 ], [ -74.971258, 40.07536 ], [ -74.9713857, 40.0755565 ], [ -74.9713888, 40.0757258 ], [ -74.9712919, 40.0758635 ], [ -74.971029, 40.075981 ], [ -74.970894, 40.076123 ], [ -74.9707438, 40.0762623 ], [ -74.970655, 40.0762945 ], [ -74.9705116, 40.0762707 ], [ -74.9704446, 40.0761932 ], [ -74.9703137, 40.0762075 ], [ -74.9700869, 40.0762707 ], [ -74.9699581, 40.0763978 ], [ -74.969813, 40.0764692 ], [ -74.9693954, 40.0764286 ], [ -74.9692051, 40.0763335 ], [ -74.9689681, 40.076275 ], [ -74.968522, 40.0763337 ], [ -74.968099, 40.0763652 ], [ -74.9676656, 40.0763702 ], [ -74.967294, 40.0763516 ], [ -74.9670058, 40.0763929 ], [ -74.966879, 40.076437 ], [ -74.9668268, 40.0765187 ], [ -74.9667831, 40.0768167 ], [ -74.9666455, 40.0769972 ], [ -74.9664373, 40.0771458 ], [ -74.966247, 40.0771985 ], [ -74.965947, 40.077245 ], [ -74.9653616, 40.0772633 ], [ -74.9650403, 40.0771734 ], [ -74.9642947, 40.0770913 ], [ -74.9639806, 40.0770532 ], [ -74.9635547, 40.077054 ], [ -74.9632711, 40.0771812 ], [ -74.9626879, 40.0778095 ], [ -74.9624405, 40.078012 ], [ -74.9624517, 40.078317 ], [ -74.9624797, 40.0784524 ], [ -74.9624833, 40.0786058 ], [ -74.962433, 40.0787099 ], [ -74.9623196, 40.0788207 ], [ -74.962137, 40.0791558 ], [ -74.9620902, 40.0793919 ], [ -74.962053, 40.0794829 ], [ -74.9617386, 40.0796207 ], [ -74.9616207, 40.0797899 ], [ -74.9613527, 40.0799693 ], [ -74.9601133, 40.0813074 ], [ -74.9598911, 40.082059 ], [ -74.9596771, 40.0822142 ], [ -74.9593803, 40.0823582 ], [ -74.959092, 40.0824493 ], [ -74.9588742, 40.0826235 ], [ -74.9589202, 40.0833893 ], [ -74.9585219, 40.0841182 ], [ -74.9582621, 40.0842205 ], [ -74.9581526, 40.0843517 ], [ -74.9584137, 40.0846458 ], [ -74.9584254, 40.0848111 ], [ -74.958387, 40.0849814 ], [ -74.9581843, 40.0851117 ], [ -74.9580445, 40.0853363 ], [ -74.9580771, 40.0855623 ], [ -74.9583503, 40.0859998 ], [ -74.9578215, 40.0873056 ], [ -74.9577039, 40.0879763 ], [ -74.9578139, 40.0882911 ], [ -74.9581425, 40.0888722 ], [ -74.9581688, 40.0895111 ], [ -74.9580783, 40.0902812 ], [ -74.9579656, 40.0906216 ], [ -74.9572444, 40.0918322 ], [ -74.9569767, 40.0924629 ], [ -74.9569526, 40.092639 ], [ -74.9567759, 40.0929348 ], [ -74.9564919, 40.0932241 ], [ -74.9563221, 40.0935364 ], [ -74.9561597, 40.0943224 ], [ -74.9558577, 40.0948484 ], [ -74.9558314, 40.0951675 ], [ -74.9559913, 40.0955048 ], [ -74.9562732, 40.0958431 ], [ -74.9565368, 40.0959721 ], [ -74.9573254, 40.0960121 ], [ -74.9576897, 40.0961254 ], [ -74.9581363, 40.0964817 ], [ -74.9584753, 40.0968427 ], [ -74.9597806, 40.0973552 ], [ -74.9603238, 40.0974976 ], [ -74.9612416, 40.0975387 ], [ -74.9615045, 40.0977118 ], [ -74.9616582, 40.0979884 ], [ -74.9615334, 40.09818 ], [ -74.9614875, 40.0983724 ], [ -74.9617007, 40.0985063 ], [ -74.9618063, 40.0986394 ], [ -74.9617663, 40.0989199 ], [ -74.9614544, 40.0991485 ], [ -74.9614427, 40.0994457 ], [ -74.9616924, 40.0995469 ], [ -74.9617954, 40.0998562 ], [ -74.9616604, 40.100246 ], [ -74.9616899, 40.1006757 ], [ -74.9615348, 40.1009772 ], [ -74.9611876, 40.1011614 ], [ -74.9608135, 40.1017087 ], [ -74.9610607, 40.1019696 ], [ -74.9610925, 40.1022453 ], [ -74.9609961, 40.1024537 ], [ -74.9608223, 40.1025622 ], [ -74.9610675, 40.1029609 ], [ -74.9609211, 40.1031523 ], [ -74.9614629, 40.1038674 ], [ -74.961767, 40.1041674 ], [ -74.9620868, 40.1043794 ], [ -74.9625285, 40.1050771 ], [ -74.9632835, 40.1059317 ], [ -74.9635303, 40.1067101 ], [ -74.9636417, 40.1069369 ], [ -74.9638535, 40.10717 ], [ -74.9645759, 40.1073306 ], [ -74.9650444, 40.1076706 ], [ -74.96532, 40.1079593 ], [ -74.9652888, 40.1081297 ], [ -74.9642001, 40.1089626 ], [ -74.9638423, 40.1093724 ], [ -74.9634078, 40.110112 ], [ -74.9633909, 40.110288 ], [ -74.9636176, 40.1109673 ], [ -74.9636397, 40.1114079 ], [ -74.9635339, 40.1122495 ], [ -74.9636679, 40.1128894 ], [ -74.9635906, 40.1137422 ], [ -74.9631792, 40.1148618 ], [ -74.9631091, 40.1152301 ], [ -74.9634813, 40.1167531 ], [ -74.963658, 40.1172572 ], [ -74.963791, 40.1176369 ], [ -74.9642103, 40.1179103 ], [ -74.9646329, 40.1184591 ], [ -74.9649027, 40.1186543 ], [ -74.9651463, 40.1186839 ], [ -74.9654485, 40.118626 ], [ -74.9661608, 40.1182138 ], [ -74.9661797, 40.1182029 ], [ -74.9665841, 40.1180412 ], [ -74.9678977, 40.1175406 ], [ -74.968929, 40.1172083 ], [ -74.9694249, 40.1171575 ], [ -74.9698911, 40.1171726 ], [ -74.9702694, 40.1173191 ], [ -74.9710972, 40.1181246 ], [ -74.9717807, 40.1189841 ], [ -74.9720708, 40.1192619 ], [ -74.9725182, 40.1195906 ], [ -74.9731171, 40.1198602 ], [ -74.9737179, 40.1199976 ], [ -74.9747076, 40.1200502 ], [ -74.9762121, 40.1202394 ], [ -74.976975, 40.1200919 ], [ -74.9777134, 40.1201533 ], [ -74.9780454, 40.120024 ], [ -74.9784871, 40.1197635 ], [ -74.9789775, 40.1195971 ], [ -74.9794948, 40.1195685 ], [ -74.9798594, 40.1196653 ], [ -74.9803347, 40.1200437 ], [ -74.9814023, 40.1201686 ], [ -74.9823963, 40.1204195 ], [ -74.9826946, 40.1206313 ], [ -74.9828406, 40.1209519 ], [ -74.9823674, 40.1219058 ], [ -74.9823332, 40.12228 ], [ -74.9825206, 40.1227111 ], [ -74.9830918, 40.1234098 ], [ -74.9835841, 40.1236123 ], [ -74.9846788, 40.123853 ], [ -74.9851947, 40.1239124 ], [ -74.9861278, 40.1234248 ], [ -74.9865317, 40.1232907 ], [ -74.9868984, 40.1232443 ], [ -74.9872414, 40.1233463 ], [ -74.9877218, 40.1238735 ], [ -74.9880923, 40.1240639 ], [ -74.9886394, 40.1244485 ], [ -74.9887533, 40.1250111 ], [ -74.9886953, 40.1253314 ], [ -74.9887915, 40.1256853 ], [ -74.9891021, 40.1260487 ], [ -74.989473, 40.1263143 ], [ -74.9898283, 40.1263979 ], [ -74.9904509, 40.1263986 ], [ -74.9912207, 40.12627 ], [ -74.9924814, 40.1262441 ], [ -74.9934825, 40.1264994 ], [ -74.9938333, 40.1267205 ], [ -74.993923, 40.1268268 ], [ -74.9939921, 40.1271307 ], [ -74.9939815, 40.127466 ], [ -74.9939032, 40.1276792 ], [ -74.9932747, 40.1285421 ], [ -74.9931388, 40.1289907 ], [ -74.9931375, 40.1294803 ], [ -74.9930403, 40.1298416 ], [ -74.9924912, 40.1304531 ], [ -74.9923849, 40.1306436 ], [ -74.992486, 40.1310691 ], [ -74.9933514, 40.1317675 ], [ -74.9934896, 40.1319242 ], [ -74.9936232, 40.1322293 ], [ -74.9982893, 40.1280387 ], [ -75.0009911, 40.1296614 ], [ -75.0059608, 40.1325448 ], [ -75.0077938, 40.1336881 ], [ -75.0115001, 40.1357978 ], [ -75.0122581, 40.1362926 ], [ -75.015094, 40.1379593 ], [ -75.015629, 40.137335 ], [ -75.016322, 40.136527 ], [ -75.01649, 40.136354 ], [ -75.017021, 40.135806 ], [ -75.017777, 40.135025 ], [ -75.01795, 40.134848 ], [ -75.0182788, 40.134525 ], [ -75.019598, 40.133229 ], [ -75.020571, 40.132274 ], [ -75.023008, 40.13055 ], [ -75.02371, 40.130053 ], [ -75.024891, 40.129216 ], [ -75.025116, 40.129056 ], [ -75.025121, 40.129053 ], [ -75.025123, 40.129053 ], [ -75.025123, 40.129052 ], [ -75.025123, 40.129051 ], [ -75.025358, 40.128884 ], [ -75.025786, 40.128564 ], [ -75.026227, 40.128259 ], [ -75.026233, 40.12826 ], [ -75.031652, 40.124503 ], [ -75.031805, 40.124397 ], [ -75.033633, 40.12313 ], [ -75.037554, 40.120413 ], [ -75.037908, 40.120167 ], [ -75.038289, 40.119902 ], [ -75.038336, 40.11987 ], [ -75.038709, 40.119599 ], [ -75.039043, 40.119356 ], [ -75.042307, 40.117078 ], [ -75.044216, 40.115747 ], [ -75.047449, 40.113492 ], [ -75.048542, 40.112729 ], [ -75.049392, 40.112135 ], [ -75.049526, 40.112042 ], [ -75.050658, 40.111252 ], [ -75.052925, 40.109669 ], [ -75.052973, 40.109637 ], [ -75.0542569, 40.1087383 ], [ -75.0553346, 40.1079848 ], [ -75.057178, 40.106694 ], [ -75.057067, 40.106632 ], [ -75.057862, 40.106144 ], [ -75.057917, 40.106129 ], [ -75.057971, 40.106099 ], [ -75.058045, 40.10606 ], [ -75.058113, 40.106018 ], [ -75.058217, 40.105957 ], [ -75.058291, 40.105915 ], [ -75.058337, 40.105882 ], [ -75.0583561, 40.1058687 ], [ -75.058423, 40.105822 ], [ -75.0588933, 40.1053365 ], [ -75.0591296, 40.1050925 ], [ -75.059227, 40.104992 ], [ -75.059513, 40.104695 ], [ -75.059544, 40.104662 ], [ -75.059544, 40.104661 ], [ -75.060315, 40.103867 ], [ -75.0607104, 40.1034583 ], [ -75.0609403, 40.1032207 ], [ -75.061417, 40.102728 ], [ -75.062733, 40.101366 ], [ -75.062796, 40.1013 ], [ -75.063537, 40.100533 ], [ -75.063603, 40.100466 ], [ -75.063745, 40.100321 ], [ -75.064203, 40.099846 ], [ -75.064457, 40.099584 ], [ -75.064567, 40.099474 ], [ -75.064933, 40.099092 ], [ -75.065669, 40.09833 ], [ -75.067174, 40.096772 ], [ -75.067703, 40.096224 ], [ -75.069456, 40.094411 ], [ -75.070708, 40.093114 ], [ -75.071009, 40.092802 ], [ -75.071171, 40.092635 ], [ -75.07127, 40.092532 ], [ -75.071281, 40.09252 ], [ -75.071369, 40.09243 ], [ -75.074561, 40.089124 ], [ -75.074582, 40.089103 ], [ -75.07621, 40.087417 ], [ -75.076284, 40.08734 ], [ -75.076372, 40.087251 ], [ -75.076387, 40.087235 ], [ -75.076393, 40.087228 ], [ -75.077801, 40.085769 ], [ -75.07881, 40.085277 ], [ -75.081189, 40.084116 ], [ -75.0824281, 40.0829652 ], [ -75.083415, 40.081953 ], [ -75.084453, 40.080948 ], [ -75.0868699, 40.0786132 ], [ -75.0869441, 40.0786801 ], [ -75.089109, 40.076379 ], [ -75.0897663, 40.0755436 ], [ -75.090356, 40.075094 ], [ -75.0915146, 40.0739461 ], [ -75.091552, 40.073909 ], [ -75.092575, 40.072928 ], [ -75.093417, 40.072097 ], [ -75.093555, 40.071952 ], [ -75.0936148, 40.0718965 ], [ -75.0937339, 40.0717746 ], [ -75.0946769, 40.070931 ], [ -75.0955782, 40.07011 ], [ -75.0962659, 40.0688558 ], [ -75.0961669, 40.0687978 ], [ -75.0949988, 40.068123 ], [ -75.0939688, 40.0674908 ], [ -75.0928579, 40.0668738 ], [ -75.0922307, 40.0665219 ], [ -75.0914499, 40.0660548 ], [ -75.0907287, 40.0656187 ], [ -75.0898979, 40.0651518 ], [ -75.0892749, 40.0647888 ], [ -75.0890979, 40.0647155 ], [ -75.0888059, 40.0645158 ], [ -75.0884449, 40.0643068 ], [ -75.0882919, 40.0642178 ], [ -75.0876099, 40.0638208 ], [ -75.0869651, 40.0634895 ], [ -75.0873352, 40.0631282 ], [ -75.0877399, 40.0627128 ], [ -75.0882179, 40.0622348 ], [ -75.0885149, 40.0619368 ], [ -75.0885149, 40.0619358 ], [ -75.0892529, 40.0611978 ], [ -75.0892899, 40.0611618 ], [ -75.0901359, 40.0603138 ], [ -75.0901659, 40.0602818 ], [ -75.0906229, 40.0598238 ], [ -75.0906759, 40.0597698 ], [ -75.0907149, 40.0597308 ], [ -75.0909386, 40.0595277 ], [ -75.0910149, 40.0594308 ], [ -75.0916029, 40.0588418 ], [ -75.0918519, 40.0585748 ], [ -75.0922869, 40.0581068 ], [ -75.0922999, 40.0580908 ], [ -75.0932019, 40.0572886 ], [ -75.0929829, 40.0570648 ], [ -75.0932119, 40.0569068 ], [ -75.0935839, 40.0566478 ], [ -75.0937279, 40.0565558 ], [ -75.0938459, 40.0564788 ], [ -75.0941089, 40.0563098 ], [ -75.0942079, 40.0562458 ], [ -75.0943719, 40.0561398 ], [ -75.0946349, 40.0559708 ], [ -75.0947599, 40.0558898 ], [ -75.0948979, 40.0558028 ], [ -75.0951609, 40.0556358 ], [ -75.0954279, 40.0554698 ], [ -75.0956969, 40.0553058 ], [ -75.0959679, 40.0551448 ], [ -75.0962389, 40.0549858 ], [ -75.0965129, 40.0548278 ], [ -75.0967879, 40.0546698 ], [ -75.0970529, 40.0545188 ], [ -75.0970629, 40.0545128 ], [ -75.0973379, 40.0543568 ], [ -75.0976139, 40.0542008 ], [ -75.0978919, 40.0540458 ], [ -75.0981679, 40.0538908 ], [ -75.0984439, 40.0537358 ], [ -75.0987219, 40.0535798 ], [ -75.0989999, 40.0534268 ], [ -75.0992779, 40.0532728 ], [ -75.0993579, 40.0532288 ], [ -75.0995559, 40.0531178 ], [ -75.0997779, 40.0529908 ], [ -75.0998309, 40.0529618 ], [ -75.1001009, 40.0528008 ], [ -75.1003289, 40.0526588 ], [ -75.1003679, 40.0526358 ], [ -75.1004239, 40.0525998 ], [ -75.1004629, 40.0525758 ], [ -75.1006329, 40.0524678 ], [ -75.1008949, 40.0522998 ], [ -75.1011589, 40.0521318 ], [ -75.1014269, 40.0519678 ], [ -75.1016989, 40.0518078 ], [ -75.1019409, 40.0516688 ], [ -75.1019729, 40.0516498 ], [ -75.1022539, 40.0515008 ], [ -75.1025339, 40.0513518 ], [ -75.1027579, 40.0512318 ], [ -75.1027859, 40.0512158 ], [ -75.1028119, 40.0512008 ], [ -75.1030849, 40.0510408 ], [ -75.1033569, 40.0508798 ], [ -75.1036299, 40.0507188 ], [ -75.1039019, 40.0505568 ], [ -75.1041729, 40.0503938 ], [ -75.1043289, 40.0502988 ], [ -75.1044419, 40.0502318 ], [ -75.1047129, 40.0500688 ], [ -75.1049809, 40.0499058 ], [ -75.1052509, 40.0497428 ], [ -75.1055219, 40.0495828 ], [ -75.1057979, 40.0494248 ], [ -75.1060589, 40.0492568 ], [ -75.1063009, 40.0490708 ], [ -75.1065299, 40.0488738 ], [ -75.1065609, 40.0488468 ], [ -75.1067539, 40.0486748 ], [ -75.1069779, 40.0484758 ], [ -75.1072029, 40.0482758 ], [ -75.1074179, 40.0480718 ], [ -75.1076199, 40.0478588 ], [ -75.1078029, 40.0476358 ], [ -75.1079709, 40.0474068 ], [ -75.1081329, 40.0471748 ], [ -75.1082879, 40.0469398 ], [ -75.1084379, 40.0467028 ], [ -75.1085499, 40.0465178 ], [ -75.1088849, 40.0459298 ], [ -75.1088769, 40.0459028 ], [ -75.1088209, 40.0458178 ], [ -75.1089339, 40.0457168 ], [ -75.1089589, 40.0457508 ], [ -75.1102589, 40.0464988 ], [ -75.1103979, 40.0465788 ], [ -75.1105129, 40.0466458 ], [ -75.1105189, 40.0466488 ], [ -75.1106689, 40.0467348 ], [ -75.1109492, 40.0468964 ], [ -75.1115829, 40.0472618 ], [ -75.1118909, 40.0474398 ], [ -75.1123989, 40.0477348 ], [ -75.1124399, 40.0477588 ], [ -75.114094, 40.0485913 ], [ -75.1146304, 40.0488993 ], [ -75.1166742, 40.050045 ], [ -75.1177241, 40.0506628 ], [ -75.1181931, 40.0509294 ], [ -75.1182031, 40.0509443 ], [ -75.1191786, 40.0514958 ], [ -75.1204025, 40.0522049 ], [ -75.1211737, 40.0526289 ], [ -75.1214726, 40.0527923 ], [ -75.1221247, 40.0531668 ], [ -75.1233422, 40.0538145 ], [ -75.1241699, 40.0543158 ], [ -75.1242428, 40.054355 ], [ -75.1246149, 40.0545718 ], [ -75.1252947, 40.0549299 ], [ -75.1258742, 40.0552352 ], [ -75.1266735, 40.0557362 ], [ -75.1280522, 40.0565615 ], [ -75.1281487, 40.056619 ], [ -75.1285719, 40.0569088 ], [ -75.1290149, 40.0572088 ], [ -75.1301105, 40.0578782 ], [ -75.1307219, 40.0582748 ], [ -75.1312699, 40.0585878 ], [ -75.1317099, 40.0588391 ], [ -75.1321721, 40.0590989 ], [ -75.1330787, 40.0596666 ], [ -75.1334257, 40.0598959 ], [ -75.1343171, 40.0604635 ], [ -75.1347932, 40.0607713 ], [ -75.1368264, 40.0619862 ], [ -75.139405, 40.0634015 ], [ -75.1599553, 40.0751736 ], [ -75.16341, 40.0769809 ], [ -75.1677476, 40.079546 ], [ -75.1718393, 40.0819451 ], [ -75.1731482, 40.0827198 ], [ -75.1757894, 40.0842672 ], [ -75.176473, 40.0846702 ], [ -75.177697, 40.083385 ], [ -75.177942, 40.083128 ], [ -75.178198, 40.082876 ], [ -75.1784415, 40.0826403 ], [ -75.178683, 40.082389 ], [ -75.1789458, 40.0821407 ], [ -75.179198, 40.081878 ], [ -75.1794279, 40.0816506 ], [ -75.17947, 40.081609 ], [ -75.179745, 40.081355 ], [ -75.1799689, 40.0811336 ], [ -75.180006, 40.081097 ], [ -75.180261, 40.080852 ], [ -75.180512, 40.080605 ], [ -75.18077, 40.080349 ], [ -75.181117, 40.080015 ], [ -75.181453, 40.079678 ], [ -75.181802, 40.079336 ], [ -75.182037, 40.079108 ], [ -75.18232, 40.078839 ], [ -75.182579, 40.078573 ], [ -75.18287, 40.078291 ], [ -75.183093, 40.078074 ], [ -75.1833439, 40.0778267 ], [ -75.18338, 40.077797 ], [ -75.184938, 40.076233 ], [ -75.185022, 40.076149 ], [ -75.185673, 40.075513 ], [ -75.185841, 40.075349 ], [ -75.185917, 40.075282 ], [ -75.186385, 40.0748201 ], [ -75.186986, 40.074242 ], [ -75.18706, 40.074155 ], [ -75.1884881, 40.0727695 ], [ -75.188761, 40.072912 ], [ -75.188866, 40.072971 ], [ -75.189206, 40.073163 ], [ -75.1894218, 40.0732986 ], [ -75.189677, 40.073459 ], [ -75.189872, 40.073568 ], [ -75.190831, 40.074114 ], [ -75.195002, 40.076488 ], [ -75.195944, 40.077023 ], [ -75.19596, 40.077032 ], [ -75.196068, 40.077094 ], [ -75.196434, 40.077304 ], [ -75.197609, 40.077977 ], [ -75.197729, 40.078046 ], [ -75.198346, 40.078399 ], [ -75.198509, 40.078493 ], [ -75.200452, 40.079606 ], [ -75.200958, 40.079895 ], [ -75.202673, 40.080878 ], [ -75.2036706, 40.0814493 ], [ -75.204145, 40.081721 ], [ -75.204723, 40.082053 ], [ -75.205719, 40.0826431 ], [ -75.206291, 40.082951 ], [ -75.206323, 40.082969 ], [ -75.207828, 40.083791 ], [ -75.208434, 40.084197 ], [ -75.208909, 40.084574 ], [ -75.209155, 40.084754 ], [ -75.209283, 40.084833 ], [ -75.209481, 40.084942 ], [ -75.209635, 40.085021 ], [ -75.209778, 40.085089 ], [ -75.20997, 40.085168 ], [ -75.210351, 40.085313 ], [ -75.210494, 40.085374 ], [ -75.2116304, 40.0858333 ], [ -75.2117654, 40.0857923 ], [ -75.2120336, 40.0857759 ], [ -75.2122052, 40.0857923 ], [ -75.2124198, 40.0859318 ], [ -75.2125158, 40.0860509 ], [ -75.2126372, 40.0861797 ], [ -75.2127445, 40.0863274 ], [ -75.2128518, 40.086467 ], [ -75.2129805, 40.0866476 ], [ -75.2131522, 40.0868281 ], [ -75.2133131, 40.0869677 ], [ -75.2135813, 40.0871483 ], [ -75.21669, 40.088964 ], [ -75.216777, 40.089015 ], [ -75.216793, 40.089025 ], [ -75.217951, 40.089683 ], [ -75.217988, 40.089704 ], [ -75.21965, 40.090654 ], [ -75.220056, 40.090889 ], [ -75.220234, 40.09099 ], [ -75.220305, 40.09103 ], [ -75.221206, 40.091537 ], [ -75.221578, 40.091749 ], [ -75.221657, 40.091795 ], [ -75.221809, 40.091881 ], [ -75.222074, 40.092028 ], [ -75.222369, 40.092192 ], [ -75.222433, 40.092228 ], [ -75.2236046, 40.0929106 ], [ -75.2297545, 40.0867666 ], [ -75.2305445, 40.0859901 ], [ -75.2329519, 40.0836236 ], [ -75.242246, 40.0744865 ], [ -75.2432965, 40.0735137 ], [ -75.2543159, 40.0632956 ], [ -75.254859, 40.0626115 ], [ -75.2601953, 40.0578925 ], [ -75.2605386, 40.0575969 ], [ -75.2623991, 40.0559236 ], [ -75.2644328, 40.0540944 ], [ -75.262677, 40.052304 ], [ -75.261097, 40.050671 ], [ -75.259621, 40.049238 ], [ -75.257655, 40.047611 ], [ -75.255893, 40.046497 ], [ -75.255098, 40.046122 ], [ -75.254318, 40.045755 ], [ -75.252882, 40.044733 ], [ -75.2515454, 40.0436969 ], [ -75.251361, 40.043554 ], [ -75.251222, 40.043447 ], [ -75.250986, 40.043263 ], [ -75.250334, 40.042789 ], [ -75.249349, 40.042073 ], [ -75.249181, 40.041951 ], [ -75.249039, 40.041848 ], [ -75.247919, 40.040762 ], [ -75.247322, 40.040096 ], [ -75.247, 40.039738 ], [ -75.246674, 40.039168 ], [ -75.2462378, 40.0382785 ], [ -75.2459708, 40.0379614 ], [ -75.2456143, 40.037596 ], [ -75.243545, 40.03645 ], [ -75.243378, 40.036403 ], [ -75.243331, 40.036389 ], [ -75.243211, 40.036334 ], [ -75.242979, 40.036225 ], [ -75.242423, 40.035831 ], [ -75.2422331, 40.0356817 ], [ -75.241886, 40.035409 ], [ -75.241268, 40.034674 ], [ -75.241136, 40.034535 ], [ -75.2411, 40.034497 ], [ -75.240481, 40.033858 ], [ -75.239808, 40.033337 ], [ -75.239798, 40.033328 ], [ -75.2389801, 40.0327475 ], [ -75.238317, 40.032277 ], [ -75.23806, 40.032136 ], [ -75.237762, 40.031934 ], [ -75.237638, 40.031869 ], [ -75.237152, 40.031614 ], [ -75.235704, 40.030736 ], [ -75.2352355, 40.0303913 ], [ -75.235019, 40.030232 ], [ -75.234814, 40.030097 ], [ -75.233923, 40.02949 ], [ -75.232906, 40.028604 ], [ -75.2328919, 40.0285945 ], [ -75.232585, 40.028389 ], [ -75.232502, 40.028335 ], [ -75.232473, 40.028314 ], [ -75.232438, 40.028292 ], [ -75.232407, 40.028271 ], [ -75.232373, 40.028248 ], [ -75.231702, 40.0278 ], [ -75.231336, 40.027613 ], [ -75.231249, 40.027568 ], [ -75.231041, 40.027462 ], [ -75.230949, 40.027416 ], [ -75.2307964, 40.0273382 ], [ -75.230745, 40.027312 ], [ -75.229678, 40.026793 ], [ -75.228249, 40.026082 ], [ -75.228216, 40.026066 ], [ -75.228178, 40.026046 ], [ -75.2281076, 40.0260097 ], [ -75.228006, 40.025961 ], [ -75.227952, 40.025934 ], [ -75.226652, 40.025267 ], [ -75.226513, 40.025197 ], [ -75.226308, 40.025092 ], [ -75.225191, 40.024459 ], [ -75.223945, 40.023809 ], [ -75.22367, 40.023633 ], [ -75.223037, 40.023196 ], [ -75.222205, 40.022542 ], [ -75.221216, 40.022187 ], [ -75.220498, 40.022026 ], [ -75.219693, 40.02175 ], [ -75.219583, 40.021713 ], [ -75.219481, 40.021696 ], [ -75.219331, 40.021671 ], [ -75.2192388, 40.0216263 ], [ -75.218558, 40.021296 ], [ -75.218488, 40.021258 ], [ -75.217344, 40.020423 ], [ -75.216255, 40.019507 ], [ -75.21567, 40.018886 ], [ -75.215424, 40.018626 ], [ -75.214663, 40.017835 ], [ -75.214644, 40.017815 ], [ -75.213855, 40.016914 ], [ -75.213462, 40.016561 ], [ -75.213386, 40.016473 ], [ -75.213135, 40.016182 ], [ -75.208722, 40.013349 ], [ -75.208008, 40.012997 ], [ -75.207728, 40.012805 ], [ -75.207628, 40.012736 ], [ -75.207599, 40.012719 ], [ -75.206405, 40.012002 ], [ -75.2057752, 40.0116551 ], [ -75.2070544, 40.0106108 ], [ -75.2082066, 40.0099713 ], [ -75.2098348, 40.0090677 ], [ -75.2107421, 40.0085968 ], [ -75.213273, 40.0073911 ], [ -75.2137763, 40.0071659 ], [ -75.215055, 40.0066035 ], [ -75.2183634, 40.0050436 ], [ -75.2184875, 40.0049834 ], [ -75.2187463, 40.0048614 ], [ -75.2189355, 40.0047726 ], [ -75.2192341, 40.0046324 ], [ -75.2197026, 40.0044123 ], [ -75.2198899, 40.0043245 ], [ -75.2205689, 40.0040052 ], [ -75.2207021, 40.0039427 ], [ -75.2208594, 40.0038689 ], [ -75.2209935, 40.0038057 ], [ -75.2211935, 40.0037117 ], [ -75.2213446, 40.0036407 ], [ -75.2215868, 40.0035269 ], [ -75.2221329, 40.0032702 ], [ -75.22278, 40.002966 ], [ -75.2230659, 40.0028316 ], [ -75.2231392, 40.0027972 ], [ -75.2232458, 40.002747 ], [ -75.2235446, 40.0026064 ], [ -75.2236334, 40.0025649 ], [ -75.2237774, 40.0024976 ], [ -75.224164, 40.0023167 ], [ -75.224444, 40.0021858 ], [ -75.2246736, 40.0020785 ], [ -75.2256121, 40.0016395 ], [ -75.2258835, 40.0015126 ], [ -75.2260886, 40.0014193 ], [ -75.2263109, 40.0013192 ], [ -75.2264267, 40.001267 ], [ -75.2283762, 40.0003293 ], [ -75.2286667, 40.0001913 ], [ -75.2287422, 40.0001555 ], [ -75.2288061, 40.0001255 ], [ -75.2288255, 40.0001157 ], [ -75.2290863, 39.9999941 ], [ -75.2291266, 39.9999753 ], [ -75.2292703, 39.9999079 ], [ -75.229297, 39.9998954 ], [ -75.2294612, 39.9998185 ], [ -75.2294957, 39.9998024 ], [ -75.2295759, 39.9997648 ], [ -75.2296317, 39.9997386 ], [ -75.2298399, 39.999641 ], [ -75.2299342, 39.9995968 ], [ -75.229986, 39.9995725 ], [ -75.2301922, 39.9994759 ], [ -75.2302196, 39.999463 ], [ -75.2302316, 39.9994574 ], [ -75.2303044, 39.9994233 ], [ -75.230393, 39.9993818 ], [ -75.2304271, 39.9993658 ], [ -75.2304389, 39.9993603 ], [ -75.2305034, 39.9993301 ], [ -75.2307089, 39.9992337 ], [ -75.2307907, 39.9991954 ], [ -75.2308937, 39.9991471 ], [ -75.2310073, 39.9990939 ], [ -75.2312946, 39.9989593 ], [ -75.2313551, 39.9989309 ], [ -75.2317034, 39.9987676 ], [ -75.2319529, 39.9986507 ], [ -75.2320814, 39.9985905 ], [ -75.2321604, 39.9985534 ], [ -75.2323082, 39.9984841 ], [ -75.2323395, 39.9984695 ], [ -75.23245, 39.9984177 ], [ -75.2325374, 39.9983767 ], [ -75.2325646, 39.998364 ], [ -75.2326692, 39.998315 ], [ -75.2330761, 39.9981243 ], [ -75.2332301, 39.9980511 ], [ -75.2335725, 39.9978925 ], [ -75.2336314, 39.9978641 ], [ -75.2338216, 39.9977749 ], [ -75.2341826, 39.9976057 ], [ -75.2343069, 39.9975474 ], [ -75.2343456, 39.9975298 ], [ -75.2345954, 39.9974122 ], [ -75.2351873, 39.9971348 ], [ -75.2352829, 39.99709 ], [ -75.2354318, 39.9970203 ], [ -75.2359613, 39.996772 ], [ -75.2361909, 39.9966642 ], [ -75.2364033, 39.9965646 ], [ -75.2365922, 39.996476 ], [ -75.2371629, 39.9962081 ], [ -75.2373554, 39.9961178 ], [ -75.2376813, 39.9959649 ], [ -75.2383741, 39.9956398 ], [ -75.2389578, 39.9953659 ], [ -75.2390241, 39.9953348 ], [ -75.2394591, 39.9951306 ], [ -75.2396939, 39.9950205 ], [ -75.2398632, 39.994941 ], [ -75.2409313, 39.9944387 ], [ -75.240954, 39.9944282 ], [ -75.2410936, 39.9943636 ], [ -75.2415363, 39.9941558 ], [ -75.2416442, 39.9941052 ], [ -75.2429808, 39.993478 ], [ -75.2433182, 39.9933197 ], [ -75.2437775, 39.9931041 ], [ -75.2444215, 39.9928019 ], [ -75.244981, 39.9925393 ], [ -75.2452013, 39.9924359 ], [ -75.2456152, 39.9922417 ], [ -75.2456831, 39.9922098 ], [ -75.2457615, 39.992173 ], [ -75.2461406, 39.9919951 ], [ -75.2471286, 39.9915314 ], [ -75.2479989, 39.991123 ], [ -75.2486588, 39.9908133 ], [ -75.249091, 39.9906105 ], [ -75.249211, 39.9905542 ], [ -75.2493251, 39.9905023 ], [ -75.2495393, 39.9904001 ], [ -75.2498433, 39.9902574 ], [ -75.2501653, 39.9901063 ], [ -75.2508207, 39.9897987 ], [ -75.25092, 39.9897521 ], [ -75.2509948, 39.989717 ], [ -75.2511594, 39.9896397 ], [ -75.2511891, 39.9896258 ], [ -75.2513851, 39.9895338 ], [ -75.2514604, 39.9894985 ], [ -75.251552, 39.9894555 ], [ -75.2518995, 39.9892924 ], [ -75.252094, 39.9892011 ], [ -75.2522164, 39.9891437 ], [ -75.2525755, 39.9889751 ], [ -75.2530653, 39.9887453 ], [ -75.2533625, 39.9886058 ], [ -75.253843, 39.9883785 ], [ -75.2539906, 39.9883105 ], [ -75.254166, 39.9882245 ], [ -75.2547823, 39.9879373 ], [ -75.2556982, 39.9875105 ], [ -75.2560625, 39.9873407 ], [ -75.256141, 39.9873011 ], [ -75.2562098, 39.9872584 ], [ -75.2565115, 39.9870358 ], [ -75.2568291, 39.9868014 ], [ -75.2572785, 39.9864675 ], [ -75.2581301, 39.9858415 ], [ -75.2584576, 39.9855984 ], [ -75.2585693, 39.9855155 ], [ -75.2586827, 39.9854313 ], [ -75.2587255, 39.9853995 ], [ -75.2588068, 39.9853398 ], [ -75.25893, 39.9852689 ], [ -75.2590647, 39.985195 ], [ -75.2591995, 39.9851207 ], [ -75.259496, 39.9849572 ], [ -75.2602505, 39.9845412 ], [ -75.2607249, 39.9842796 ], [ -75.2608095, 39.984233 ], [ -75.2613089, 39.9839577 ], [ -75.2626789, 39.9832023 ], [ -75.2630893, 39.982976 ], [ -75.2632595, 39.9828821 ], [ -75.263458, 39.9827794 ], [ -75.2637148, 39.9826586 ], [ -75.2639178, 39.9825683 ], [ -75.2640155, 39.9825249 ], [ -75.2642755, 39.9824093 ], [ -75.2643874, 39.9823595 ], [ -75.2644971, 39.9823108 ], [ -75.2647856, 39.9821825 ], [ -75.2655202, 39.981856 ], [ -75.2656027, 39.9818193 ], [ -75.2662612, 39.9815266 ], [ -75.2673778, 39.9810302 ], [ -75.2676919, 39.9808906 ], [ -75.267724, 39.9808763 ], [ -75.2681096, 39.9807049 ], [ -75.2685034, 39.9805298 ], [ -75.2686106, 39.9804824 ], [ -75.2691382, 39.9802492 ], [ -75.2692581, 39.9801962 ], [ -75.2694568, 39.9801073 ], [ -75.2695916, 39.980047 ], [ -75.2696655, 39.9800139 ], [ -75.269732, 39.9799842 ], [ -75.2699077, 39.9799055 ], [ -75.2702082, 39.9797721 ], [ -75.2704559, 39.9796619 ], [ -75.2706617, 39.9795703 ], [ -75.2708504, 39.9794772 ], [ -75.2711817, 39.9793362 ], [ -75.2713415, 39.9792681 ], [ -75.2715309, 39.9791839 ], [ -75.2717188, 39.9791003 ], [ -75.2719423, 39.979001 ], [ -75.2722755, 39.9788528 ], [ -75.2723598, 39.9788154 ], [ -75.2726209, 39.9786993 ], [ -75.2728376, 39.978603 ], [ -75.2730377, 39.978514 ], [ -75.2734536, 39.9783291 ], [ -75.2735748, 39.9782753 ], [ -75.2736619, 39.9782365 ], [ -75.2739555, 39.978106 ], [ -75.2740619, 39.9780568 ], [ -75.27418, 39.9780044 ], [ -75.2753017, 39.9775075 ], [ -75.2759004, 39.9772414 ], [ -75.2761523, 39.9771294 ], [ -75.2765097, 39.9769692 ], [ -75.2767495, 39.9768401 ], [ -75.2768054, 39.9768119 ], [ -75.2770109, 39.9767038 ], [ -75.2773584, 39.9765208 ], [ -75.2776948, 39.9763438 ], [ -75.2783481, 39.976 ], [ -75.2785717, 39.9758823 ], [ -75.2789674, 39.9756741 ], [ -75.2790957, 39.9755998 ], [ -75.2792537, 39.9755193 ], [ -75.2796234, 39.9753288 ], [ -75.2799089, 39.9751869 ], [ -75.2802608, 39.97502 ], [ -75.280266, 39.974964 ] ] ] } },
{ "type": "Feature", "properties": { "Store_Location": "San Antonio" }, "geometry": { "type": "MultiPolygon", "coordinates": [ [ [ [ -98.8131865, 29.5615027 ], [ -98.81102, 29.5616412 ], [ -98.8093002, 29.5612434 ], [ -98.8082739, 29.5611108 ], [ -98.8070673, 29.561249 ], [ -98.8056975, 29.5612154 ], [ -98.8046798, 29.5612584 ], [ -98.8036793, 29.561376 ], [ -98.8026508, 29.5616505 ], [ -98.8010277, 29.5615796 ], [ -98.8005983, 29.561841 ], [ -98.7992585, 29.5612266 ], [ -98.7992652, 29.5621726 ], [ -98.7992831, 29.5647269 ], [ -98.7992895, 29.5656334 ], [ -98.7923769, 29.564331 ], [ -98.792079, 29.564264 ], [ -98.7921683, 29.5639102 ], [ -98.7957912, 29.5556732 ], [ -98.7973512, 29.5538374 ], [ -98.7978479, 29.5535057 ], [ -98.797672, 29.5515287 ], [ -98.7978683, 29.5513665 ], [ -98.7986526, 29.5509232 ], [ -98.8006744, 29.5496188 ], [ -98.8044719, 29.5474726 ], [ -98.8052202, 29.5470979 ], [ -98.8058146, 29.5466643 ], [ -98.8064133, 29.546248 ], [ -98.8070768, 29.5456703 ], [ -98.8081272, 29.5448121 ], [ -98.8094236, 29.5433722 ], [ -98.8096304, 29.5430603 ], [ -98.809944, 29.5425873 ], [ -98.8104171, 29.5416501 ], [ -98.8103213, 29.5405354 ], [ -98.8102869, 29.5402201 ], [ -98.810268, 29.5400471 ], [ -98.8102406, 29.5397959 ], [ -98.8101609, 29.5390651 ], [ -98.8101505, 29.53897 ], [ -98.810118, 29.5386718 ], [ -98.810098, 29.5384882 ], [ -98.8095655, 29.5343785 ], [ -98.8094098, 29.5335604 ], [ -98.8092211, 29.5325689 ], [ -98.8091267, 29.5320728 ], [ -98.8086329, 29.5326258 ], [ -98.8071471, 29.5339372 ], [ -98.806401, 29.5345036 ], [ -98.8055417, 29.5353146 ], [ -98.8053601, 29.5353172 ], [ -98.804721, 29.5358235 ], [ -98.8046269, 29.5361436 ], [ -98.8044289, 29.5366518 ], [ -98.8044405, 29.5368916 ], [ -98.8043662, 29.5369231 ], [ -98.8043151, 29.5369763 ], [ -98.8043893, 29.5370696 ], [ -98.8044507, 29.5371024 ], [ -98.8043106, 29.5374088 ], [ -98.8042242, 29.5375529 ], [ -98.8041262, 29.5374128 ], [ -98.8040268, 29.5373404 ], [ -98.800543, 29.5345391 ], [ -98.7978983, 29.5324125 ], [ -98.7989806, 29.530312 ], [ -98.7926748, 29.5251383 ], [ -98.7949205, 29.5207637 ], [ -98.7951922, 29.5202589 ], [ -98.7950701, 29.5201745 ], [ -98.7933864, 29.5233226 ], [ -98.7926049, 29.5248246 ], [ -98.7925672, 29.5248843 ], [ -98.7925135, 29.524997 ], [ -98.7924878, 29.5250813 ], [ -98.792482, 29.5251808 ], [ -98.7924913, 29.52526 ], [ -98.7925316, 29.525396 ], [ -98.7925828, 29.5254634 ], [ -98.7926612, 29.5255345 ], [ -98.7927362, 29.5255826 ], [ -98.7928303, 29.525625 ], [ -98.792926, 29.5256479 ], [ -98.7930388, 29.5256709 ], [ -98.7931356, 29.525733 ], [ -98.798427, 29.5300953 ], [ -98.7984825, 29.5301438 ], [ -98.7985273, 29.5302028 ], [ -98.7985757, 29.5303364 ], [ -98.7985807, 29.5304159 ], [ -98.7985827, 29.5304467 ], [ -98.7985717, 29.5305276 ], [ -98.7976729, 29.5323113 ], [ -98.796246, 29.53197 ], [ -98.7950636, 29.5316871 ], [ -98.7949041, 29.5323247 ], [ -98.7947637, 29.5328862 ], [ -98.7933811, 29.5384129 ], [ -98.7935926, 29.5388555 ], [ -98.7936006, 29.5421337 ], [ -98.7929786, 29.5421129 ], [ -98.7928868, 29.5417625 ], [ -98.7895973, 29.5425846 ], [ -98.7850694, 29.5420741 ], [ -98.7845256, 29.5423136 ], [ -98.7834917, 29.5429469 ], [ -98.7831989, 29.5431263 ], [ -98.7818123, 29.5425352 ], [ -98.7808174, 29.5421569 ], [ -98.7745019, 29.5395634 ], [ -98.7742382, 29.5394551 ], [ -98.7732007, 29.539029 ], [ -98.772643, 29.5388 ], [ -98.7740181, 29.5361245 ], [ -98.7743216, 29.5355339 ], [ -98.7747281, 29.534743 ], [ -98.775276, 29.533677 ], [ -98.7758155, 29.5326272 ], [ -98.7752487, 29.5324041 ], [ -98.7748694, 29.533134 ], [ -98.7740599, 29.5347295 ], [ -98.7739016, 29.5350415 ], [ -98.7737396, 29.5353436 ], [ -98.7720909, 29.5384178 ], [ -98.76527, 29.5356277 ], [ -98.7652277, 29.539415 ], [ -98.7652254, 29.539622 ], [ -98.7648917, 29.5402801 ], [ -98.7643473, 29.5413537 ], [ -98.7635715, 29.5428835 ], [ -98.7626395, 29.5447213 ], [ -98.7597816, 29.5436113 ], [ -98.7553695, 29.5399739 ], [ -98.7511817, 29.5365213 ], [ -98.7484018, 29.5354199 ], [ -98.7483359, 29.5353946 ], [ -98.75046, 29.531474 ], [ -98.7524604, 29.5274603 ], [ -98.7540835, 29.5243446 ], [ -98.754168, 29.5243728 ], [ -98.755138, 29.522379 ], [ -98.755504, 29.5216968 ], [ -98.7559671, 29.520819 ], [ -98.7581049, 29.5167666 ], [ -98.762604, 29.5184941 ], [ -98.7633417, 29.5170641 ], [ -98.7634953, 29.5167835 ], [ -98.7622353, 29.5163427 ], [ -98.7619538, 29.5162442 ], [ -98.7572311, 29.5144145 ], [ -98.7570942, 29.5143615 ], [ -98.7521576, 29.5124111 ], [ -98.7411003, 29.5080273 ], [ -98.7406285, 29.5078402 ], [ -98.7393614, 29.5073378 ], [ -98.7366557, 29.506265 ], [ -98.7355711, 29.5058355 ], [ -98.7351439, 29.5057013 ], [ -98.7337765, 29.5051576 ], [ -98.7299388, 29.5036317 ], [ -98.7259589, 29.502118 ], [ -98.7244275, 29.5015355 ], [ -98.7242497, 29.5014679 ], [ -98.722383, 29.5007547 ], [ -98.7222239, 29.5006919 ], [ -98.7222511, 29.5006378 ], [ -98.723158, 29.498853 ], [ -98.7245485, 29.4961321 ], [ -98.7213274, 29.494873 ], [ -98.7200705, 29.4960913 ], [ -98.719497, 29.4968786 ], [ -98.7194133, 29.4969861 ], [ -98.7195346, 29.497318 ], [ -98.7196266, 29.4977101 ], [ -98.7196642, 29.4982005 ], [ -98.7196667, 29.4984256 ], [ -98.7196494, 29.4986391 ], [ -98.7195972, 29.4989392 ], [ -98.7195041, 29.499234 ], [ -98.7193687, 29.4995532 ], [ -98.7193449, 29.4996025 ], [ -98.7187672, 29.4994482 ], [ -98.7182323, 29.499189 ], [ -98.7158541, 29.4983051 ], [ -98.7135531, 29.4974053 ], [ -98.713192, 29.4972587 ], [ -98.7095726, 29.4957891 ], [ -98.7099549, 29.4950417 ], [ -98.7100893, 29.494856 ], [ -98.7101588, 29.4947406 ], [ -98.7133489, 29.4885291 ], [ -98.7142335, 29.4864275 ], [ -98.7141723, 29.486299 ], [ -98.7131411, 29.4859165 ], [ -98.7133108, 29.4855509 ], [ -98.7138658, 29.484006 ], [ -98.71411, 29.482774 ], [ -98.7159153, 29.4834764 ], [ -98.7163686, 29.4836528 ], [ -98.7178743, 29.4842387 ], [ -98.7181119, 29.4843311 ], [ -98.7186974, 29.4845436 ], [ -98.718701, 29.4840329 ], [ -98.7187067, 29.4832189 ], [ -98.7188127, 29.4771877 ], [ -98.7191785, 29.4770975 ], [ -98.7228114, 29.4762014 ], [ -98.7260985, 29.4753949 ], [ -98.7259022, 29.4738453 ], [ -98.7258835, 29.4736974 ], [ -98.7258999, 29.4719501 ], [ -98.7267249, 29.4719614 ], [ -98.7263877, 29.4711008 ], [ -98.726386, 29.4704659 ], [ -98.7263661, 29.4703386 ], [ -98.7259053, 29.4684296 ], [ -98.7260051, 29.4683019 ], [ -98.7261604, 29.4683188 ], [ -98.7263806, 29.4683209 ], [ -98.7265553, 29.4683089 ], [ -98.7267965, 29.4682681 ], [ -98.7272178, 29.4682243 ], [ -98.7272078, 29.4681527 ], [ -98.7271253, 29.4677333 ], [ -98.7264604, 29.4678336 ], [ -98.7261581, 29.4678361 ], [ -98.7256779, 29.4663389 ], [ -98.725599, 29.4663572 ], [ -98.7253501, 29.4655648 ], [ -98.7237994, 29.4659376 ], [ -98.7231521, 29.4660932 ], [ -98.7228059, 29.4661764 ], [ -98.7226513, 29.4662136 ], [ -98.7222767, 29.4663037 ], [ -98.7194138, 29.4669918 ], [ -98.71898, 29.4670961 ], [ -98.7189194, 29.4671107 ], [ -98.7150145, 29.4680494 ], [ -98.7152646, 29.4648813 ], [ -98.7151971, 29.4560524 ], [ -98.7178621, 29.4536529 ], [ -98.7192195, 29.4524307 ], [ -98.7194495, 29.4522236 ], [ -98.7194679, 29.450968 ], [ -98.7194826, 29.4499591 ], [ -98.7192685, 29.449952 ], [ -98.7192681, 29.4499761 ], [ -98.7192634, 29.4502713 ], [ -98.7184145, 29.4502585 ], [ -98.7184319, 29.4494346 ], [ -98.7184024, 29.4492968 ], [ -98.7183568, 29.4491683 ], [ -98.7182482, 29.4489862 ], [ -98.718114, 29.4488075 ], [ -98.7177587, 29.4485651 ], [ -98.7174328, 29.447806 ], [ -98.7155727, 29.4480647 ], [ -98.7153313, 29.4480834 ], [ -98.7151619, 29.4480995 ], [ -98.7143791, 29.4480974 ], [ -98.7143885, 29.4481535 ], [ -98.7141236, 29.4481371 ], [ -98.7135836, 29.4481993 ], [ -98.7132653, 29.4481974 ], [ -98.7128659, 29.4482772 ], [ -98.7124054, 29.4484123 ], [ -98.7122479, 29.4485494 ], [ -98.7121876, 29.4475466 ], [ -98.7121916, 29.447334 ], [ -98.712161, 29.4470496 ], [ -98.71215, 29.446524 ], [ -98.7118775, 29.4443306 ], [ -98.7118916, 29.442882 ], [ -98.7118829, 29.4422196 ], [ -98.7118728, 29.4414538 ], [ -98.7121124, 29.4395959 ], [ -98.7121077, 29.4381799 ], [ -98.7143282, 29.438176 ], [ -98.7155992, 29.4381738 ], [ -98.7155888, 29.436947 ], [ -98.71557, 29.4349186 ], [ -98.7155685, 29.4348013 ], [ -98.7155651, 29.4345272 ], [ -98.7171895, 29.4341124 ], [ -98.7172146, 29.4326832 ], [ -98.7152198, 29.4326866 ], [ -98.7151728, 29.4325853 ], [ -98.7149499, 29.4316187 ], [ -98.7149819, 29.4298502 ], [ -98.7149384, 29.4269505 ], [ -98.7111299, 29.426954 ], [ -98.7092516, 29.4269131 ], [ -98.7037525, 29.4269555 ], [ -98.6938495, 29.426974 ], [ -98.6937542, 29.4232371 ], [ -98.69376, 29.4224204 ], [ -98.6937684, 29.4212394 ], [ -98.6937791, 29.4203833 ], [ -98.6937953, 29.4190903 ], [ -98.6938078, 29.4180992 ], [ -98.69381, 29.4178596 ], [ -98.6784796, 29.4177374 ], [ -98.6784261, 29.4177295 ], [ -98.6783955, 29.4177107 ], [ -98.6783707, 29.4176917 ], [ -98.6783633, 29.4176409 ], [ -98.6783775, 29.416615 ], [ -98.6783699, 29.4164464 ], [ -98.6782497, 29.4158657 ], [ -98.6779704, 29.4147499 ], [ -98.6783747, 29.4147369 ], [ -98.6783796, 29.412544 ], [ -98.678374, 29.4094821 ], [ -98.6777909, 29.4094821 ], [ -98.6775822, 29.4094432 ], [ -98.6768749, 29.4094417 ], [ -98.6768583, 29.4093032 ], [ -98.6768564, 29.4085126 ], [ -98.6767838, 29.4082575 ], [ -98.6767732, 29.408242 ], [ -98.6765542, 29.4079208 ], [ -98.6744574, 29.4062555 ], [ -98.6740332, 29.4060844 ], [ -98.6739902, 29.4060477 ], [ -98.6747837, 29.4048716 ], [ -98.6767101, 29.4046453 ], [ -98.6764782, 29.4043616 ], [ -98.6746626, 29.4027827 ], [ -98.6744125, 29.4025331 ], [ -98.6743918, 29.4021802 ], [ -98.6742187, 29.4002947 ], [ -98.674747, 29.4000723 ], [ -98.6749297, 29.3997314 ], [ -98.6749402, 29.3993947 ], [ -98.6748243, 29.399213 ], [ -98.674549, 29.3991681 ], [ -98.6741625, 29.3991569 ], [ -98.6740559, 29.3990906 ], [ -98.6739177, 29.3990345 ], [ -98.6737256, 29.3989977 ], [ -98.6736377, 29.3989569 ], [ -98.6734468, 29.3989161 ], [ -98.6734175, 29.3989263 ], [ -98.6733145, 29.3990038 ], [ -98.6731189, 29.3989814 ], [ -98.6728986, 29.3989171 ], [ -98.6726773, 29.3988191 ], [ -98.6725801, 29.398465 ], [ -98.6724594, 29.3982303 ], [ -98.672327, 29.3981079 ], [ -98.6723095, 29.3980221 ], [ -98.6720073, 29.3977211 ], [ -98.671732, 29.3975497 ], [ -98.6711944, 29.3973445 ], [ -98.670665, 29.3972731 ], [ -98.6696213, 29.3972353 ], [ -98.6691938, 29.3973272 ], [ -98.668867, 29.3974231 ], [ -98.6686972, 29.3974894 ], [ -98.6685343, 29.3975731 ], [ -98.6683856, 29.397667 ], [ -98.6682825, 29.3977374 ], [ -98.6681923, 29.397815 ], [ -98.6679229, 29.398066 ], [ -98.6678222, 29.3982742 ], [ -98.6678105, 29.3983834 ], [ -98.6680529, 29.3985528 ], [ -98.6678409, 29.3988977 ], [ -98.6678421, 29.3989916 ], [ -98.6678234, 29.3990396 ], [ -98.6677554, 29.3990875 ], [ -98.667691, 29.3991008 ], [ -98.6676266, 29.3990834 ], [ -98.6675458, 29.3990314 ], [ -98.6674813, 29.39896 ], [ -98.6674591, 29.3989181 ], [ -98.6674474, 29.3988406 ], [ -98.6672693, 29.3987977 ], [ -98.6671944, 29.3987202 ], [ -98.6670198, 29.3984722 ], [ -98.666891, 29.3981885 ], [ -98.6668465, 29.3980334 ], [ -98.666898, 29.3977374 ], [ -98.6668137, 29.3975456 ], [ -98.6667516, 29.3971772 ], [ -98.6667539, 29.396919 ], [ -98.6665302, 29.396472 ], [ -98.6666192, 29.3962516 ], [ -98.6664166, 29.3958689 ], [ -98.666043, 29.395623 ], [ -98.6656353, 29.3954189 ], [ -98.6653788, 29.3951882 ], [ -98.6649033, 29.3949045 ], [ -98.6647604, 29.3945831 ], [ -98.6647943, 29.3943738 ], [ -98.6649279, 29.3942238 ], [ -98.6649642, 29.3940759 ], [ -98.6649326, 29.3938075 ], [ -98.6648271, 29.3936227 ], [ -98.6649226, 29.3932133 ], [ -98.6650725, 29.3930858 ], [ -98.6651837, 29.3925666 ], [ -98.6670586, 29.3916954 ], [ -98.6677113, 29.3914364 ], [ -98.6680466, 29.3914158 ], [ -98.6724864, 29.3896628 ], [ -98.6743809, 29.3891158 ], [ -98.6853039, 29.3865052 ], [ -98.6856365, 29.3863777 ], [ -98.6908815, 29.3852011 ], [ -98.6917759, 29.3847403 ], [ -98.6921253, 29.3847032 ], [ -98.6936796, 29.3843846 ], [ -98.6938984, 29.3845118 ], [ -98.6940257, 29.3845165 ], [ -98.6942545, 29.3842576 ], [ -98.6964013, 29.3837575 ], [ -98.6974555, 29.3834733 ], [ -98.697718, 29.3834419 ], [ -98.6983502, 29.383428 ], [ -98.6985497, 29.3836347 ], [ -98.6988277, 29.3837112 ], [ -98.6991214, 29.3836759 ], [ -98.6994903, 29.3838434 ], [ -98.7002599, 29.3845558 ], [ -98.7023763, 29.3843775 ], [ -98.7025743, 29.3840196 ], [ -98.7028217, 29.3835724 ], [ -98.7032519, 29.383013 ], [ -98.7037913, 29.3823553 ], [ -98.7044572, 29.3818818 ], [ -98.7098416, 29.3806709 ], [ -98.7107644, 29.3804634 ], [ -98.7171748, 29.3790179 ], [ -98.7237029, 29.3780916 ], [ -98.7239845, 29.3779538 ], [ -98.72373, 29.3767823 ], [ -98.7224306, 29.3769187 ], [ -98.717279, 29.377604 ], [ -98.714911, 29.3781184 ], [ -98.7141285, 29.3782401 ], [ -98.7088219, 29.3795058 ], [ -98.7076897, 29.3796797 ], [ -98.7074269, 29.3796228 ], [ -98.7071207, 29.379702 ], [ -98.7067808, 29.3799913 ], [ -98.7061549, 29.3801458 ], [ -98.70402, 29.3803552 ], [ -98.7031202, 29.380192 ], [ -98.7023118, 29.3797166 ], [ -98.7016243, 29.3791468 ], [ -98.6993525, 29.3795827 ], [ -98.6991597, 29.3801354 ], [ -98.699138, 29.380582 ], [ -98.6988551, 29.3806541 ], [ -98.6985114, 29.3810924 ], [ -98.6981509, 29.3814406 ], [ -98.6976843, 29.3817766 ], [ -98.6963522, 29.3821752 ], [ -98.6957559, 29.3823537 ], [ -98.6942053, 29.38277 ], [ -98.694007, 29.3825986 ], [ -98.6938834, 29.3826445 ], [ -98.6936872, 29.3828817 ], [ -98.6915155, 29.3834017 ], [ -98.6909691, 29.3835602 ], [ -98.6902956, 29.3839103 ], [ -98.6851074, 29.3850728 ], [ -98.6847753, 29.3852136 ], [ -98.6778561, 29.3868471 ], [ -98.6747327, 29.3876047 ], [ -98.6728399, 29.3880966 ], [ -98.6718733, 29.3884205 ], [ -98.670981, 29.3887482 ], [ -98.6676677, 29.3900619 ], [ -98.6673171, 29.3900856 ], [ -98.6663627, 29.3904609 ], [ -98.6646938, 29.3912505 ], [ -98.664246, 29.3914259 ], [ -98.6632194, 29.3915608 ], [ -98.6618433, 29.3921031 ], [ -98.6611479, 29.3926443 ], [ -98.6596845, 29.3932565 ], [ -98.659335, 29.3925903 ], [ -98.6589075, 29.3924446 ], [ -98.6577023, 29.3929333 ], [ -98.6572713, 29.392795 ], [ -98.6543241, 29.3873945 ], [ -98.6525379, 29.3841255 ], [ -98.651855, 29.3828563 ], [ -98.6520149, 29.3827772 ], [ -98.6519268, 29.3826197 ], [ -98.6517572, 29.3826948 ], [ -98.6490104, 29.3776462 ], [ -98.6473812, 29.3746624 ], [ -98.6465572, 29.3731483 ], [ -98.6459183, 29.3719744 ], [ -98.6458505, 29.3718498 ], [ -98.643581, 29.3676965 ], [ -98.643565, 29.3664043 ], [ -98.646416, 29.3663813 ], [ -98.6464666, 29.3617692 ], [ -98.6464886, 29.3607959 ], [ -98.6465001, 29.347173 ], [ -98.6617315, 29.3474352 ], [ -98.6627956, 29.347175 ], [ -98.6667544, 29.346207 ], [ -98.6711181, 29.3462841 ], [ -98.6711931, 29.3281744 ], [ -98.67097, 29.3281677 ], [ -98.6706093, 29.3281141 ], [ -98.670322, 29.32806 ], [ -98.6700531, 29.3279932 ], [ -98.669729, 29.3278954 ], [ -98.6656646, 29.3260266 ], [ -98.6626392, 29.3246204 ], [ -98.6525537, 29.3199325 ], [ -98.6523016, 29.3198276 ], [ -98.6520254, 29.3197566 ], [ -98.6516676, 29.319725 ], [ -98.6518872, 29.3196447 ], [ -98.6496788, 29.319294 ], [ -98.6490954, 29.3190016 ], [ -98.648762, 29.3187397 ], [ -98.6484406, 29.3182266 ], [ -98.6448117, 29.3103647 ], [ -98.6440305, 29.3094134 ], [ -98.6421575, 29.3076139 ], [ -98.638942, 29.3006559 ], [ -98.6380621, 29.3005713 ], [ -98.6373023, 29.3004395 ], [ -98.6363875, 29.300213 ], [ -98.6355308, 29.2998592 ], [ -98.6346703, 29.2993656 ], [ -98.634061, 29.29887 ], [ -98.6340928, 29.2988317 ], [ -98.6325849, 29.2974668 ], [ -98.6350844, 29.2956955 ], [ -98.6371772, 29.2942304 ], [ -98.638165, 29.293694 ], [ -98.6382639, 29.2935393 ], [ -98.6382954, 29.2934148 ], [ -98.6383051, 29.293281 ], [ -98.6382819, 29.293181 ], [ -98.6388737, 29.2927417 ], [ -98.6393309, 29.2924069 ], [ -98.6394408, 29.2924524 ], [ -98.6395665, 29.2924666 ], [ -98.6396785, 29.2924463 ], [ -98.6397675, 29.292407 ], [ -98.6405154, 29.2917341 ], [ -98.6411532, 29.2912355 ], [ -98.6430267, 29.2896893 ], [ -98.6424844, 29.2890442 ], [ -98.6422183, 29.2892034 ], [ -98.6416427, 29.2896825 ], [ -98.6414289, 29.289832 ], [ -98.640969, 29.2902593 ], [ -98.6403495, 29.2906885 ], [ -98.6403306, 29.2868106 ], [ -98.6385836, 29.2861149 ], [ -98.638625, 29.2898314 ], [ -98.6379551, 29.2889576 ], [ -98.6374124, 29.2885416 ], [ -98.6365408, 29.2875184 ], [ -98.6348633, 29.2863231 ], [ -98.6343754, 29.2860984 ], [ -98.6336737, 29.2855485 ], [ -98.6327418, 29.2843532 ], [ -98.6322423, 29.2837418 ], [ -98.6317544, 29.2830892 ], [ -98.6311761, 29.2826062 ], [ -98.6304826, 29.2822644 ], [ -98.6297754, 29.2820301 ], [ -98.6293012, 29.281901 ], [ -98.6289915, 29.2818723 ], [ -98.6285968, 29.281834 ], [ -98.6283117, 29.2818914 ], [ -98.6280157, 29.2820516 ], [ -98.6277334, 29.2822883 ], [ -98.6276155, 29.2824293 ], [ -98.627536, 29.2827712 ], [ -98.627473, 29.2831465 ], [ -98.6273414, 29.2833282 ], [ -98.6272372, 29.2833832 ], [ -98.6271222, 29.2833885 ], [ -98.6272545, 29.2784621 ], [ -98.6262917, 29.2787969 ], [ -98.6256812, 29.2791102 ], [ -98.625007, 29.2789277 ], [ -98.6242156, 29.2787723 ], [ -98.623566, 29.2787341 ], [ -98.6228479, 29.2788034 ], [ -98.6219852, 29.2790264 ], [ -98.6214993, 29.2792242 ], [ -98.6203591, 29.2789517 ], [ -98.6198081, 29.2788895 ], [ -98.6187227, 29.2789301 ], [ -98.6179865, 29.2790763 ], [ -98.6177923, 29.2792367 ], [ -98.6171853, 29.2796289 ], [ -98.6164976, 29.2800164 ], [ -98.6164271, 29.2800044 ], [ -98.6164206, 29.2778463 ], [ -98.6162451, 29.2777522 ], [ -98.6162531, 29.2780377 ], [ -98.6103885, 29.2779675 ], [ -98.6103791, 29.2776528 ], [ -98.6104944, 29.2771896 ], [ -98.6108208, 29.2766803 ], [ -98.6109435, 29.2762059 ], [ -98.6111268, 29.2757409 ], [ -98.6113251, 29.2754766 ], [ -98.6114845, 29.2751188 ], [ -98.6126344, 29.2746876 ], [ -98.6134288, 29.2741201 ], [ -98.6162018, 29.2742205 ], [ -98.6162177, 29.2754314 ], [ -98.6163811, 29.2752785 ], [ -98.6163704, 29.2742931 ], [ -98.617005, 29.2744732 ], [ -98.6172354, 29.2740251 ], [ -98.6163536, 29.273762 ], [ -98.6162828, 29.2723139 ], [ -98.6159907, 29.2722149 ], [ -98.6159024, 29.2677235 ], [ -98.6164701, 29.2677067 ], [ -98.6164844, 29.2671716 ], [ -98.6159903, 29.2665395 ], [ -98.6155624, 29.2661357 ], [ -98.6149499, 29.2657166 ], [ -98.6137483, 29.2650708 ], [ -98.6128095, 29.264622 ], [ -98.6128293, 29.2675056 ], [ -98.6125075, 29.2682179 ], [ -98.6123564, 29.2685353 ], [ -98.6119771, 29.2683353 ], [ -98.6116206, 29.2681704 ], [ -98.6109382, 29.2679042 ], [ -98.6107084, 29.2679008 ], [ -98.610541, 29.2678569 ], [ -98.6103171, 29.2677714 ], [ -98.6101092, 29.2676439 ], [ -98.6095513, 29.2674029 ], [ -98.6093421, 29.2673052 ], [ -98.6092428, 29.2671724 ], [ -98.6089853, 29.2671392 ], [ -98.608634, 29.2671596 ], [ -98.6083684, 29.2672152 ], [ -98.6082236, 29.2672754 ], [ -98.6080063, 29.2673842 ], [ -98.6074565, 29.2679154 ], [ -98.6069951, 29.2684231 ], [ -98.606798, 29.2686875 ], [ -98.6066592, 29.2687893 ], [ -98.6065472, 29.2688911 ], [ -98.6065043, 29.2690888 ], [ -98.6064292, 29.2692438 ], [ -98.6063528, 29.2693765 ], [ -98.6061006, 29.2696479 ], [ -98.6058988, 29.2697585 ], [ -98.6056795, 29.2697767 ], [ -98.6053637, 29.2697632 ], [ -98.6052017, 29.269698 ], [ -98.6049968, 29.2696924 ], [ -98.604435, 29.2697661 ], [ -98.6037778, 29.269868 ], [ -98.6034902, 29.2698603 ], [ -98.6033356, 29.2698015 ], [ -98.6032141, 29.2697019 ], [ -98.603164, 29.2696077 ], [ -98.603253, 29.269481 ], [ -98.6033808, 29.2693555 ], [ -98.6034371, 29.2692666 ], [ -98.6035834, 29.2690103 ], [ -98.6035995, 29.268767 ], [ -98.6035552, 29.2685565 ], [ -98.6035559, 29.2683622 ], [ -98.6035039, 29.268257 ], [ -98.6034144, 29.2681657 ], [ -98.6029062, 29.2678125 ], [ -98.6029095, 29.2675855 ], [ -98.6029581, 29.2642481 ], [ -98.6029227, 29.2642421 ], [ -98.6023995, 29.2630564 ], [ -98.6018974, 29.262222 ], [ -98.6013756, 29.2614729 ], [ -98.6004414, 29.2605454 ], [ -98.5995987, 29.2599873 ], [ -98.5986496, 29.2596229 ], [ -98.5976697, 29.2594431 ], [ -98.5971055, 29.2592327 ], [ -98.5965184, 29.2590728 ], [ -98.5960327, 29.2586121 ], [ -98.5953768, 29.2581837 ], [ -98.5947556, 29.2578959 ], [ -98.5941356, 29.2577178 ], [ -98.5937684, 29.2569494 ], [ -98.5934782, 29.2564407 ], [ -98.593022, 29.2558786 ], [ -98.5918994, 29.254673 ], [ -98.5914804, 29.2543161 ], [ -98.5912214, 29.2540846 ], [ -98.5906637, 29.2536965 ], [ -98.589842, 29.2533002 ], [ -98.5888881, 29.253048 ], [ -98.5881778, 29.2529688 ], [ -98.5874965, 29.2529868 ], [ -98.5867366, 29.2530697 ], [ -98.585824, 29.2532966 ], [ -98.5852294, 29.2535452 ], [ -98.5845881, 29.2539261 ], [ -98.583526, 29.2539257 ], [ -98.5835114, 29.2549957 ], [ -98.5812098, 29.2573085 ], [ -98.5813004, 29.2567958 ], [ -98.5813266, 29.2564723 ], [ -98.5812887, 29.2559552 ], [ -98.5811339, 29.255354 ], [ -98.5809178, 29.2547884 ], [ -98.5807193, 29.2544088 ], [ -98.5804098, 29.2539936 ], [ -98.5800039, 29.253558 ], [ -98.5794462, 29.253102 ], [ -98.5788155, 29.2527224 ], [ -98.578176, 29.2524523 ], [ -98.5773964, 29.2522307 ], [ -98.5766255, 29.2520829 ], [ -98.5760824, 29.2520575 ], [ -98.5753641, 29.2520626 ], [ -98.5747539, 29.2517186 ], [ -98.5741261, 29.2514409 ], [ -98.5735421, 29.2512601 ], [ -98.5728851, 29.2511225 ], [ -98.5723245, 29.2510613 ], [ -98.5718076, 29.251069 ], [ -98.5711799, 29.2511403 ], [ -98.5706105, 29.2512652 ], [ -98.5700732, 29.2514511 ], [ -98.5697871, 29.2514944 ], [ -98.5692556, 29.2515912 ], [ -98.5686833, 29.2518002 ], [ -98.5681811, 29.2520116 ], [ -98.5681139, 29.2514129 ], [ -98.5679855, 29.2509824 ], [ -98.5678365, 29.250641 ], [ -98.5676059, 29.2502232 ], [ -98.567238, 29.2497748 ], [ -98.5668408, 29.2493876 ], [ -98.5665547, 29.2489621 ], [ -98.5662131, 29.2485392 ], [ -98.5657137, 29.2480883 ], [ -98.5651531, 29.2476679 ], [ -98.5644669, 29.2472985 ], [ -98.563737, 29.2470462 ], [ -98.563188, 29.2469163 ], [ -98.5625631, 29.246845 ], [ -98.56195, 29.2466131 ], [ -98.5614302, 29.2464959 ], [ -98.5606593, 29.2464195 ], [ -98.5592724, 29.2455329 ], [ -98.5586241, 29.2452323 ], [ -98.5579584, 29.2449648 ], [ -98.557646, 29.2447737 ], [ -98.5569335, 29.2443635 ], [ -98.5554823, 29.2436374 ], [ -98.5546562, 29.2432956 ], [ -98.5547115, 29.2357224 ], [ -98.5547778, 29.2320953 ], [ -98.5475305, 29.2319891 ], [ -98.5475285, 29.2310035 ], [ -98.5500551, 29.231036 ], [ -98.5500592, 29.2313387 ], [ -98.5521775, 29.2313794 ], [ -98.5521713, 29.2310011 ], [ -98.5475323, 29.2309279 ], [ -98.5475343, 29.2298433 ], [ -98.5547368, 29.2299545 ], [ -98.5547203, 29.2286427 ], [ -98.547542, 29.2285347 ], [ -98.5475361, 29.2262282 ], [ -98.5547322, 29.2263372 ], [ -98.5547638, 29.2235805 ], [ -98.5520053, 29.2214903 ], [ -98.550048, 29.2203298 ], [ -98.5484317, 29.2196082 ], [ -98.5478164, 29.2196334 ], [ -98.5466106, 29.2192946 ], [ -98.545921, 29.2189955 ], [ -98.5448126, 29.2184253 ], [ -98.54496, 29.2283674 ], [ -98.545309, 29.2363825 ], [ -98.5449863, 29.236432 ], [ -98.5449815, 29.2352097 ], [ -98.5444075, 29.2347884 ], [ -98.5420311, 29.2309943 ], [ -98.5407892, 29.2307977 ], [ -98.5405612, 29.2328692 ], [ -98.540529, 29.2347042 ], [ -98.5409474, 29.2353034 ], [ -98.5390297, 29.2371711 ], [ -98.5390136, 29.2373068 ], [ -98.5373747, 29.237583 ], [ -98.5375142, 29.2171063 ], [ -98.5265976, 29.2154758 ], [ -98.5265386, 29.2243817 ], [ -98.520055, 29.2243548 ], [ -98.5200369, 29.2305098 ], [ -98.5265064, 29.2306128 ], [ -98.5264467, 29.2390932 ], [ -98.5264487, 29.2391324 ], [ -98.5224456, 29.239219 ], [ -98.5199793, 29.2393027 ], [ -98.5199565, 29.2380698 ], [ -98.5138062, 29.2380886 ], [ -98.5138169, 29.2387228 ], [ -98.5134897, 29.2386971 ], [ -98.5130954, 29.2387158 ], [ -98.5126475, 29.2387954 ], [ -98.5121352, 29.2389592 ], [ -98.5116577, 29.239226 ], [ -98.5112259, 29.2395818 ], [ -98.513884, 29.2299948 ], [ -98.5139483, 29.2229679 ], [ -98.5150588, 29.2208939 ], [ -98.5124704, 29.2197539 ], [ -98.5125992, 29.2195128 ], [ -98.5100618, 29.2185226 ], [ -98.5074708, 29.2234946 ], [ -98.5057408, 29.2227572 ], [ -98.504979, 29.2242085 ], [ -98.5067332, 29.224892 ], [ -98.5037988, 29.2305121 ], [ -98.5020179, 29.2297982 ], [ -98.5043299, 29.2254445 ], [ -98.4999687, 29.2254117 ], [ -98.4997326, 29.2264135 ], [ -98.4989709, 29.2312307 ], [ -98.4988529, 29.2361834 ], [ -98.4988421, 29.2398954 ], [ -98.4986758, 29.2417958 ], [ -98.4984827, 29.2437243 ], [ -98.4981877, 29.2447541 ], [ -98.4971148, 29.2469399 ], [ -98.4943628, 29.2523084 ], [ -98.4915608, 29.2575816 ], [ -98.4913519, 29.2572859 ], [ -98.490796, 29.2566659 ], [ -98.4902032, 29.2561868 ], [ -98.4895645, 29.2558267 ], [ -98.4886344, 29.2554439 ], [ -98.4878811, 29.2552638 ], [ -98.4868593, 29.255141 ], [ -98.4862157, 29.2551541 ], [ -98.4853635, 29.2551218 ], [ -98.4842936, 29.2552551 ], [ -98.4839462, 29.2543783 ], [ -98.4832654, 29.2535256 ], [ -98.4822742, 29.2527942 ], [ -98.4814581, 29.2523962 ], [ -98.4803904, 29.2518076 ], [ -98.4795062, 29.2515161 ], [ -98.4787267, 29.2513961 ], [ -98.4783468, 29.250716 ], [ -98.4776459, 29.2499902 ], [ -98.4766634, 29.2493273 ], [ -98.4755826, 29.2489901 ], [ -98.4749604, 29.2488929 ], [ -98.4741351, 29.2487329 ], [ -98.4731525, 29.2487158 ], [ -98.4727792, 29.2487472 ], [ -98.4730379, 29.2473527 ], [ -98.4725434, 29.2471784 ], [ -98.4723094, 29.2480324 ], [ -98.4720773, 29.2498446 ], [ -98.4721132, 29.2542457 ], [ -98.4722122, 29.2799114 ], [ -98.4710755, 29.2799078 ], [ -98.4711711, 29.2876173 ], [ -98.4686144, 29.2876375 ], [ -98.4686468, 29.2880455 ], [ -98.4679845, 29.2882151 ], [ -98.4685652, 29.2899147 ], [ -98.4686782, 29.2903846 ], [ -98.4687599, 29.2908776 ], [ -98.4691373, 29.2937028 ], [ -98.4692863, 29.2944366 ], [ -98.4700191, 29.29708 ], [ -98.4709022, 29.3000221 ], [ -98.4708837, 29.3006563 ], [ -98.471881, 29.3038357 ], [ -98.4724769, 29.3057353 ], [ -98.472616, 29.3061836 ], [ -98.473472, 29.3089411 ], [ -98.4739207, 29.3103868 ], [ -98.4711645, 29.3111094 ], [ -98.4702896, 29.3111095 ], [ -98.4674085, 29.3110832 ], [ -98.467393, 29.3125597 ], [ -98.4693726, 29.3125663 ], [ -98.4699733, 29.3125509 ], [ -98.4687024, 29.3154848 ], [ -98.4673758, 29.315485 ], [ -98.4673823, 29.3161424 ], [ -98.4672515, 29.3161374 ], [ -98.4672593, 29.3179967 ], [ -98.4672266, 29.3182936 ], [ -98.4671169, 29.3186106 ], [ -98.4662375, 29.3199299 ], [ -98.466095, 29.3201883 ], [ -98.4660525, 29.3203011 ], [ -98.4659493, 29.3202968 ], [ -98.4659528, 29.3208408 ], [ -98.4627122, 29.3208144 ], [ -98.4627231, 29.3195853 ], [ -98.4618094, 29.3195924 ], [ -98.4617782, 29.32084 ], [ -98.4602634, 29.3208351 ], [ -98.4602993, 29.3189815 ], [ -98.4565166, 29.3189648 ], [ -98.4565899, 29.3184617 ], [ -98.4558928, 29.3183835 ], [ -98.455826, 29.3189523 ], [ -98.4534276, 29.3189537 ], [ -98.4534428, 29.3185881 ], [ -98.4534435, 29.318554 ], [ -98.4534693, 29.3180108 ], [ -98.460312, 29.3180944 ], [ -98.460356, 29.3146005 ], [ -98.4544037, 29.3145808 ], [ -98.4544234, 29.3143405 ], [ -98.454428, 29.3140922 ], [ -98.4543805, 29.3136186 ], [ -98.4552883, 29.313658 ], [ -98.4576964, 29.3136523 ], [ -98.4579664, 29.3127403 ], [ -98.4540538, 29.3127573 ], [ -98.4541406, 29.3129158 ], [ -98.454228, 29.313309 ], [ -98.4542013, 29.3136216 ], [ -98.4510957, 29.31364 ], [ -98.4511022, 29.313338 ], [ -98.4510965, 29.3132023 ], [ -98.4510654, 29.3129931 ], [ -98.4510163, 29.3127725 ], [ -98.450995, 29.3126926 ], [ -98.4509229, 29.3125833 ], [ -98.4507977, 29.3124149 ], [ -98.4538951, 29.3123821 ], [ -98.4538464, 29.3121137 ], [ -98.4505047, 29.312144 ], [ -98.4502795, 29.3119683 ], [ -98.450089, 29.3119006 ], [ -98.4537962, 29.311915 ], [ -98.4538258, 29.3119997 ], [ -98.4546088, 29.3118667 ], [ -98.4565687, 29.3118587 ], [ -98.4603839, 29.3118907 ], [ -98.4606134, 29.3110551 ], [ -98.4587091, 29.3110472 ], [ -98.4539098, 29.3110272 ], [ -98.4538974, 29.3108361 ], [ -98.453857, 29.3107691 ], [ -98.4493136, 29.3107943 ], [ -98.4491929, 29.3105103 ], [ -98.4489491, 29.3100978 ], [ -98.453108, 29.3100692 ], [ -98.4530632, 29.309983 ], [ -98.4529255, 29.309676 ], [ -98.4527645, 29.3092338 ], [ -98.452695, 29.3089794 ], [ -98.4526499, 29.308627 ], [ -98.4483768, 29.3087397 ], [ -98.4481891, 29.3074022 ], [ -98.4480171, 29.3075844 ], [ -98.4442905, 29.3120711 ], [ -98.4438198, 29.3123991 ], [ -98.4438111, 29.3123792 ], [ -98.4434697, 29.312733 ], [ -98.443487, 29.3128349 ], [ -98.4433298, 29.3131562 ], [ -98.4431136, 29.3126407 ], [ -98.4431177, 29.3125957 ], [ -98.4431939, 29.3123523 ], [ -98.4432102, 29.312141 ], [ -98.4432038, 29.3119783 ], [ -98.4431864, 29.3118188 ], [ -98.4432014, 29.3116653 ], [ -98.4431373, 29.3115985 ], [ -98.4428881, 29.3115129 ], [ -98.4427063, 29.3114837 ], [ -98.4426091, 29.3114907 ], [ -98.4423817, 29.3115492 ], [ -98.4420346, 29.3115792 ], [ -98.4418201, 29.3115935 ], [ -98.4416301, 29.3115335 ], [ -98.4414516, 29.3114307 ], [ -98.441301, 29.3112722 ], [ -98.4411896, 29.3110295 ], [ -98.4411585, 29.3108667 ], [ -98.441206, 29.3107111 ], [ -98.4413026, 29.3105711 ], [ -98.441522, 29.3104226 ], [ -98.4419445, 29.3102627 ], [ -98.4422606, 29.3103027 ], [ -98.4424259, 29.310307 ], [ -98.4425193, 29.3102584 ], [ -98.4426044, 29.3101099 ], [ -98.4426141, 29.3099103 ], [ -98.4421534, 29.3099117 ], [ -98.438798, 29.3099217 ], [ -98.4378405, 29.3090201 ], [ -98.4378901, 29.3089815 ], [ -98.4357752, 29.3070133 ], [ -98.4411771, 29.3070519 ], [ -98.4416159, 29.307055 ], [ -98.441507, 29.3069721 ], [ -98.4413021, 29.3069217 ], [ -98.4408841, 29.3067561 ], [ -98.4406918, 29.3066107 ], [ -98.4405598, 29.3064542 ], [ -98.4404684, 29.3062815 ], [ -98.4404383, 29.3061401 ], [ -98.4404672, 29.3060079 ], [ -98.4405124, 29.3058847 ], [ -98.4406166, 29.3057423 ], [ -98.4405818, 29.305604 ], [ -98.4409118, 29.3054263 ], [ -98.4412204, 29.3052985 ], [ -98.4416361, 29.3052804 ], [ -98.4417717, 29.3053264 ], [ -98.4421012, 29.3052533 ], [ -98.442298, 29.3051826 ], [ -98.4425528, 29.3049766 ], [ -98.4427684, 29.3046237 ], [ -98.4425418, 29.3044246 ], [ -98.4425337, 29.3043175 ], [ -98.4425685, 29.3042963 ], [ -98.4426588, 29.3041439 ], [ -98.4427306, 29.304054 ], [ -98.4430444, 29.3038753 ], [ -98.4431301, 29.3038046 ], [ -98.4431764, 29.3036965 ], [ -98.4434728, 29.3033492 ], [ -98.4437843, 29.3032351 ], [ -98.4439232, 29.3031472 ], [ -98.4439505, 29.3027089 ], [ -98.4439896, 29.3025521 ], [ -98.4441645, 29.3023108 ], [ -98.4442146, 29.3021855 ], [ -98.4442212, 29.3020441 ], [ -98.4441966, 29.3018449 ], [ -98.4442228, 29.3017935 ], [ -98.4443805, 29.3017548 ], [ -98.4445901, 29.3018583 ], [ -98.4447785, 29.3020268 ], [ -98.4449234, 29.3021032 ], [ -98.4450462, 29.3021253 ], [ -98.4452411, 29.3021325 ], [ -98.4456046, 29.3020339 ], [ -98.4459075, 29.3018669 ], [ -98.4461204, 29.301557 ], [ -98.4461777, 29.3014156 ], [ -98.4461384, 29.3013014 ], [ -98.4460353, 29.30122 ], [ -98.4450094, 29.3008858 ], [ -98.4447973, 29.300788 ], [ -98.4446715, 29.3006617 ], [ -98.4446027, 29.3005222 ], [ -98.4445027, 29.3001312 ], [ -98.4445177, 29.2996536 ], [ -98.444571, 29.2994557 ], [ -98.444681, 29.2992557 ], [ -98.4447389, 29.299078 ], [ -98.4447366, 29.2989588 ], [ -98.4446822, 29.2988478 ], [ -98.4445687, 29.2987589 ], [ -98.4444077, 29.2986872 ], [ -98.4441912, 29.2986256 ], [ -98.4439944, 29.2985913 ], [ -98.4437929, 29.2985852 ], [ -98.4434698, 29.2985852 ], [ -98.4432556, 29.2986246 ], [ -98.443163, 29.2986034 ], [ -98.4430576, 29.2986054 ], [ -98.4428179, 29.2986387 ], [ -98.442173, 29.2988508 ], [ -98.442085, 29.2988548 ], [ -98.4419889, 29.2988225 ], [ -98.4419205, 29.2987539 ], [ -98.4418001, 29.2986609 ], [ -98.4416149, 29.2984428 ], [ -98.4415778, 29.2981692 ], [ -98.4416079, 29.2980662 ], [ -98.4416478, 29.2977618 ], [ -98.4416548, 29.2975331 ], [ -98.4416021, 29.2974457 ], [ -98.4415268, 29.2973564 ], [ -98.4413311, 29.2972468 ], [ -98.441055, 29.2970556 ], [ -98.4408225, 29.2969435 ], [ -98.4402608, 29.2967512 ], [ -98.4401478, 29.296687 ], [ -98.4400168, 29.2965627 ], [ -98.4394748, 29.2958244 ], [ -98.4393978, 29.2955645 ], [ -98.4390916, 29.2950746 ], [ -98.4389213, 29.2949147 ], [ -98.4388493, 29.2948112 ], [ -98.4387969, 29.2946912 ], [ -98.4387862, 29.2946112 ], [ -98.4388204, 29.2945299 ], [ -98.4392077, 29.2939942 ], [ -98.4392888, 29.293919 ], [ -98.439514, 29.293819 ], [ -98.4396286, 29.2938135 ], [ -98.4401116, 29.2936572 ], [ -98.4401689, 29.2935815 ], [ -98.4401959, 29.293463 ], [ -98.4401255, 29.2932423 ], [ -98.4400938, 29.293011 ], [ -98.4400139, 29.2929151 ], [ -98.4398319, 29.292489 ], [ -98.4397954, 29.2923248 ], [ -98.4398237, 29.2921824 ], [ -98.4397763, 29.292031 ], [ -98.4398002, 29.2919462 ], [ -98.4398234, 29.2918192 ], [ -98.4399236, 29.2916992 ], [ -98.440019, 29.2916385 ], [ -98.4400546, 29.2915878 ], [ -98.4406443, 29.2911576 ], [ -98.4407347, 29.2910328 ], [ -98.4407263, 29.2909653 ], [ -98.44066, 29.2908428 ], [ -98.4405656, 29.2907383 ], [ -98.4403161, 29.2905257 ], [ -98.4401727, 29.2903621 ], [ -98.4401021, 29.2901965 ], [ -98.4399053, 29.2895512 ], [ -98.4399195, 29.2890981 ], [ -98.4398438, 29.2890949 ], [ -98.4395437, 29.2894337 ], [ -98.4394307, 29.2894823 ], [ -98.4393636, 29.2894794 ], [ -98.4386938, 29.2892066 ], [ -98.4386136, 29.2890838 ], [ -98.4385906, 29.2889838 ], [ -98.4385743, 29.288846 ], [ -98.4385972, 29.2887 ], [ -98.438598, 29.2885429 ], [ -98.4384973, 29.2881887 ], [ -98.4383573, 29.2879912 ], [ -98.4382554, 29.2879441 ], [ -98.4381396, 29.287973 ], [ -98.4380123, 29.2881675 ], [ -98.4378502, 29.2882452 ], [ -98.4375723, 29.2882886 ], [ -98.4373419, 29.2882755 ], [ -98.4371439, 29.2882402 ], [ -98.4369969, 29.2881473 ], [ -98.4368243, 29.2879847 ], [ -98.4367166, 29.2878342 ], [ -98.4365337, 29.2876504 ], [ -98.4365646, 29.2874019 ], [ -98.4367971, 29.287102 ], [ -98.4369777, 29.2867717 ], [ -98.4374559, 29.286599 ], [ -98.4377516, 29.2865333 ], [ -98.4378106, 29.2864247 ], [ -98.4377352, 29.2862976 ], [ -98.4371965, 29.2860477 ], [ -98.4367302, 29.2857433 ], [ -98.4366684, 29.2855284 ], [ -98.4366897, 29.2854563 ], [ -98.4368137, 29.2852417 ], [ -98.4368548, 29.2850764 ], [ -98.4368503, 29.2850237 ], [ -98.4368174, 29.2849269 ], [ -98.4367051, 29.2847744 ], [ -98.4365022, 29.2845999 ], [ -98.436291, 29.2845242 ], [ -98.43616, 29.2845114 ], [ -98.4361141, 29.2845228 ], [ -98.4360584, 29.2845699 ], [ -98.4360191, 29.2846613 ], [ -98.4359258, 29.2847713 ], [ -98.4358193, 29.284837 ], [ -98.4357145, 29.2848884 ], [ -98.435559, 29.284917 ], [ -98.435071, 29.2851041 ], [ -98.4347533, 29.285287 ], [ -98.4344538, 29.2854129 ], [ -98.4342523, 29.2854081 ], [ -98.4342539, 29.285491 ], [ -98.4341753, 29.2855752 ], [ -98.4341, 29.2857295 ], [ -98.4340443, 29.2859094 ], [ -98.4340018, 29.286068 ], [ -98.4339559, 29.2861737 ], [ -98.4335989, 29.2866021 ], [ -98.4332988, 29.2869069 ], [ -98.4331321, 29.2870059 ], [ -98.4329816, 29.2871372 ], [ -98.4328102, 29.2873694 ], [ -98.4325346, 29.2876078 ], [ -98.4319734, 29.288009 ], [ -98.4318252, 29.2881582 ], [ -98.4282356, 29.2857671 ], [ -98.4330628, 29.2799499 ], [ -98.4334139, 29.2792428 ], [ -98.4335204, 29.2789055 ], [ -98.4335459, 29.2786388 ], [ -98.4335644, 29.2783702 ], [ -98.4335482, 29.2781359 ], [ -98.4334648, 29.2778066 ], [ -98.4333096, 29.2774531 ], [ -98.433129, 29.2771178 ], [ -98.4323578, 29.2760997 ], [ -98.4323208, 29.2759866 ], [ -98.4320035, 29.2755571 ], [ -98.4318509, 29.2748738 ], [ -98.4315423, 29.2748853 ], [ -98.4313245, 29.2753131 ], [ -98.4312377, 29.2754166 ], [ -98.4310821, 29.2754916 ], [ -98.4309241, 29.2755402 ], [ -98.4308111, 29.2755402 ], [ -98.4299397, 29.2753858 ], [ -98.4286417, 29.2752577 ], [ -98.4282967, 29.2750542 ], [ -98.4282015, 29.2748643 ], [ -98.4272532, 29.2737977 ], [ -98.4271536, 29.2735007 ], [ -98.4268228, 29.2729661 ], [ -98.4267819, 29.2728461 ], [ -98.4267114, 29.272754 ], [ -98.4266631, 29.2725451 ], [ -98.4266922, 29.2723844 ], [ -98.4267549, 29.2723221 ], [ -98.4267524, 29.2721166 ], [ -98.4265977, 29.2717081 ], [ -98.4264011, 29.2716774 ], [ -98.4262112, 29.2716751 ], [ -98.426121, 29.271697 ], [ -98.4258893, 29.2717532 ], [ -98.4256774, 29.2717893 ], [ -98.4254106, 29.2718131 ], [ -98.4251425, 29.2717803 ], [ -98.4249036, 29.2716619 ], [ -98.4246613, 29.2711819 ], [ -98.4245909, 29.2708891 ], [ -98.4249134, 29.2705299 ], [ -98.4252491, 29.2703549 ], [ -98.4256831, 29.2699449 ], [ -98.4259025, 29.2694321 ], [ -98.4256569, 29.2687664 ], [ -98.4247379, 29.2695386 ], [ -98.4088141, 29.2885236 ], [ -98.4078447, 29.2885535 ], [ -98.3999131, 29.2834787 ], [ -98.4032548, 29.2794172 ], [ -98.4023959, 29.2788666 ], [ -98.4009406, 29.2805333 ], [ -98.3989809, 29.2793648 ], [ -98.3985346, 29.2799093 ], [ -98.3981425, 29.2796609 ], [ -98.3983206, 29.2762925 ], [ -98.3984242, 29.2755947 ], [ -98.4008301, 29.2770945 ], [ -98.4012431, 29.2766125 ], [ -98.400488, 29.2761457 ], [ -98.4023968, 29.2737897 ], [ -98.4013107, 29.2732139 ], [ -98.4034745, 29.2705089 ], [ -98.3993719, 29.2680509 ], [ -98.4145574, 29.247504 ], [ -98.4146223, 29.2473941 ], [ -98.4143929, 29.2474528 ], [ -98.4142103, 29.24747 ], [ -98.4140548, 29.2474543 ], [ -98.4138221, 29.2473899 ], [ -98.4123407, 29.249447 ], [ -98.4099323, 29.2481003 ], [ -98.4013737, 29.2608375 ], [ -98.3969807, 29.2587112 ], [ -98.4066208, 29.2439294 ], [ -98.4065438, 29.2437922 ], [ -98.406534, 29.2431464 ], [ -98.406575, 29.2429506 ], [ -98.4067551, 29.2427049 ], [ -98.4069248, 29.242517 ], [ -98.407096, 29.2424426 ], [ -98.4073044, 29.2423092 ], [ -98.4074816, 29.2420859 ], [ -98.407602, 29.2417464 ], [ -98.4075985, 29.2415393 ], [ -98.4074619, 29.2414312 ], [ -98.4079693, 29.2415466 ], [ -98.4181361, 29.2444484 ], [ -98.418144, 29.2444294 ], [ -98.4181788, 29.2443986 ], [ -98.418228, 29.2443786 ], [ -98.4182869, 29.2443793 ], [ -98.4183418, 29.2444022 ], [ -98.418379, 29.2444428 ], [ -98.4204635, 29.2450121 ], [ -98.4244939, 29.246159 ], [ -98.4258279, 29.242185 ], [ -98.4294768, 29.2432091 ], [ -98.4310571, 29.2385494 ], [ -98.4311652, 29.2382052 ], [ -98.4303409, 29.2379961 ], [ -98.4292414, 29.2376984 ], [ -98.4291906, 29.2376469 ], [ -98.429126, 29.2376126 ], [ -98.4290662, 29.2376105 ], [ -98.4290457, 29.2375146 ], [ -98.4294339, 29.2363679 ], [ -98.4270293, 29.235736 ], [ -98.4265824, 29.2370538 ], [ -98.424306, 29.2364563 ], [ -98.425597, 29.2326049 ], [ -98.4256218, 29.2325308 ], [ -98.425708, 29.2322765 ], [ -98.4254918, 29.2322351 ], [ -98.4253182, 29.2321451 ], [ -98.4249596, 29.2320593 ], [ -98.4246665, 29.2318393 ], [ -98.4243881, 29.2316578 ], [ -98.4240264, 29.2313293 ], [ -98.4239476, 29.2310423 ], [ -98.4236396, 29.2309787 ], [ -98.4262838, 29.2260574 ], [ -98.4292318, 29.220581 ], [ -98.4294856, 29.2200083 ], [ -98.4336171, 29.2204962 ], [ -98.434441, 29.2188792 ], [ -98.43407, 29.2187429 ], [ -98.4343917, 29.2181414 ], [ -98.4347639, 29.2182654 ], [ -98.4349635, 29.217879 ], [ -98.4368167, 29.2189651 ], [ -98.4391972, 29.2143441 ], [ -98.4328322, 29.2136032 ], [ -98.43095, 29.2172795 ], [ -98.4289931, 29.2170428 ], [ -98.4276134, 29.2197368 ], [ -98.4266601, 29.2196548 ], [ -98.4295252, 29.2132163 ], [ -98.4269436, 29.21288 ], [ -98.4265663, 29.2128308 ], [ -98.4298112, 29.2083414 ], [ -98.4272148, 29.2079949 ], [ -98.4235814, 29.212378 ], [ -98.4213067, 29.2120846 ], [ -98.4202338, 29.2188913 ], [ -98.4199329, 29.2188448 ], [ -98.4191463, 29.2186542 ], [ -98.4185021, 29.2184177 ], [ -98.4181123, 29.2182291 ], [ -98.4149656, 29.2162513 ], [ -98.4146708, 29.2156039 ], [ -98.415413, 29.2127115 ], [ -98.4208362, 29.1996602 ], [ -98.418935, 29.1992709 ], [ -98.4240416, 29.1862572 ], [ -98.4038368, 29.1997907 ], [ -98.4032427, 29.199061 ], [ -98.4003967, 29.2009735 ], [ -98.4009978, 29.2016499 ], [ -98.3979395, 29.203696 ], [ -98.4008465, 29.2061115 ], [ -98.4028943, 29.2085587 ], [ -98.4032042, 29.2088907 ], [ -98.4035729, 29.20919 ], [ -98.404575, 29.2098403 ], [ -98.3980903, 29.2141012 ], [ -98.3925612, 29.2177351 ], [ -98.3932841, 29.2186313 ], [ -98.3931048, 29.2191225 ], [ -98.3931945, 29.2192892 ], [ -98.3924124, 29.2198181 ], [ -98.3926, 29.219979 ], [ -98.3932008, 29.2196387 ], [ -98.3938218, 29.2193807 ], [ -98.3946089, 29.2191547 ], [ -98.3952731, 29.2190561 ], [ -98.3966196, 29.2189162 ], [ -98.3973476, 29.2193486 ], [ -98.3978687, 29.219721 ], [ -98.3997536, 29.2186069 ], [ -98.4014985, 29.2184296 ], [ -98.4015186, 29.2184899 ], [ -98.4066872, 29.2179515 ], [ -98.4084468, 29.2178953 ], [ -98.4096377, 29.2180451 ], [ -98.4094606, 29.2182956 ], [ -98.4090255, 29.2192525 ], [ -98.4073417, 29.2236258 ], [ -98.4073417, 29.225489 ], [ -98.4030341, 29.2269075 ], [ -98.4026693, 29.2264019 ], [ -98.4017895, 29.2261164 ], [ -98.4010278, 29.2263411 ], [ -98.4010792, 29.2265277 ], [ -98.4010696, 29.2282173 ], [ -98.4012622, 29.228652 ], [ -98.4014531, 29.2295793 ], [ -98.4017437, 29.2302908 ], [ -98.4020793, 29.2307718 ], [ -98.4024331, 29.2309932 ], [ -98.4025382, 29.2311144 ], [ -98.4026909, 29.2317271 ], [ -98.4031169, 29.2328081 ], [ -98.4020774, 29.2345357 ], [ -98.4013386, 29.2360286 ], [ -98.4007541, 29.2372593 ], [ -98.3993494, 29.2405048 ], [ -98.3990043, 29.2410869 ], [ -98.3977352, 29.2433171 ], [ -98.3972244, 29.244316 ], [ -98.3957727, 29.2467954 ], [ -98.3957374, 29.2467815 ], [ -98.3938136, 29.245924 ], [ -98.3954144, 29.2430913 ], [ -98.3937491, 29.2423585 ], [ -98.3940248, 29.2418423 ], [ -98.3931682, 29.2414654 ], [ -98.3926282, 29.2424904 ], [ -98.3913081, 29.2451724 ], [ -98.3887726, 29.2439615 ], [ -98.3890808, 29.243337 ], [ -98.387497, 29.2424081 ], [ -98.387405, 29.2423912 ], [ -98.3876192, 29.2418554 ], [ -98.3889191, 29.2389219 ], [ -98.3901241, 29.2361893 ], [ -98.3901854, 29.2360412 ], [ -98.3900996, 29.2359267 ], [ -98.3899684, 29.2357918 ], [ -98.389801, 29.2356853 ], [ -98.3896984, 29.2356287 ], [ -98.3895, 29.235575 ], [ -98.389375, 29.235575 ], [ -98.389155, 29.235526 ], [ -98.389048, 29.235476 ], [ -98.3890171, 29.2354067 ], [ -98.3889546, 29.2353486 ], [ -98.3888628, 29.2352691 ], [ -98.3887205, 29.2351588 ], [ -98.3885832, 29.2349162 ], [ -98.388472, 29.234722 ], [ -98.388296, 29.234563 ], [ -98.387958, 29.234194 ], [ -98.387701, 29.23382 ], [ -98.3875, 29.233643 ], [ -98.387249, 29.233396 ], [ -98.386942, 29.233176 ], [ -98.386334, 29.232856 ], [ -98.386158, 29.232785 ], [ -98.385525, 29.232597 ], [ -98.385186, 29.232586 ], [ -98.385035, 29.232608 ], [ -98.384923, 29.232592 ], [ -98.384803, 29.232531 ], [ -98.38464, 29.232487 ], [ -98.384371, 29.232454 ], [ -98.384195, 29.232509 ], [ -98.384076, 29.232558 ], [ -98.383473, 29.232965 ], [ -98.383247, 29.233262 ], [ -98.383097, 29.233609 ], [ -98.38304, 29.23379 ], [ -98.382814, 29.234346 ], [ -98.382701, 29.234467 ], [ -98.3825804, 29.2345784 ], [ -98.3824398, 29.2346341 ], [ -98.3822735, 29.2346435 ], [ -98.3821029, 29.2345885 ], [ -98.381964, 29.234485 ], [ -98.381754, 29.234406 ], [ -98.381603, 29.234406 ], [ -98.381189, 29.234428 ], [ -98.380844, 29.234411 ], [ -98.380656, 29.234449 ], [ -98.38048, 29.234504 ], [ -98.379953, 29.234845 ], [ -98.379822, 29.234955 ], [ -98.379602, 29.235109 ], [ -98.379169, 29.235389 ], [ -98.378774, 29.235604 ], [ -98.378573, 29.235763 ], [ -98.378027, 29.236093 ], [ -98.377814, 29.236165 ], [ -98.3774681, 29.2362639 ], [ -98.3770869, 29.2363053 ], [ -98.3766908, 29.2362756 ], [ -98.3763458, 29.2362819 ], [ -98.3760993, 29.2362681 ], [ -98.3755653, 29.2363299 ], [ -98.373799, 29.236574 ], [ -98.373137, 29.236635 ], [ -98.372541, 29.236556 ], [ -98.372106, 29.236228 ], [ -98.371781, 29.236051 ], [ -98.37135, 29.23605 ], [ -98.370864, 29.236168 ], [ -98.370656, 29.236428 ], [ -98.370217, 29.23676 ], [ -98.369625, 29.237044 ], [ -98.369271, 29.237108 ], [ -98.368645, 29.237221 ], [ -98.367867, 29.237508 ], [ -98.367505, 29.237549 ], [ -98.3668655, 29.2373735 ], [ -98.366482, 29.237193 ], [ -98.366238, 29.237168 ], [ -98.3660562, 29.2372031 ], [ -98.3657806, 29.237314 ], [ -98.3652275, 29.2374553 ], [ -98.3649259, 29.2375593 ], [ -98.3653098, 29.2376057 ], [ -98.3659279, 29.2380954 ], [ -98.3648877, 29.2386999 ], [ -98.3643147, 29.2388306 ], [ -98.3637425, 29.2390916 ], [ -98.3621921, 29.2389507 ], [ -98.361814, 29.2393453 ], [ -98.3621217, 29.240363 ], [ -98.3623475, 29.2406164 ], [ -98.3626329, 29.2407086 ], [ -98.3625984, 29.2417512 ], [ -98.3614382, 29.2418261 ], [ -98.3610879, 29.2420623 ], [ -98.3606793, 29.2426809 ], [ -98.3607206, 29.243117 ], [ -98.3609583, 29.2435259 ], [ -98.3620371, 29.2446285 ], [ -98.3627453, 29.2472551 ], [ -98.3630463, 29.2472551 ], [ -98.3630768, 29.2518431 ], [ -98.3639407, 29.251864 ], [ -98.3638323, 29.2553492 ], [ -98.360804, 29.2553111 ], [ -98.3607317, 29.2590933 ], [ -98.3586261, 29.2668532 ], [ -98.3591759, 29.2675202 ], [ -98.3646552, 29.2741675 ], [ -98.3682498, 29.2785282 ], [ -98.3690299, 29.2779207 ], [ -98.3697686, 29.2788056 ], [ -98.3689843, 29.2794143 ], [ -98.3700661, 29.2807017 ], [ -98.3745291, 29.2768754 ], [ -98.3760708, 29.2755292 ], [ -98.3776863, 29.2739781 ], [ -98.3784853, 29.2730844 ], [ -98.3786705, 29.2731535 ], [ -98.3799296, 29.2739763 ], [ -98.3796097, 29.2742588 ], [ -98.3721488, 29.2806802 ], [ -98.3766737, 29.284465 ], [ -98.3771188, 29.2850109 ], [ -98.3761741, 29.2859609 ], [ -98.3761629, 29.2861921 ], [ -98.3762756, 29.2863806 ], [ -98.3770549, 29.2873512 ], [ -98.3777753, 29.2882209 ], [ -98.3803271, 29.2913015 ], [ -98.3809923, 29.2921045 ], [ -98.3833444, 29.2948778 ], [ -98.3846735, 29.2964732 ], [ -98.3847209, 29.2966361 ], [ -98.3847143, 29.2967152 ], [ -98.3803513, 29.3019146 ], [ -98.3800679, 29.3019749 ], [ -98.37719, 29.3004964 ], [ -98.3756841, 29.2994571 ], [ -98.373883, 29.2983982 ], [ -98.3733639, 29.2991125 ], [ -98.373082, 29.2994672 ], [ -98.3735619, 29.2993839 ], [ -98.3774042, 29.3013455 ], [ -98.3798214, 29.3025974 ], [ -98.3867481, 29.3065951 ], [ -98.3899174, 29.3083681 ], [ -98.3903454, 29.3085549 ], [ -98.3943074, 29.3103796 ], [ -98.3967458, 29.3114963 ], [ -98.3978552, 29.3120303 ], [ -98.3988389, 29.3125019 ], [ -98.399999, 29.3130006 ], [ -98.4021652, 29.3140146 ], [ -98.4058601, 29.3157093 ], [ -98.406995, 29.3177564 ], [ -98.4078763, 29.3191645 ], [ -98.4079592, 29.3192881 ], [ -98.4079358, 29.3195245 ], [ -98.4079106, 29.3196889 ], [ -98.4078547, 29.3197607 ], [ -98.40775, 29.3198325 ], [ -98.407623, 29.3199016 ], [ -98.407548, 29.3199346 ], [ -98.4073573, 29.3199836 ], [ -98.407159, 29.3201266 ], [ -98.407127, 29.3202096 ], [ -98.4070088, 29.320332 ], [ -98.4068738, 29.320384 ], [ -98.4066766, 29.3203936 ], [ -98.4062851, 29.3203444 ], [ -98.4059291, 29.3202955 ], [ -98.4058802, 29.3201966 ], [ -98.4058849, 29.3200725 ], [ -98.4058694, 29.3199742 ], [ -98.405828, 29.3199396 ], [ -98.4057126, 29.3199179 ], [ -98.4056095, 29.3199966 ], [ -98.4054397, 29.3200661 ], [ -98.405344, 29.3201706 ], [ -98.405288, 29.3202806 ], [ -98.4052768, 29.3203547 ], [ -98.4051405, 29.3204262 ], [ -98.4050004, 29.3204314 ], [ -98.404924, 29.3204396 ], [ -98.404867, 29.3204946 ], [ -98.4048106, 29.320776 ], [ -98.4046635, 29.321186 ], [ -98.404622, 29.3214356 ], [ -98.404622, 29.3214906 ], [ -98.4046424, 29.3215626 ], [ -98.4046204, 29.3216346 ], [ -98.404578, 29.3217486 ], [ -98.404526, 29.3219937 ], [ -98.4045187, 29.3221037 ], [ -98.4045608, 29.3222252 ], [ -98.4045668, 29.3223094 ], [ -98.40449, 29.3225966 ], [ -98.4044092, 29.3229139 ], [ -98.4044347, 29.3230229 ], [ -98.4044136, 29.3231849 ], [ -98.4044084, 29.3232247 ], [ -98.4042636, 29.3233642 ], [ -98.403993, 29.3237186 ], [ -98.4037447, 29.324163 ], [ -98.4036751, 29.3241592 ], [ -98.3997807, 29.3250339 ], [ -98.3999584, 29.3290881 ], [ -98.3999587, 29.3291507 ], [ -98.3999447, 29.3293019 ], [ -98.3999129, 29.3294466 ], [ -98.3998767, 29.3295707 ], [ -98.3998218, 29.329693 ], [ -98.3997341, 29.3298656 ], [ -98.4013266, 29.3302154 ], [ -98.4012128, 29.3310113 ], [ -98.4022423, 29.3344681 ], [ -98.4010172, 29.3352844 ], [ -98.4003235, 29.3356654 ], [ -98.3957323, 29.3412048 ], [ -98.3948995, 29.3422096 ], [ -98.3942193, 29.3422057 ], [ -98.3943073, 29.3427337 ], [ -98.3937889, 29.3427314 ], [ -98.3936964, 29.3427873 ], [ -98.3935968, 29.3428193 ], [ -98.3934753, 29.3428223 ], [ -98.3914528, 29.3428155 ], [ -98.3894655, 29.3428604 ], [ -98.3892277, 29.3428714 ], [ -98.3884564, 29.3429069 ], [ -98.3883259, 29.3429082 ], [ -98.3845012, 29.342947 ], [ -98.3792785, 29.3429785 ], [ -98.3791855, 29.3429972 ], [ -98.3791165, 29.3430417 ], [ -98.3790725, 29.3430964 ], [ -98.3790485, 29.3431663 ], [ -98.3790177, 29.3453696 ], [ -98.3791621, 29.3522796 ], [ -98.3792849, 29.3581565 ], [ -98.3792704, 29.3595642 ], [ -98.3792691, 29.3596897 ], [ -98.3795674, 29.3597158 ], [ -98.3794829, 29.3673858 ], [ -98.3767523, 29.3664077 ], [ -98.3760042, 29.3661745 ], [ -98.3716501, 29.365029 ], [ -98.3716654, 29.3652109 ], [ -98.3694751, 29.3647274 ], [ -98.3682689, 29.3645968 ], [ -98.3656811, 29.3642613 ], [ -98.3617311, 29.3636985 ], [ -98.3613096, 29.3636145 ], [ -98.360582, 29.363405 ], [ -98.3576156, 29.3619471 ], [ -98.3573603, 29.3617804 ], [ -98.3569556, 29.3616641 ], [ -98.3315987, 29.3562804 ], [ -98.3287487, 29.3557357 ], [ -98.3148068, 29.352715 ], [ -98.3147496, 29.3529179 ], [ -98.3171449, 29.3534274 ], [ -98.318423, 29.3537316 ], [ -98.3204243, 29.3541398 ], [ -98.3251761, 29.3551753 ], [ -98.3466423, 29.359629 ], [ -98.354176, 29.3612848 ], [ -98.3568721, 29.3618773 ], [ -98.3596539, 29.3631764 ], [ -98.3605191, 29.3636253 ], [ -98.3607158, 29.3638244 ], [ -98.3607585, 29.379031 ], [ -98.3607512, 29.3791124 ], [ -98.3607513, 29.3792439 ], [ -98.3607544, 29.3849332 ], [ -98.3607549, 29.385892 ], [ -98.3607554, 29.3867574 ], [ -98.3607126, 29.3923133 ], [ -98.3607198, 29.3923144 ], [ -98.3606937, 29.4109315 ], [ -98.3606886, 29.4145609 ], [ -98.3606386, 29.420951 ], [ -98.3561486, 29.4177549 ], [ -98.3534396, 29.4177689 ], [ -98.3478659, 29.4180492 ], [ -98.3479651, 29.4276699 ], [ -98.3435881, 29.4276576 ], [ -98.3438591, 29.4231695 ], [ -98.3440626, 29.4187408 ], [ -98.344017, 29.4182385 ], [ -98.3386928, 29.4184885 ], [ -98.3383387, 29.4183436 ], [ -98.3380652, 29.4184745 ], [ -98.335973, 29.4185446 ], [ -98.33361, 29.4267728 ], [ -98.333865, 29.4268159 ], [ -98.3326976, 29.4309237 ], [ -98.3325151, 29.4314348 ], [ -98.3323877, 29.4317264 ], [ -98.3322282, 29.4319953 ], [ -98.328255, 29.4373939 ], [ -98.3279256, 29.4377501 ], [ -98.3277749, 29.4378885 ], [ -98.3274738, 29.4381335 ], [ -98.3266478, 29.4387078 ], [ -98.3236261, 29.4406086 ], [ -98.3234116, 29.440756 ], [ -98.3232399, 29.4409271 ], [ -98.3231103, 29.4410876 ], [ -98.3230277, 29.441207 ], [ -98.3229417, 29.4413768 ], [ -98.3228292, 29.4417017 ], [ -98.3227468, 29.4419646 ], [ -98.3209671, 29.447642 ], [ -98.3203514, 29.4495463 ], [ -98.3182096, 29.4561698 ], [ -98.3137399, 29.4574089 ], [ -98.3114389, 29.4568605 ], [ -98.3107056, 29.4567038 ], [ -98.3099529, 29.4565429 ], [ -98.2932401, 29.4523448 ], [ -98.2932065, 29.4524592 ], [ -98.2930362, 29.4524896 ], [ -98.2928404, 29.4525818 ], [ -98.2926902, 29.4526869 ], [ -98.2925722, 29.4526204 ], [ -98.290751, 29.4580726 ], [ -98.290582, 29.458145 ], [ -98.2903352, 29.4580329 ], [ -98.2900161, 29.4576569 ], [ -98.2889217, 29.4570357 ], [ -98.2884979, 29.4571571 ], [ -98.2789815, 29.452402 ], [ -98.2788849, 29.4521965 ], [ -98.2787186, 29.4520376 ], [ -98.2784499, 29.4521749 ], [ -98.2784879, 29.452388 ], [ -98.2769993, 29.4546254 ], [ -98.2767499, 29.4548636 ], [ -98.2764253, 29.4550388 ], [ -98.2760847, 29.4551416 ], [ -98.2757252, 29.4551649 ], [ -98.27539, 29.4551252 ], [ -98.2750654, 29.4549991 ], [ -98.2700282, 29.45243 ], [ -98.2671605, 29.456789 ], [ -98.2650299, 29.4600274 ], [ -98.2632544, 29.462726 ], [ -98.2549489, 29.4753487 ], [ -98.2500861, 29.4770148 ], [ -98.248487, 29.4776457 ], [ -98.2435644, 29.4793334 ], [ -98.2419585, 29.4799759 ], [ -98.2363994, 29.4818093 ], [ -98.2343158, 29.4822839 ], [ -98.2329393, 29.4827328 ], [ -98.2310487, 29.4835826 ], [ -98.2267318, 29.4850744 ], [ -98.2253657, 29.4852886 ], [ -98.2235063, 29.4859096 ], [ -98.2230029, 29.486143 ], [ -98.2239161, 29.4885018 ], [ -98.2242755, 29.488391 ], [ -98.2248422, 29.4882586 ], [ -98.226614, 29.4876903 ], [ -98.2271529, 29.4873889 ], [ -98.2277737, 29.4870378 ], [ -98.2281939, 29.4869018 ], [ -98.2287375, 29.4866982 ], [ -98.2302029, 29.4861925 ], [ -98.2313623, 29.4857928 ], [ -98.2322817, 29.4854751 ], [ -98.2329434, 29.4854372 ], [ -98.2332521, 29.485338 ], [ -98.2338496, 29.4851443 ], [ -98.2347564, 29.4848595 ], [ -98.2346861, 29.4847594 ], [ -98.235187, 29.4845598 ], [ -98.2357408, 29.4843103 ], [ -98.2367932, 29.4837946 ], [ -98.2372917, 29.4836058 ], [ -98.2489887, 29.4796163 ], [ -98.2493443, 29.4795024 ], [ -98.2496339, 29.4794294 ], [ -98.2504387, 29.479261 ], [ -98.2509206, 29.4791364 ], [ -98.2517677, 29.4788512 ], [ -98.2525086, 29.4785176 ], [ -98.2530818, 29.4782713 ], [ -98.2540636, 29.4779901 ], [ -98.2544589, 29.4779349 ], [ -98.2548957, 29.4778304 ], [ -98.255534, 29.477626 ], [ -98.2559348, 29.4774601 ], [ -98.256694, 29.4770414 ], [ -98.2572975, 29.4767793 ], [ -98.2616273, 29.4753772 ], [ -98.2621225, 29.475244 ], [ -98.2627782, 29.4751206 ], [ -98.263647, 29.4749568 ], [ -98.264744, 29.4746198 ], [ -98.2668792, 29.4739256 ], [ -98.2673757, 29.4737091 ], [ -98.2680836, 29.4733596 ], [ -98.2685666, 29.4731463 ], [ -98.269182, 29.4729297 ], [ -98.2824357, 29.468649 ], [ -98.2824592, 29.468724 ], [ -98.284606, 29.4680454 ], [ -98.287089, 29.4693393 ], [ -98.2894082, 29.4704483 ], [ -98.293161, 29.4713812 ], [ -98.2903841, 29.4796288 ], [ -98.2937929, 29.4805229 ], [ -98.2928585, 29.483636 ], [ -98.2884914, 29.4824884 ], [ -98.281096, 29.4806251 ], [ -98.2809735, 29.4808509 ], [ -98.2807167, 29.4812331 ], [ -98.2775888, 29.4858872 ], [ -98.2762799, 29.4878347 ], [ -98.274995, 29.4897713 ], [ -98.2748678, 29.4899153 ], [ -98.2747381, 29.4900212 ], [ -98.2739672, 29.4905815 ], [ -98.273079, 29.4912271 ], [ -98.2730226, 29.4912681 ], [ -98.2728559, 29.4914385 ], [ -98.272739, 29.4915995 ], [ -98.2695453, 29.496416 ], [ -98.2694104, 29.4966719 ], [ -98.2694021, 29.4967206 ], [ -98.2694103, 29.4967784 ], [ -98.2694349, 29.4968247 ], [ -98.2694726, 29.4968773 ], [ -98.2695469, 29.496917 ], [ -98.2736635, 29.4979315 ], [ -98.2753315, 29.4928902 ], [ -98.2764288, 29.4931546 ], [ -98.2797886, 29.4939643 ], [ -98.280423, 29.4929629 ], [ -98.2810011, 29.4931172 ], [ -98.2831633, 29.4936941 ], [ -98.2839744, 29.4939106 ], [ -98.2843237, 29.4939986 ], [ -98.2858114, 29.4943733 ], [ -98.2891533, 29.4952149 ], [ -98.2894023, 29.493676 ], [ -98.2896492, 29.4926424 ], [ -98.2900018, 29.4913247 ], [ -98.2907022, 29.4914922 ], [ -98.2933393, 29.492123 ], [ -98.2953157, 29.4925957 ], [ -98.2954592, 29.4926301 ], [ -98.2966985, 29.4929265 ], [ -98.2962465, 29.4943435 ], [ -98.296545, 29.4947362 ], [ -98.2975065, 29.4949845 ], [ -98.2996604, 29.4955409 ], [ -98.304309, 29.4967206 ], [ -98.3047809, 29.4952788 ], [ -98.3053165, 29.4936425 ], [ -98.3058663, 29.4919625 ], [ -98.306638, 29.4909683 ], [ -98.3022706, 29.4898196 ], [ -98.3029681, 29.4875122 ], [ -98.2988648, 29.4864767 ], [ -98.299263, 29.4852374 ], [ -98.2978725, 29.484902 ], [ -98.2990533, 29.4835395 ], [ -98.2998451, 29.4810813 ], [ -98.2998268, 29.4796351 ], [ -98.299662, 29.4783442 ], [ -98.2979732, 29.470228 ], [ -98.2965232, 29.4665207 ], [ -98.3060306, 29.4689056 ], [ -98.3076541, 29.4639496 ], [ -98.3081039, 29.4625765 ], [ -98.3106495, 29.4632086 ], [ -98.3108238, 29.4626538 ], [ -98.3206283, 29.4601993 ], [ -98.3229058, 29.4593254 ], [ -98.3340669, 29.4557488 ], [ -98.3328327, 29.4595215 ], [ -98.3313398, 29.4640849 ], [ -98.3345957, 29.4648909 ], [ -98.336127, 29.4602804 ], [ -98.3380581, 29.4544662 ], [ -98.3573533, 29.4484128 ], [ -98.3582302, 29.4483193 ], [ -98.3593213, 29.4479677 ], [ -98.3608727, 29.4474679 ], [ -98.3608929, 29.4508429 ], [ -98.3696425, 29.45087 ], [ -98.3696562, 29.4524744 ], [ -98.3698225, 29.4524814 ], [ -98.3697447, 29.4549968 ], [ -98.3709601, 29.4549868 ], [ -98.372186, 29.4549846 ], [ -98.3739156, 29.4549815 ], [ -98.3748009, 29.4549814 ], [ -98.3747071, 29.4548245 ], [ -98.3746787, 29.4546727 ], [ -98.3746425, 29.4543489 ], [ -98.3746771, 29.4515275 ], [ -98.3746051, 29.4512884 ], [ -98.3743358, 29.4509297 ], [ -98.3734721, 29.4504538 ], [ -98.3828534, 29.4504568 ], [ -98.3844796, 29.4504251 ], [ -98.3847334, 29.450446 ], [ -98.3866315, 29.4512973 ], [ -98.3869839, 29.4514134 ], [ -98.387367, 29.4514788 ], [ -98.3877069, 29.4514989 ], [ -98.3888315, 29.451497 ], [ -98.3894743, 29.4515248 ], [ -98.3895491, 29.4515537 ], [ -98.3920847, 29.4515458 ], [ -98.392082, 29.4516314 ], [ -98.3920689, 29.4520458 ], [ -98.3955018, 29.452058 ], [ -98.3956078, 29.4520584 ], [ -98.3956478, 29.451162 ], [ -98.3978046, 29.4511606 ], [ -98.3999604, 29.4511591 ], [ -98.4001587, 29.451159 ], [ -98.4015822, 29.4512142 ], [ -98.4010664, 29.4536222 ], [ -98.4009656, 29.4541969 ], [ -98.4001564, 29.458276 ], [ -98.399587, 29.461146 ], [ -98.3995642, 29.4615091 ], [ -98.3995655, 29.4622459 ], [ -98.3993349, 29.4626756 ], [ -98.3985838, 29.4631847 ], [ -98.3981462, 29.4633567 ], [ -98.3981968, 29.4638034 ], [ -98.3833711, 29.4737891 ], [ -98.3822165, 29.4746215 ], [ -98.3813032, 29.4752176 ], [ -98.3778338, 29.4775789 ], [ -98.3753237, 29.4792482 ], [ -98.3748087, 29.4784169 ], [ -98.3748195, 29.4767007 ], [ -98.3742052, 29.476696 ], [ -98.3741937, 29.4751461 ], [ -98.3736686, 29.4752016 ], [ -98.3736276, 29.47491 ], [ -98.3735537, 29.4747769 ], [ -98.3751943, 29.4740826 ], [ -98.3753712, 29.4740242 ], [ -98.375375, 29.4729679 ], [ -98.3764954, 29.4723546 ], [ -98.3767649, 29.4720836 ], [ -98.3769642, 29.4717194 ], [ -98.3772288, 29.4710744 ], [ -98.3775767, 29.4700361 ], [ -98.3776514, 29.4692898 ], [ -98.3778516, 29.4686153 ], [ -98.3779575, 29.468008 ], [ -98.3779747, 29.4677507 ], [ -98.3780396, 29.4667761 ], [ -98.3778223, 29.4661912 ], [ -98.3777225, 29.4656258 ], [ -98.3759372, 29.4652264 ], [ -98.37518, 29.4651885 ], [ -98.3751801, 29.4650536 ], [ -98.3751826, 29.4597921 ], [ -98.3750662, 29.4595789 ], [ -98.3750689, 29.4565312 ], [ -98.3721941, 29.4565265 ], [ -98.3722061, 29.458806 ], [ -98.3722106, 29.4596527 ], [ -98.3695268, 29.4596746 ], [ -98.3692721, 29.4597049 ], [ -98.3690649, 29.4597324 ], [ -98.368377, 29.4598985 ], [ -98.3595697, 29.4629397 ], [ -98.3595612, 29.4675419 ], [ -98.3595305, 29.4679102 ], [ -98.3595439, 29.4701133 ], [ -98.3595574, 29.4723476 ], [ -98.3595583, 29.4724914 ], [ -98.3595586, 29.4725428 ], [ -98.3595588, 29.47322 ], [ -98.3595595, 29.4752071 ], [ -98.3595598, 29.4760935 ], [ -98.35956, 29.4765147 ], [ -98.3595601, 29.4768276 ], [ -98.3595601, 29.4769471 ], [ -98.3595749, 29.4775402 ], [ -98.3596389, 29.4779395 ], [ -98.3597177, 29.4782126 ], [ -98.3598064, 29.47852 ], [ -98.3595887, 29.4785838 ], [ -98.3589021, 29.478785 ], [ -98.3587012, 29.4788876 ], [ -98.3585061, 29.4790131 ], [ -98.3583663, 29.4791361 ], [ -98.3580407, 29.4794622 ], [ -98.3578492, 29.4796128 ], [ -98.3574884, 29.4798311 ], [ -98.3574667, 29.4798647 ], [ -98.357452, 29.4798875 ], [ -98.35746, 29.4799382 ], [ -98.3577218, 29.4803231 ], [ -98.3578274, 29.4804785 ], [ -98.3580969, 29.4808748 ], [ -98.3581982, 29.4810237 ], [ -98.3583043, 29.4811106 ], [ -98.3584587, 29.4813186 ], [ -98.3582281, 29.4814366 ], [ -98.3565559, 29.4822924 ], [ -98.3524579, 29.4843896 ], [ -98.3521274, 29.4845587 ], [ -98.3515035, 29.4847774 ], [ -98.3508713, 29.4849674 ], [ -98.3498499, 29.4852076 ], [ -98.3489417, 29.4853797 ], [ -98.3473849, 29.485464 ], [ -98.347005, 29.4854846 ], [ -98.346416, 29.4855617 ], [ -98.3456779, 29.4857073 ], [ -98.3453767, 29.4857908 ], [ -98.3455989, 29.4863822 ], [ -98.345575, 29.4865216 ], [ -98.3453503, 29.4868045 ], [ -98.34514, 29.4869626 ], [ -98.344803, 29.4870188 ], [ -98.3442701, 29.4870084 ], [ -98.3439307, 29.486896 ], [ -98.34362, 29.4868919 ], [ -98.3433739, 29.4870146 ], [ -98.3431062, 29.4871186 ], [ -98.3429748, 29.4872434 ], [ -98.3429317, 29.4874764 ], [ -98.3430871, 29.4877323 ], [ -98.3435004, 29.487932 ], [ -98.3441358, 29.4886587 ], [ -98.3443555, 29.4889411 ], [ -98.3440953, 29.4891941 ], [ -98.3440378, 29.4896148 ], [ -98.3437472, 29.4896943 ], [ -98.3435395, 29.4898007 ], [ -98.3433281, 29.489909 ], [ -98.3431151, 29.4904033 ], [ -98.3431422, 29.490621 ], [ -98.3433889, 29.490874 ], [ -98.3441054, 29.4911005 ], [ -98.344342, 29.4912594 ], [ -98.3444941, 29.4915153 ], [ -98.3450991, 29.4917477 ], [ -98.3453053, 29.4920684 ], [ -98.3453391, 29.4922802 ], [ -98.3450112, 29.4923596 ], [ -98.3446699, 29.4925332 ], [ -98.3443961, 29.4931598 ], [ -98.3441629, 29.4935629 ], [ -98.3445786, 29.4942189 ], [ -98.3450349, 29.4945101 ], [ -98.3460557, 29.4944739 ], [ -98.3463401, 29.4945862 ], [ -98.3469256, 29.4944801 ], [ -98.3477461, 29.4942297 ], [ -98.348101, 29.4937208 ], [ -98.3479692, 29.4930883 ], [ -98.3482869, 29.4924999 ], [ -98.3491555, 29.4922852 ], [ -98.3502979, 29.492747 ], [ -98.3506933, 29.4926647 ], [ -98.3513051, 29.492953 ], [ -98.351224, 29.4935825 ], [ -98.3514977, 29.4939797 ], [ -98.346863, 29.4971567 ], [ -98.3467526, 29.4972324 ], [ -98.3465316, 29.4973838 ], [ -98.3458765, 29.4978329 ], [ -98.345487, 29.4980999 ], [ -98.3448824, 29.4985144 ], [ -98.3443247, 29.4988966 ], [ -98.3440654, 29.4990744 ], [ -98.3440466, 29.4990873 ], [ -98.3429705, 29.4998249 ], [ -98.34221, 29.5004603 ], [ -98.3414022, 29.5012457 ], [ -98.3411437, 29.5015793 ], [ -98.3411232, 29.5016057 ], [ -98.3406415, 29.5022276 ], [ -98.3401392, 29.5028758 ], [ -98.3398818, 29.503208 ], [ -98.3396336, 29.5035284 ], [ -98.3390179, 29.5043231 ], [ -98.3387063, 29.5047253 ], [ -98.3383823, 29.5051434 ], [ -98.3380059, 29.5056293 ], [ -98.3376284, 29.5061165 ], [ -98.3372943, 29.5065477 ], [ -98.3370287, 29.5068905 ], [ -98.336319, 29.5076347 ], [ -98.3352645, 29.5084818 ], [ -98.3343925, 29.5090319 ], [ -98.3335272, 29.5094731 ], [ -98.3325721, 29.5098624 ], [ -98.3327933, 29.510059 ], [ -98.332985, 29.510268 ], [ -98.3331943, 29.5105492 ], [ -98.3333673, 29.510827 ], [ -98.3334744, 29.5110287 ], [ -98.3337394, 29.5109232 ], [ -98.3345504, 29.5105495 ], [ -98.3350803, 29.5102767 ], [ -98.3358556, 29.5098199 ], [ -98.3366223, 29.5092802 ], [ -98.3374163, 29.5086174 ], [ -98.3381098, 29.5079041 ], [ -98.3386653, 29.5072427 ], [ -98.3430468, 29.5017567 ], [ -98.3434438, 29.501366 ], [ -98.3440427, 29.5008462 ], [ -98.347257, 29.4985965 ], [ -98.3492053, 29.4990752 ], [ -98.3491944, 29.4991252 ], [ -98.3639925, 29.5027282 ], [ -98.3647901, 29.5029823 ], [ -98.3654481, 29.5033141 ], [ -98.3658416, 29.5036513 ], [ -98.3663693, 29.5041497 ], [ -98.3700793, 29.5084928 ], [ -98.3692549, 29.5090415 ], [ -98.3683014, 29.5096761 ], [ -98.3682633, 29.5097015 ], [ -98.3682648, 29.5098259 ], [ -98.3682249, 29.50985 ], [ -98.3678821, 29.5098045 ], [ -98.368025, 29.5109069 ], [ -98.3678567, 29.5108832 ], [ -98.3667352, 29.510725 ], [ -98.3666276, 29.5114448 ], [ -98.3663678, 29.5115384 ], [ -98.3661849, 29.5111839 ], [ -98.3658036, 29.5114193 ], [ -98.3657462, 29.5121668 ], [ -98.3660037, 29.5121652 ], [ -98.3661947, 29.5121571 ], [ -98.366321, 29.5121357 ], [ -98.3674949, 29.5117925 ], [ -98.3680464, 29.5116262 ], [ -98.3687674, 29.511409 ], [ -98.3705914, 29.5108433 ], [ -98.371374, 29.5105939 ], [ -98.3719316, 29.5104491 ], [ -98.3720857, 29.510425 ], [ -98.3722829, 29.5104169 ], [ -98.3733273, 29.5104143 ], [ -98.3769106, 29.5104196 ], [ -98.3777302, 29.5104169 ], [ -98.3803521, 29.5104277 ], [ -98.3816074, 29.5104143 ], [ -98.3850076, 29.5104089 ], [ -98.3879746, 29.5104303 ], [ -98.3898325, 29.5104009 ], [ -98.3910156, 29.5103794 ], [ -98.3912344, 29.5103767 ], [ -98.3912268, 29.508071 ], [ -98.3912423, 29.5059793 ], [ -98.3910541, 29.5059879 ], [ -98.3910561, 29.5059003 ], [ -98.3910647, 29.5055132 ], [ -98.3947406, 29.50551 ], [ -98.3952767, 29.50551 ], [ -98.3953168, 29.5035364 ], [ -98.3952952, 29.5033299 ], [ -98.395477, 29.5033326 ], [ -98.395474, 29.5030794 ], [ -98.3954308, 29.4994711 ], [ -98.3947222, 29.4994848 ], [ -98.3933143, 29.4995131 ], [ -98.393291, 29.4978472 ], [ -98.3928752, 29.497889 ], [ -98.3928674, 29.4979292 ], [ -98.3928612, 29.4980311 ], [ -98.3928519, 29.4981008 ], [ -98.3928242, 29.4981706 ], [ -98.3927606, 29.4982409 ], [ -98.3926989, 29.4982784 ], [ -98.3925603, 29.4982892 ], [ -98.3904559, 29.4982892 ], [ -98.3888256, 29.4982972 ], [ -98.3888256, 29.4986305 ], [ -98.3886677, 29.4986324 ], [ -98.3854492, 29.4986711 ], [ -98.3852438, 29.4986793 ], [ -98.3850103, 29.4987362 ], [ -98.3847254, 29.4988256 ], [ -98.3844592, 29.4982321 ], [ -98.3836653, 29.4982281 ], [ -98.3838101, 29.4980127 ], [ -98.3840155, 29.4977119 ], [ -98.3840949, 29.4975777 ], [ -98.3841697, 29.4974355 ], [ -98.3842164, 29.4972363 ], [ -98.3842584, 29.4970656 ], [ -98.3842864, 29.4968258 ], [ -98.3842957, 29.4966835 ], [ -98.387874, 29.4966875 ], [ -98.3910613, 29.4967158 ], [ -98.392655, 29.4967158 ], [ -98.3944601, 29.4966945 ], [ -98.3965253, 29.4966521 ], [ -98.3982084, 29.4966804 ], [ -98.3987044, 29.4967087 ], [ -98.3992329, 29.496737 ], [ -98.3993955, 29.4967512 ], [ -98.3996313, 29.4967512 ], [ -98.3997581, 29.4967364 ], [ -98.3998022, 29.496767 ], [ -98.3998202, 29.49687 ], [ -98.3998082, 29.497053 ], [ -98.3996712, 29.497728 ], [ -98.3994642, 29.498748 ], [ -98.3987572, 29.502157 ], [ -98.3984762, 29.50358 ], [ -98.3983142, 29.50437 ], [ -98.3979212, 29.506207 ], [ -98.3973782, 29.508869 ], [ -98.3973472, 29.50902 ], [ -98.3972722, 29.509388 ], [ -98.3971955, 29.5103601 ], [ -98.3969804, 29.5109029 ], [ -98.3968402, 29.511445 ], [ -98.3967422, 29.512012 ], [ -98.3965362, 29.512994 ], [ -98.3962862, 29.514226 ], [ -98.3962442, 29.514405 ], [ -98.3960972, 29.515129 ], [ -98.3959052, 29.515868 ], [ -98.3954892, 29.517065 ], [ -98.3952429, 29.5176069 ], [ -98.3950412, 29.51804 ], [ -98.3948072, 29.518515 ], [ -98.3943974, 29.5192266 ], [ -98.3939742, 29.519897 ], [ -98.3934542, 29.520674 ], [ -98.3929892, 29.521203 ], [ -98.3928252, 29.521365 ], [ -98.3924622, 29.521781 ], [ -98.3922002, 29.522116 ], [ -98.3920336, 29.5223021 ], [ -98.3918354, 29.522493 ], [ -98.3914885, 29.5227763 ], [ -98.391669, 29.5230135 ], [ -98.3914126, 29.5232616 ], [ -98.3908512, 29.523687 ], [ -98.3903562, 29.524071 ], [ -98.3900551, 29.5243408 ], [ -98.3898959, 29.5242792 ], [ -98.3890925, 29.524002 ], [ -98.3878082, 29.5235717 ], [ -98.3877027, 29.5235362 ], [ -98.3872951, 29.5233989 ], [ -98.3869807, 29.5233015 ], [ -98.3866639, 29.5231863 ], [ -98.386464, 29.523119 ], [ -98.3863341, 29.5231054 ], [ -98.3860665, 29.5230905 ], [ -98.3856535, 29.52309 ], [ -98.3839708, 29.5230819 ], [ -98.3834228, 29.5230793 ], [ -98.3829422, 29.5230954 ], [ -98.3819193, 29.5231061 ], [ -98.3815988, 29.5230954 ], [ -98.3809326, 29.523015 ], [ -98.3810111, 29.5254798 ], [ -98.3798252, 29.5256467 ], [ -98.3796444, 29.5256722 ], [ -98.3782755, 29.5258531 ], [ -98.3774269, 29.5259652 ], [ -98.3771949, 29.5259959 ], [ -98.3768554, 29.5260468 ], [ -98.3762409, 29.5261236 ], [ -98.37478, 29.5263154 ], [ -98.3745985, 29.5263396 ], [ -98.3741873, 29.5263944 ], [ -98.3735794, 29.5264755 ], [ -98.3702242, 29.5268983 ], [ -98.3694925, 29.5270145 ], [ -98.3694997, 29.5296329 ], [ -98.3695205, 29.5307074 ], [ -98.3690491, 29.5307207 ], [ -98.3676232, 29.5307611 ], [ -98.3660749, 29.530771 ], [ -98.3655648, 29.5311817 ], [ -98.364813, 29.5317543 ], [ -98.3631841, 29.532995 ], [ -98.3626552, 29.533416 ], [ -98.3623326, 29.5336683 ], [ -98.359735, 29.5356393 ], [ -98.3599377, 29.5358308 ], [ -98.3597143, 29.5359953 ], [ -98.3609598, 29.5372828 ], [ -98.3593024, 29.5383445 ], [ -98.3587225, 29.5383954 ], [ -98.3588948, 29.5386346 ], [ -98.3551578, 29.541015 ], [ -98.3554562, 29.5411624 ], [ -98.3557244, 29.5413367 ], [ -98.3559763, 29.5415643 ], [ -98.3563877, 29.5420162 ], [ -98.356369, 29.5430339 ], [ -98.3564558, 29.5440077 ], [ -98.3563005, 29.5439997 ], [ -98.356207, 29.5440449 ], [ -98.3560642, 29.543989 ], [ -98.3559102, 29.543905 ], [ -98.3556602, 29.543745 ], [ -98.355581, 29.5436778 ], [ -98.3554805, 29.5435764 ], [ -98.3553631, 29.5434554 ], [ -98.3552625, 29.5433627 ], [ -98.355095, 29.5432829 ], [ -98.3549599, 29.5432588 ], [ -98.3547934, 29.5432568 ], [ -98.3546637, 29.543274 ], [ -98.3545303, 29.5433449 ], [ -98.3544126, 29.5434147 ], [ -98.354324, 29.543537 ], [ -98.3542823, 29.5436531 ], [ -98.3542581, 29.5437517 ], [ -98.3542627, 29.5438793 ], [ -98.3543167, 29.5440849 ], [ -98.3543827, 29.5442289 ], [ -98.3545114, 29.5444332 ], [ -98.3547569, 29.5447345 ], [ -98.3549792, 29.5449654 ], [ -98.3552356, 29.5451745 ], [ -98.3555874, 29.5453961 ], [ -98.3559344, 29.5455569 ], [ -98.3562996, 29.5456818 ], [ -98.3569373, 29.545867 ], [ -98.35639, 29.5471735 ], [ -98.3570993, 29.5478323 ], [ -98.3566305, 29.5481881 ], [ -98.3574946, 29.5490176 ], [ -98.3570189, 29.5494076 ], [ -98.3576382, 29.5499888 ], [ -98.3570472, 29.550458 ], [ -98.3564962, 29.550818 ], [ -98.3563642, 29.550904 ], [ -98.3557338, 29.5513322 ], [ -98.3547789, 29.5518419 ], [ -98.3543263, 29.5520442 ], [ -98.3525711, 29.5526208 ], [ -98.3507253, 29.5533949 ], [ -98.3482286, 29.554425 ], [ -98.3475994, 29.5546119 ], [ -98.3479741, 29.5551891 ], [ -98.3511481, 29.5600786 ], [ -98.3515778, 29.5608098 ], [ -98.3518089, 29.5612791 ], [ -98.3519802, 29.5618443 ], [ -98.3522191, 29.5633204 ], [ -98.3524235, 29.5639456 ], [ -98.3526429, 29.5644211 ], [ -98.3528999, 29.5648487 ], [ -98.3531056, 29.5647094 ], [ -98.3564281, 29.5697021 ], [ -98.3566639, 29.5697924 ], [ -98.3567648, 29.5700213 ], [ -98.3557221, 29.5701709 ], [ -98.3532885, 29.5705201 ], [ -98.3510612, 29.5709312 ], [ -98.3500847, 29.5711114 ], [ -98.3495562, 29.5712519 ], [ -98.3490934, 29.5714221 ], [ -98.3486111, 29.571633 ], [ -98.3481928, 29.5718716 ], [ -98.3477496, 29.5721656 ], [ -98.3473566, 29.5724971 ], [ -98.3470188, 29.5728303 ], [ -98.3466055, 29.5733064 ], [ -98.3463632, 29.5736562 ], [ -98.3461085, 29.5740621 ], [ -98.3460582, 29.5741647 ], [ -98.3459573, 29.5743704 ], [ -98.3457942, 29.5747744 ], [ -98.3456798, 29.5751301 ], [ -98.3455637, 29.5755429 ], [ -98.3454735, 29.576187 ], [ -98.3453349, 29.5771762 ], [ -98.3443671, 29.5777441 ], [ -98.3433464, 29.5782962 ], [ -98.34198, 29.5790726 ], [ -98.3385002, 29.5808361 ], [ -98.3402178, 29.5834482 ], [ -98.3416508, 29.5856276 ], [ -98.3371641, 29.5889267 ], [ -98.3371053, 29.5888615 ], [ -98.3363725, 29.5893874 ], [ -98.3363116, 29.5892996 ], [ -98.3329231, 29.5917845 ], [ -98.3330092, 29.591865 ], [ -98.3315392, 29.5929562 ], [ -98.3315985, 29.5930205 ], [ -98.331153, 29.5933389 ], [ -98.3301812, 29.5940336 ], [ -98.329398, 29.5945837 ], [ -98.3287052, 29.59503 ], [ -98.3273531, 29.595765 ], [ -98.3223036, 29.5981 ], [ -98.3197927, 29.5992148 ], [ -98.3152933, 29.6012882 ], [ -98.315219, 29.6011845 ], [ -98.3150404, 29.6012659 ], [ -98.314725, 29.6014095 ], [ -98.3147636, 29.6014709 ], [ -98.3140001, 29.6018091 ], [ -98.313783, 29.6018495 ], [ -98.3129185, 29.602246 ], [ -98.313103, 29.6023302 ], [ -98.31352, 29.6025269 ], [ -98.314015, 29.6026427 ], [ -98.3142144, 29.6026818 ], [ -98.3150339, 29.6027085 ], [ -98.3173704, 29.6021741 ], [ -98.3177814, 29.6020981 ], [ -98.318194, 29.6020312 ], [ -98.3185613, 29.602002 ], [ -98.3188645, 29.6019803 ], [ -98.3192989, 29.6019912 ], [ -98.3199294, 29.6020457 ], [ -98.3213519, 29.6022389 ], [ -98.3228049, 29.6025417 ], [ -98.3234655, 29.6027007 ], [ -98.3238334, 29.6027974 ], [ -98.3245085, 29.6030003 ], [ -98.325282, 29.603281 ], [ -98.3257043, 29.6035028 ], [ -98.3259497, 29.603705 ], [ -98.3261539, 29.6039462 ], [ -98.326326, 29.6045243 ], [ -98.3266171, 29.604813 ], [ -98.3267086, 29.6048903 ], [ -98.3278158, 29.605819 ], [ -98.3280585, 29.6064158 ], [ -98.3285074, 29.6081266 ], [ -98.3285134, 29.608275 ], [ -98.3312159, 29.6077437 ], [ -98.3316986, 29.6077297 ], [ -98.3392486, 29.6061156 ], [ -98.341689, 29.6055558 ], [ -98.3429189, 29.6069937 ], [ -98.344886, 29.6092933 ], [ -98.3484605, 29.6075522 ], [ -98.3496145, 29.6093094 ], [ -98.3537996, 29.6072163 ], [ -98.3606181, 29.6143491 ], [ -98.3593166, 29.6150289 ], [ -98.3588845, 29.6153495 ], [ -98.3586537, 29.6156121 ], [ -98.3584618, 29.6158195 ], [ -98.3583176, 29.6161364 ], [ -98.3578667, 29.6157948 ], [ -98.3575954, 29.6156542 ], [ -98.3572592, 29.6155326 ], [ -98.3569583, 29.6154804 ], [ -98.3565495, 29.6154473 ], [ -98.3561491, 29.6154841 ], [ -98.3558176, 29.6155709 ], [ -98.3555112, 29.6156673 ], [ -98.3551771, 29.6158108 ], [ -98.3515685, 29.6176405 ], [ -98.3509933, 29.6178917 ], [ -98.3529369, 29.6198167 ], [ -98.3535238, 29.6208553 ], [ -98.3549097, 29.6278673 ], [ -98.3571879, 29.634243 ], [ -98.3563971, 29.6343486 ], [ -98.3549034, 29.6317801 ], [ -98.3437106, 29.6365518 ], [ -98.3445104, 29.6383435 ], [ -98.3451846, 29.638085 ], [ -98.3458835, 29.639285 ], [ -98.3472433, 29.6419937 ], [ -98.3474247, 29.6426555 ], [ -98.3472932, 29.6437839 ], [ -98.3470297, 29.6448941 ], [ -98.3473529, 29.6453168 ], [ -98.3475857, 29.645036 ], [ -98.3486753, 29.6458034 ], [ -98.3485781, 29.6461662 ], [ -98.3475613, 29.6466302 ], [ -98.3474888, 29.646772 ], [ -98.3476944, 29.6472274 ], [ -98.3482135, 29.6479826 ], [ -98.3524026, 29.6531587 ], [ -98.3665646, 29.6433911 ], [ -98.3692652, 29.6448723 ], [ -98.369306, 29.6446647 ], [ -98.3665221, 29.6430611 ], [ -98.3610143, 29.6398883 ], [ -98.3611208, 29.6397998 ], [ -98.3707365, 29.6318056 ], [ -98.3729885, 29.629815 ], [ -98.3732033, 29.6296229 ], [ -98.3742681, 29.6316971 ], [ -98.3786635, 29.6295425 ], [ -98.3791653, 29.6311776 ], [ -98.3786674, 29.6336518 ], [ -98.3766181, 29.634345 ], [ -98.3766615, 29.6344883 ], [ -98.3770173, 29.6349673 ], [ -98.3768091, 29.6350653 ], [ -98.3768525, 29.6352124 ], [ -98.3758675, 29.6355632 ], [ -98.3770911, 29.6382258 ], [ -98.3773601, 29.6381466 ], [ -98.3775337, 29.6381429 ], [ -98.3776769, 29.6381014 ], [ -98.3778505, 29.6381165 ], [ -98.3779763, 29.6381165 ], [ -98.3781629, 29.6380674 ], [ -98.3783798, 29.637943 ], [ -98.3787246, 29.6387418 ], [ -98.3791184, 29.6385422 ], [ -98.3799505, 29.6381204 ], [ -98.3975081, 29.6292203 ], [ -98.402334, 29.6267779 ], [ -98.4073487, 29.6344928 ], [ -98.4065118, 29.6385865 ], [ -98.4064051, 29.6390252 ], [ -98.4057051, 29.6419029 ], [ -98.4075082, 29.6417387 ], [ -98.4220615, 29.6404573 ], [ -98.4246152, 29.6402326 ], [ -98.4246549, 29.641776 ], [ -98.4246931, 29.6423006 ], [ -98.4250153, 29.6456379 ], [ -98.4249873, 29.6459679 ], [ -98.425025, 29.6464406 ], [ -98.4251429, 29.6469401 ], [ -98.4252021, 29.6471457 ], [ -98.4251678, 29.6474195 ], [ -98.4250577, 29.647616 ], [ -98.4252683, 29.6476577 ], [ -98.4258562, 29.6475948 ], [ -98.4257739, 29.6477408 ], [ -98.4259604, 29.6482482 ], [ -98.4259687, 29.6482706 ], [ -98.4260952, 29.6486918 ], [ -98.4262062, 29.6491114 ], [ -98.4262279, 29.6494588 ], [ -98.4261345, 29.6508744 ], [ -98.4261865, 29.6514468 ], [ -98.4266612, 29.6521137 ], [ -98.4271323, 29.6525037 ], [ -98.4272118, 29.6532385 ], [ -98.4275833, 29.653531 ], [ -98.4278943, 29.6537319 ], [ -98.4301232, 29.6549446 ], [ -98.430469, 29.6549578 ], [ -98.4318467, 29.6547451 ], [ -98.432174, 29.654804 ], [ -98.4326327, 29.6555922 ], [ -98.4321394, 29.6562991 ], [ -98.4322843, 29.6565258 ], [ -98.4326136, 29.6572527 ], [ -98.4326714, 29.6574811 ], [ -98.4334075, 29.6589501 ], [ -98.4334731, 29.6590643 ], [ -98.4336642, 29.6593252 ], [ -98.4338847, 29.6595862 ], [ -98.4343083, 29.6599996 ], [ -98.4349071, 29.6602889 ], [ -98.435112, 29.6611889 ], [ -98.4352239, 29.661575 ], [ -98.4353473, 29.662124 ], [ -98.4353928, 29.6624111 ], [ -98.4354027, 29.6625826 ], [ -98.4359822, 29.662498 ], [ -98.4367772, 29.662403 ], [ -98.4380938, 29.6622559 ], [ -98.4391637, 29.6621329 ], [ -98.4426741, 29.6617037 ], [ -98.4437823, 29.6615693 ], [ -98.4464075, 29.661235 ], [ -98.4472929, 29.661123 ], [ -98.4473907, 29.6616245 ], [ -98.4475838, 29.6616012 ], [ -98.4478574, 29.663277 ], [ -98.4469838, 29.6633794 ], [ -98.4469033, 29.6661413 ], [ -98.44773, 29.6660326 ], [ -98.4477152, 29.6675327 ], [ -98.4479392, 29.6694658 ], [ -98.4481109, 29.6703468 ], [ -98.4483755, 29.6712208 ], [ -98.449223, 29.6737238 ], [ -98.4498614, 29.675707 ], [ -98.444345, 29.6757859 ], [ -98.4456735, 29.6773402 ], [ -98.4469213, 29.6773208 ], [ -98.4477474, 29.6782902 ], [ -98.4465147, 29.6783244 ], [ -98.447038, 29.6789366 ], [ -98.4476347, 29.6788868 ], [ -98.4477206, 29.6799727 ], [ -98.4470286, 29.6802663 ], [ -98.4470017, 29.6808489 ], [ -98.4472485, 29.681301 ], [ -98.4473129, 29.681534 ], [ -98.4477796, 29.682783 ], [ -98.4488954, 29.6827458 ], [ -98.4489008, 29.6839482 ], [ -98.4488999, 29.6846386 ], [ -98.4488964, 29.6871641 ], [ -98.447741, 29.6871691 ], [ -98.4476052, 29.6871114 ], [ -98.4466174, 29.6886622 ], [ -98.4464868, 29.688958 ], [ -98.4471841, 29.6893308 ], [ -98.4477099, 29.6897642 ], [ -98.4486594, 29.6910458 ], [ -98.4483005, 29.6912192 ], [ -98.4478447, 29.6914395 ], [ -98.4472847, 29.6919021 ], [ -98.4468543, 29.6923068 ], [ -98.4465162, 29.6928142 ], [ -98.4464117, 29.6931009 ], [ -98.4463386, 29.6936327 ], [ -98.4462212, 29.6947808 ], [ -98.4464671, 29.6947906 ], [ -98.4483105, 29.6947795 ], [ -98.4481487, 29.6988441 ], [ -98.4481514, 29.6990966 ], [ -98.4479372, 29.7041358 ], [ -98.4463607, 29.7041102 ], [ -98.4464841, 29.7070613 ], [ -98.4464841, 29.7114038 ], [ -98.4466504, 29.7119629 ], [ -98.4451483, 29.7128108 ], [ -98.4452234, 29.7129646 ], [ -98.4437804, 29.7157227 ], [ -98.4427826, 29.7153989 ], [ -98.4426753, 29.7155364 ], [ -98.4426378, 29.7156389 ], [ -98.4436517, 29.717987 ], [ -98.4449756, 29.7180114 ], [ -98.4455545, 29.718022 ], [ -98.4491862, 29.7181478 ], [ -98.4490387, 29.7128529 ], [ -98.4510557, 29.7127317 ], [ -98.4497146, 29.7111896 ], [ -98.4503798, 29.7107469 ], [ -98.4502618, 29.7095868 ], [ -98.4499667, 29.7094889 ], [ -98.4503852, 29.708585 ], [ -98.4506909, 29.7077743 ], [ -98.450884, 29.706945 ], [ -98.4511791, 29.7049367 ], [ -98.4537165, 29.7054679 ], [ -98.4541188, 29.7041819 ], [ -98.4541081, 29.7028866 ], [ -98.4551843, 29.7026826 ], [ -98.4553117, 29.7026348 ], [ -98.4551695, 29.7024927 ], [ -98.4547296, 29.7016912 ], [ -98.4546304, 29.7017367 ], [ -98.4544514, 29.7014397 ], [ -98.4543092, 29.7010926 ], [ -98.4542609, 29.7005055 ], [ -98.4541403, 29.6957548 ], [ -98.4553928, 29.6957711 ], [ -98.4553177, 29.6943569 ], [ -98.4548752, 29.6943685 ], [ -98.4538891, 29.6930756 ], [ -98.4541883, 29.6909636 ], [ -98.4542696, 29.6900657 ], [ -98.4543895, 29.6892486 ], [ -98.4545008, 29.6884898 ], [ -98.4549133, 29.6856571 ], [ -98.4551167, 29.6856546 ], [ -98.4556959, 29.6815341 ], [ -98.4568016, 29.6808883 ], [ -98.4568144, 29.680924 ], [ -98.4576029, 29.6804918 ], [ -98.4576371, 29.6796581 ], [ -98.4577679, 29.6758928 ], [ -98.4571322, 29.6758882 ], [ -98.4565063, 29.6752469 ], [ -98.456344, 29.6750806 ], [ -98.4561921, 29.6750847 ], [ -98.4559722, 29.6750696 ], [ -98.4549945, 29.6749939 ], [ -98.4547638, 29.6749496 ], [ -98.4546431, 29.6748109 ], [ -98.4547317, 29.6742098 ], [ -98.4544004, 29.6742574 ], [ -98.4540664, 29.6741642 ], [ -98.4541, 29.6737983 ], [ -98.4539377, 29.6737436 ], [ -98.4539881, 29.6736369 ], [ -98.4539433, 29.6736228 ], [ -98.4536392, 29.6731948 ], [ -98.4536306, 29.6725389 ], [ -98.4534122, 29.6718576 ], [ -98.4531759, 29.671436 ], [ -98.4526811, 29.6705533 ], [ -98.4530674, 29.6703855 ], [ -98.4529762, 29.6702596 ], [ -98.452944, 29.6700778 ], [ -98.4529601, 29.6698494 ], [ -98.4526168, 29.6697516 ], [ -98.452919, 29.6691348 ], [ -98.4531249, 29.6689037 ], [ -98.4529174, 29.668674 ], [ -98.4524668, 29.668502 ], [ -98.4521342, 29.6682452 ], [ -98.4517695, 29.6677418 ], [ -98.4516836, 29.6674341 ], [ -98.4515441, 29.6672477 ], [ -98.451351, 29.6670985 ], [ -98.451406, 29.6655603 ], [ -98.4515579, 29.6655482 ], [ -98.4514393, 29.6648806 ], [ -98.4517584, 29.664834 ], [ -98.4516136, 29.6638714 ], [ -98.4518228, 29.6636593 ], [ -98.453756, 29.6634319 ], [ -98.4537654, 29.6628213 ], [ -98.4534462, 29.6623983 ], [ -98.4537278, 29.6623877 ], [ -98.4527314, 29.6617526 ], [ -98.4532437, 29.6612539 ], [ -98.4529755, 29.6612422 ], [ -98.4520228, 29.660585 ], [ -98.4562899, 29.6562857 ], [ -98.4591748, 29.6533789 ], [ -98.4607534, 29.6517883 ], [ -98.4613239, 29.6519022 ], [ -98.4613534, 29.6518602 ], [ -98.46176, 29.6519332 ], [ -98.4622638, 29.652264 ], [ -98.4626428, 29.6524822 ], [ -98.4645251, 29.6537067 ], [ -98.4650887, 29.6540259 ], [ -98.4656493, 29.6543781 ], [ -98.4673875, 29.655499 ], [ -98.468335, 29.6561082 ], [ -98.4689831, 29.6547782 ], [ -98.4692253, 29.6548618 ], [ -98.4698323, 29.6560104 ], [ -98.4707309, 29.6566753 ], [ -98.4732724, 29.6570926 ], [ -98.4752806, 29.657944 ], [ -98.4794236, 29.6596156 ], [ -98.4796852, 29.6597211 ], [ -98.4826497, 29.6609844 ], [ -98.4842774, 29.6615852 ], [ -98.4846384, 29.6617349 ], [ -98.4854902, 29.6620829 ], [ -98.4871158, 29.6620544 ], [ -98.4913641, 29.6620451 ], [ -98.4913375, 29.6637141 ], [ -98.4913479, 29.6641475 ], [ -98.4913372, 29.6663057 ], [ -98.4911887, 29.6688288 ], [ -98.4911198, 29.6694471 ], [ -98.4910412, 29.67199 ], [ -98.4910628, 29.6771825 ], [ -98.4910642, 29.6775033 ], [ -98.5059787, 29.6704872 ], [ -98.5076986, 29.6696835 ], [ -98.507586, 29.6694877 ], [ -98.5036666, 29.6629325 ], [ -98.5044849, 29.6625986 ], [ -98.5046906, 29.6626041 ], [ -98.5047615, 29.6623177 ], [ -98.5061604, 29.6622459 ], [ -98.506691, 29.661767 ], [ -98.509295, 29.6594166 ], [ -98.5098725, 29.6591856 ], [ -98.5099764, 29.659144 ], [ -98.5115691, 29.6585069 ], [ -98.515505, 29.6569323 ], [ -98.5166832, 29.656461 ], [ -98.5207332, 29.6565569 ], [ -98.521556, 29.6565764 ], [ -98.5215252, 29.6561125 ], [ -98.5212631, 29.6545633 ], [ -98.5210026, 29.6536751 ], [ -98.5207671, 29.6530704 ], [ -98.5204469, 29.6523897 ], [ -98.5201822, 29.6519346 ], [ -98.5198634, 29.6514008 ], [ -98.5192825, 29.6504684 ], [ -98.519063, 29.6499627 ], [ -98.5188821, 29.6494327 ], [ -98.5187729, 29.6488875 ], [ -98.518626, 29.647395 ], [ -98.5185085, 29.6461497 ], [ -98.5184787, 29.6454545 ], [ -98.518515, 29.6449193 ], [ -98.5185925, 29.644357 ], [ -98.5187692, 29.6437495 ], [ -98.5194799, 29.6418075 ], [ -98.5198296, 29.6408369 ], [ -98.5199487, 29.6405193 ], [ -98.5200052, 29.6402272 ], [ -98.5200681, 29.6399056 ], [ -98.5200902, 29.6395845 ], [ -98.5201034, 29.6392943 ], [ -98.520061, 29.6388047 ], [ -98.5199661, 29.6381346 ], [ -98.5198768, 29.6374883 ], [ -98.5197689, 29.6365874 ], [ -98.5195131, 29.6345625 ], [ -98.5194965, 29.6344313 ], [ -98.5195237, 29.6336994 ], [ -98.5192522, 29.6299498 ], [ -98.5190719, 29.6269102 ], [ -98.5211286, 29.6269381 ], [ -98.524391, 29.6269232 ], [ -98.5281462, 29.626934 ], [ -98.5351197, 29.6269453 ], [ -98.5510034, 29.6269711 ], [ -98.5509898, 29.6293758 ], [ -98.5609865, 29.6294434 ], [ -98.5628834, 29.6278188 ], [ -98.5654304, 29.62563 ], [ -98.5700999, 29.6231796 ], [ -98.5716977, 29.6223474 ], [ -98.5717582, 29.6224538 ], [ -98.5708649, 29.6236694 ], [ -98.5709324, 29.6237064 ], [ -98.5709806, 29.6237328 ], [ -98.5710567, 29.6237723 ], [ -98.5711653, 29.6238288 ], [ -98.570229, 29.6251114 ], [ -98.5696636, 29.6258591 ], [ -98.5832032, 29.6258555 ], [ -98.5850133, 29.6264801 ], [ -98.5838055, 29.6289729 ], [ -98.5872817, 29.6302009 ], [ -98.5885587, 29.6302068 ], [ -98.5888301, 29.6323634 ], [ -98.588784, 29.63982 ], [ -98.5887963, 29.6460755 ], [ -98.5954548, 29.6459919 ], [ -98.5955177, 29.6518242 ], [ -98.6052969, 29.6519054 ], [ -98.6050098, 29.6609757 ], [ -98.6053124, 29.6711339 ], [ -98.6127435, 29.6712824 ], [ -98.6127232, 29.6795618 ], [ -98.628238, 29.6796016 ], [ -98.6282663, 29.6990584 ], [ -98.6268894, 29.7055449 ], [ -98.6258664, 29.7070383 ], [ -98.6256065, 29.7073899 ], [ -98.6252685, 29.7079166 ], [ -98.6249171, 29.7087492 ], [ -98.6245981, 29.7115183 ], [ -98.6237746, 29.7129492 ], [ -98.6217313, 29.7151283 ], [ -98.6211974, 29.7158309 ], [ -98.6208923, 29.7163642 ], [ -98.6204756, 29.7175044 ], [ -98.6203549, 29.7186856 ], [ -98.6203853, 29.7214391 ], [ -98.6201852, 29.7238896 ], [ -98.6202266, 29.7309417 ], [ -98.6225942, 29.7309588 ], [ -98.6231949, 29.7309623 ], [ -98.6233483, 29.7308246 ], [ -98.6233437, 29.7242618 ], [ -98.6233611, 29.7237338 ], [ -98.6234922, 29.7216835 ], [ -98.623488, 29.7187011 ], [ -98.6235325, 29.718269 ], [ -98.6236196, 29.7178882 ], [ -98.6237953, 29.7175101 ], [ -98.6241634, 29.7169701 ], [ -98.6262084, 29.7147707 ], [ -98.6264717, 29.7144506 ], [ -98.6266336, 29.7141655 ], [ -98.6274005, 29.7128147 ], [ -98.6276114, 29.7123171 ], [ -98.6277259, 29.7118527 ], [ -98.6278048, 29.7111772 ], [ -98.6278403, 29.7108736 ], [ -98.6280439, 29.7091303 ], [ -98.6295269, 29.7069631 ], [ -98.6296473, 29.7067605 ], [ -98.6297763, 29.7065001 ], [ -98.6298856, 29.7062221 ], [ -98.6310805, 29.7008988 ], [ -98.6313653, 29.6996122 ], [ -98.6314114, 29.6993313 ], [ -98.6314268, 29.6990525 ], [ -98.6313868, 29.6860213 ], [ -98.6313852, 29.6855053 ], [ -98.6313825, 29.684632 ], [ -98.6313819, 29.6844413 ], [ -98.6313823, 29.6843912 ], [ -98.6313828, 29.684334 ], [ -98.6314417, 29.6775298 ], [ -98.6314474, 29.676867 ], [ -98.6255442, 29.6768483 ], [ -98.6253468, 29.6768475 ], [ -98.6256602, 29.6763742 ], [ -98.6258665, 29.6763735 ], [ -98.6265475, 29.6753702 ], [ -98.6288427, 29.6734101 ], [ -98.6291729, 29.6719661 ], [ -98.629954, 29.671136 ], [ -98.6304493, 29.6706209 ], [ -98.6310896, 29.6699867 ], [ -98.6333139, 29.6702156 ], [ -98.6340035, 29.6702442 ], [ -98.6348861, 29.672517 ], [ -98.6351052, 29.6729259 ], [ -98.6352982, 29.6733866 ], [ -98.6356875, 29.6741472 ], [ -98.6373529, 29.6766956 ], [ -98.6383609, 29.676693 ], [ -98.639198, 29.6766914 ], [ -98.6405829, 29.6766933 ], [ -98.6420268, 29.6766898 ], [ -98.6443131, 29.6766844 ], [ -98.6444784, 29.676684 ], [ -98.6444531, 29.6728463 ], [ -98.6444488, 29.6721944 ], [ -98.644446, 29.6719119 ], [ -98.6443911, 29.6680173 ], [ -98.6436066, 29.6676341 ], [ -98.642977, 29.6673965 ], [ -98.6422487, 29.6670082 ], [ -98.642469, 29.6665723 ], [ -98.6426019, 29.6662862 ], [ -98.6413327, 29.6658026 ], [ -98.6407793, 29.6656668 ], [ -98.6402391, 29.6656593 ], [ -98.639769, 29.6657506 ], [ -98.6383215, 29.6660117 ], [ -98.6368743, 29.6662804 ], [ -98.6368786, 29.6660168 ], [ -98.6369036, 29.6646148 ], [ -98.635938, 29.6645105 ], [ -98.6356951, 29.6644846 ], [ -98.6354771, 29.6644633 ], [ -98.6356655, 29.663062 ], [ -98.6347328, 29.6630287 ], [ -98.6347185, 29.6617638 ], [ -98.634219, 29.661914 ], [ -98.633627, 29.660312 ], [ -98.633041, 29.658399 ], [ -98.633249, 29.658431 ], [ -98.633373, 29.658433 ], [ -98.6334319, 29.6584333 ], [ -98.6344091, 29.6583342 ], [ -98.634571, 29.6582918 ], [ -98.6346972, 29.6582192 ], [ -98.6348103, 29.6581142 ], [ -98.6349402, 29.6579618 ], [ -98.6350191, 29.6578167 ], [ -98.6351026, 29.6575985 ], [ -98.6351157, 29.657459 ], [ -98.6351047, 29.6573207 ], [ -98.6350698, 29.6571978 ], [ -98.635016, 29.657056 ], [ -98.6347904, 29.6564885 ], [ -98.6346329, 29.6565015 ], [ -98.6335019, 29.6565137 ], [ -98.6334608, 29.6534326 ], [ -98.6334539, 29.6529175 ], [ -98.6334419, 29.6520209 ], [ -98.6333839, 29.6463917 ], [ -98.6354911, 29.6464623 ], [ -98.6365547, 29.6462228 ], [ -98.6376662, 29.6463504 ], [ -98.6422361, 29.6425507 ], [ -98.6435234, 29.6412557 ], [ -98.6436168, 29.6413807 ], [ -98.6436919, 29.6414345 ], [ -98.6438241, 29.6414899 ], [ -98.6439882, 29.6415046 ], [ -98.6440698, 29.6414932 ], [ -98.6442049, 29.6414426 ], [ -98.6466407, 29.6401319 ], [ -98.646712, 29.6400854 ], [ -98.6467692, 29.64003 ], [ -98.6468133, 29.6399648 ], [ -98.6468499, 29.6398898 ], [ -98.6468667, 29.6397879 ], [ -98.6468499, 29.6396738 ], [ -98.6468245, 29.639611 ], [ -98.6461935, 29.638479 ], [ -98.6460815, 29.6384063 ], [ -98.6459654, 29.6383579 ], [ -98.6458315, 29.6383233 ], [ -98.6457074, 29.6383055 ], [ -98.6456073, 29.6382657 ], [ -98.6455231, 29.6381867 ], [ -98.6454839, 29.6381158 ], [ -98.6454694, 29.6380155 ], [ -98.6454999, 29.6379187 ], [ -98.6462701, 29.6370402 ], [ -98.6491444, 29.6359133 ], [ -98.6504475, 29.6344688 ], [ -98.6504983, 29.6343242 ], [ -98.6514866, 29.6343686 ], [ -98.6512747, 29.6334057 ], [ -98.6514821, 29.631521 ], [ -98.6507144, 29.6304658 ], [ -98.6508469, 29.6303912 ], [ -98.652173, 29.6291552 ], [ -98.6523814, 29.6290104 ], [ -98.6513165, 29.6277898 ], [ -98.6510407, 29.6275544 ], [ -98.6507443, 29.6273721 ], [ -98.6502411, 29.627151 ], [ -98.6498496, 29.6270465 ], [ -98.6494498, 29.6268958 ], [ -98.6491311, 29.6267256 ], [ -98.6488151, 29.6264972 ], [ -98.6485579, 29.6262736 ], [ -98.6479247, 29.6255976 ], [ -98.6472648, 29.6250543 ], [ -98.6471686, 29.6249883 ], [ -98.6461437, 29.6242849 ], [ -98.6448884, 29.6235388 ], [ -98.6442282, 29.6231913 ], [ -98.6445404, 29.6228824 ], [ -98.6447499, 29.6226988 ], [ -98.6471631, 29.6205837 ], [ -98.6493022, 29.6206259 ], [ -98.6520829, 29.6206705 ], [ -98.6575476, 29.6208135 ], [ -98.6617381, 29.6209232 ], [ -98.6663337, 29.620905 ], [ -98.66905, 29.6208943 ], [ -98.6690516, 29.618786 ], [ -98.6710849, 29.6187803 ], [ -98.671035, 29.6121413 ], [ -98.67214, 29.6121457 ], [ -98.6724935, 29.6082426 ], [ -98.6730434, 29.6068129 ], [ -98.6732471, 29.6063282 ], [ -98.6736149, 29.6056395 ], [ -98.6740663, 29.6049892 ], [ -98.6745857, 29.6043866 ], [ -98.6751805, 29.6038312 ], [ -98.6756029, 29.6035158 ], [ -98.6755963, 29.6031541 ], [ -98.6761089, 29.6027621 ], [ -98.6767952, 29.6022372 ], [ -98.6779023, 29.6012602 ], [ -98.6796275, 29.6014445 ], [ -98.679965, 29.6014806 ], [ -98.6805286, 29.601469 ], [ -98.6806066, 29.5968871 ], [ -98.6790065, 29.5955546 ], [ -98.6781823, 29.5949665 ], [ -98.6775854, 29.5945406 ], [ -98.6769063, 29.5940512 ], [ -98.6764409, 29.5937158 ], [ -98.6735229, 29.5917109 ], [ -98.6704228, 29.5895808 ], [ -98.6698012, 29.5890536 ], [ -98.6698464, 29.587523 ], [ -98.6698734, 29.5866092 ], [ -98.6698892, 29.5860743 ], [ -98.6698857, 29.5855021 ], [ -98.6698779, 29.5842115 ], [ -98.6698787, 29.5839257 ], [ -98.6698877, 29.5806249 ], [ -98.6698764, 29.5796307 ], [ -98.6713133, 29.57964 ], [ -98.6713029, 29.5790632 ], [ -98.6712908, 29.578393 ], [ -98.671254, 29.5763524 ], [ -98.6737024, 29.5763295 ], [ -98.6741993, 29.5763249 ], [ -98.6744979, 29.5757329 ], [ -98.6755152, 29.5761371 ], [ -98.6762858, 29.574636 ], [ -98.6771803, 29.5747916 ], [ -98.6784479, 29.5750122 ], [ -98.678858, 29.5738411 ], [ -98.6790398, 29.5733219 ], [ -98.6792886, 29.5726114 ], [ -98.6816562, 29.5658499 ], [ -98.6806214, 29.5653815 ], [ -98.6804275, 29.5657445 ], [ -98.6790585, 29.5683449 ], [ -98.6785479, 29.5691388 ], [ -98.6780228, 29.5697483 ], [ -98.6773124, 29.5703558 ], [ -98.6765533, 29.5708225 ], [ -98.6761638, 29.5686934 ], [ -98.6760503, 29.5684273 ], [ -98.6757401, 29.5686903 ], [ -98.6754915, 29.5688771 ], [ -98.6750739, 29.569083 ], [ -98.674529, 29.5693217 ], [ -98.674193, 29.5694462 ], [ -98.6738986, 29.569524 ], [ -98.6736163, 29.5695724 ], [ -98.6731927, 29.5696157 ], [ -98.6727691, 29.5696313 ], [ -98.6694147, 29.5695845 ], [ -98.6689636, 29.5695782 ], [ -98.6670574, 29.5695516 ], [ -98.6663773, 29.5695421 ], [ -98.6658968, 29.5695354 ], [ -98.6650963, 29.569568 ], [ -98.6638954, 29.5696537 ], [ -98.6630227, 29.5696713 ], [ -98.6631671, 29.563343 ], [ -98.6631976, 29.5625514 ], [ -98.6670702, 29.5626517 ], [ -98.6675153, 29.5620023 ], [ -98.6683182, 29.5609151 ], [ -98.6697404, 29.5589893 ], [ -98.6704106, 29.5594321 ], [ -98.6700607, 29.5598384 ], [ -98.6704179, 29.5600824 ], [ -98.6708385, 29.5595897 ], [ -98.6718978, 29.5583487 ], [ -98.6721715, 29.5579965 ], [ -98.6724757, 29.557605 ], [ -98.6710548, 29.5566525 ], [ -98.6707102, 29.556347 ], [ -98.6705249, 29.5561827 ], [ -98.6703162, 29.5559977 ], [ -98.6702454, 29.5559365 ], [ -98.6711477, 29.555049 ], [ -98.670964, 29.5547951 ], [ -98.6709151, 29.5547284 ], [ -98.6726905, 29.5508732 ], [ -98.6769738, 29.5509028 ], [ -98.6770784, 29.5509197 ], [ -98.6774681, 29.551059 ], [ -98.6775924, 29.5511195 ], [ -98.6779867, 29.5512769 ], [ -98.6791029, 29.551741 ], [ -98.6811494, 29.5506413 ], [ -98.6813191, 29.5505516 ], [ -98.6810181, 29.5501026 ], [ -98.6808663, 29.5497552 ], [ -98.6808241, 29.5495766 ], [ -98.6808578, 29.5493515 ], [ -98.6809295, 29.5491704 ], [ -98.6812324, 29.5484827 ], [ -98.6814172, 29.5481229 ], [ -98.6817179, 29.5475375 ], [ -98.6817456, 29.5474834 ], [ -98.6820134, 29.5469479 ], [ -98.6821701, 29.5466344 ], [ -98.6825089, 29.5459568 ], [ -98.68282, 29.5453687 ], [ -98.6840503, 29.5430427 ], [ -98.6853441, 29.5436288 ], [ -98.6859897, 29.5439213 ], [ -98.686709, 29.5429874 ], [ -98.6864489, 29.5428504 ], [ -98.6879752, 29.5408619 ], [ -98.6888963, 29.5412201 ], [ -98.6914803, 29.5422448 ], [ -98.6914202, 29.5424317 ], [ -98.6915027, 29.5424905 ], [ -98.6915077, 29.5426401 ], [ -98.6917831, 29.5429637 ], [ -98.6917105, 29.5432483 ], [ -98.6914699, 29.5432673 ], [ -98.6911468, 29.5433252 ], [ -98.6907421, 29.5434671 ], [ -98.6900441, 29.5438408 ], [ -98.6898611, 29.543993 ], [ -98.6896712, 29.5442482 ], [ -98.6894545, 29.5446011 ], [ -98.6893232, 29.5448209 ], [ -98.6903297, 29.5458479 ], [ -98.6935357, 29.5490504 ], [ -98.6950648, 29.5499565 ], [ -98.6951543, 29.5497731 ], [ -98.6983145, 29.5499451 ], [ -98.6985949, 29.5494201 ], [ -98.6994184, 29.5479138 ], [ -98.7015733, 29.5439814 ], [ -98.700819, 29.5436787 ], [ -98.701039, 29.5432624 ], [ -98.7012864, 29.5427941 ], [ -98.7015911, 29.5422175 ], [ -98.7010855, 29.5424172 ], [ -98.7005624, 29.5425762 ], [ -98.7000674, 29.5426766 ], [ -98.6996315, 29.5427059 ], [ -98.6990578, 29.5427108 ], [ -98.6986247, 29.5426692 ], [ -98.6977182, 29.542485 ], [ -98.695452, 29.541592 ], [ -98.695243, 29.5415121 ], [ -98.6902706, 29.5396034 ], [ -98.6899292, 29.5394678 ], [ -98.6865367, 29.5381207 ], [ -98.6866527, 29.5379382 ], [ -98.6858131, 29.5375834 ], [ -98.6859909, 29.5371347 ], [ -98.6865345, 29.5357526 ], [ -98.6868635, 29.5349159 ], [ -98.6870746, 29.534259 ], [ -98.6871203, 29.5341168 ], [ -98.687276, 29.5331078 ], [ -98.687922, 29.5314757 ], [ -98.6883034, 29.5308086 ], [ -98.6887471, 29.5302872 ], [ -98.6923274, 29.526796 ], [ -98.6929501, 29.5260307 ], [ -98.6935533, 29.5252146 ], [ -98.6978913, 29.5165147 ], [ -98.6979888, 29.5163067 ], [ -98.6991801, 29.5139184 ], [ -98.7024081, 29.5073834 ], [ -98.7034306, 29.5053132 ], [ -98.7088, 29.5074394 ], [ -98.7099961, 29.5050587 ], [ -98.7104409, 29.5040964 ], [ -98.7131957, 29.5051898 ], [ -98.715512, 29.5060462 ], [ -98.716642, 29.5064639 ], [ -98.7189236, 29.5073073 ], [ -98.7199856, 29.5052222 ], [ -98.7200298, 29.5051353 ], [ -98.721521, 29.5057163 ], [ -98.721789, 29.5051804 ], [ -98.7230937, 29.5025712 ], [ -98.7264867, 29.5054377 ], [ -98.7271282, 29.5041661 ], [ -98.7580179, 29.5162355 ], [ -98.7579784, 29.5163098 ], [ -98.7552356, 29.5214726 ], [ -98.754822, 29.522292 ], [ -98.7540112, 29.5238824 ], [ -98.753836, 29.524226 ], [ -98.7526803, 29.5264883 ], [ -98.7521632, 29.5275413 ], [ -98.7520221, 29.527842 ], [ -98.7519876, 29.527912 ], [ -98.7493498, 29.5332699 ], [ -98.7474281, 29.536574 ], [ -98.7476345, 29.536708 ], [ -98.7476214, 29.5367903 ], [ -98.747332, 29.5372776 ], [ -98.7469704, 29.5379939 ], [ -98.7466173, 29.5386934 ], [ -98.7454662, 29.5409737 ], [ -98.7439811, 29.5439156 ], [ -98.7427082, 29.5464371 ], [ -98.7422725, 29.5472946 ], [ -98.7421931, 29.5474508 ], [ -98.7417295, 29.548363 ], [ -98.7410832, 29.5496348 ], [ -98.7402946, 29.5512137 ], [ -98.7400854, 29.5516325 ], [ -98.7389898, 29.5538025 ], [ -98.738331, 29.5551072 ], [ -98.7379554, 29.5558512 ], [ -98.7345873, 29.5561169 ], [ -98.732089, 29.556314 ], [ -98.7294913, 29.556519 ], [ -98.7294464, 29.5566966 ], [ -98.7292188, 29.5566053 ], [ -98.7293374, 29.5563037 ], [ -98.7275008, 29.555853 ], [ -98.7265016, 29.5555457 ], [ -98.7259579, 29.5553381 ], [ -98.7256159, 29.5552075 ], [ -98.7242377, 29.5546812 ], [ -98.7241435, 29.5546452 ], [ -98.723872, 29.5551742 ], [ -98.7170517, 29.5684636 ], [ -98.7169361, 29.5701049 ], [ -98.7168438, 29.5714152 ], [ -98.7167757, 29.5723825 ], [ -98.7167061, 29.5733709 ], [ -98.7166841, 29.5736832 ], [ -98.7166616, 29.5739976 ], [ -98.716481, 29.5765217 ], [ -98.7164689, 29.576691 ], [ -98.715788, 29.5778934 ], [ -98.7137874, 29.5788004 ], [ -98.7133058, 29.5787818 ], [ -98.7133003, 29.5786705 ], [ -98.7101774, 29.5778374 ], [ -98.707977, 29.5785124 ], [ -98.704957, 29.5776358 ], [ -98.7018133, 29.5745712 ], [ -98.7022472, 29.5763257 ], [ -98.7024026, 29.5769539 ], [ -98.7028268, 29.578669 ], [ -98.7029963, 29.5793545 ], [ -98.7036953, 29.5794263 ], [ -98.7047815, 29.5793772 ], [ -98.7095126, 29.5795842 ], [ -98.7105033, 29.5814078 ], [ -98.7105198, 29.5814688 ], [ -98.7107069, 29.5821593 ], [ -98.7105854, 29.5824618 ], [ -98.7103761, 29.582983 ], [ -98.7100426, 29.5838133 ], [ -98.7100245, 29.5838584 ], [ -98.7103712, 29.5843418 ], [ -98.7103587, 29.5843655 ], [ -98.7099694, 29.5851028 ], [ -98.7099199, 29.5856245 ], [ -98.7095331, 29.5858896 ], [ -98.7109065, 29.5874101 ], [ -98.7141457, 29.5876782 ], [ -98.7164952, 29.5878726 ], [ -98.7170702, 29.5887993 ], [ -98.7188367, 29.5916463 ], [ -98.7191677, 29.5905335 ], [ -98.7201746, 29.5908137 ], [ -98.7190834, 29.5921723 ], [ -98.7194013, 29.5928121 ], [ -98.7191006, 29.5936479 ], [ -98.7188484, 29.5941023 ], [ -98.7186776, 29.5944099 ], [ -98.7191485, 29.5957075 ], [ -98.7195586, 29.5960245 ], [ -98.7198889, 29.596523 ], [ -98.7201727, 29.5972442 ], [ -98.7201813, 29.5972659 ], [ -98.7202839, 29.5981607 ], [ -98.7204946, 29.5983792 ], [ -98.7215445, 29.5994682 ], [ -98.7217355, 29.5997334 ], [ -98.7220463, 29.600165 ], [ -98.7223267, 29.6005544 ], [ -98.7223888, 29.6005994 ], [ -98.7228963, 29.6009671 ], [ -98.7219606, 29.60236 ], [ -98.720918, 29.6039121 ], [ -98.7215356, 29.6043199 ], [ -98.7219326, 29.6044505 ], [ -98.7222512, 29.6045601 ], [ -98.7227769, 29.6045695 ], [ -98.723249, 29.6045228 ], [ -98.7238605, 29.6043083 ], [ -98.7250332, 29.6036296 ], [ -98.7272659, 29.6028288 ], [ -98.7289825, 29.6026795 ], [ -98.7304678, 29.6026163 ], [ -98.7309202, 29.6025741 ], [ -98.7316459, 29.6026005 ], [ -98.7325295, 29.6027695 ], [ -98.7332491, 29.6030414 ], [ -98.7338351, 29.6033635 ], [ -98.7342815, 29.6037067 ], [ -98.737092, 29.6013345 ], [ -98.7396373, 29.6052777 ], [ -98.7373458, 29.6063239 ], [ -98.7392056, 29.6081829 ], [ -98.7411281, 29.6120366 ], [ -98.741303, 29.6123112 ], [ -98.7441416, 29.61561 ], [ -98.7451258, 29.6146104 ], [ -98.7462289, 29.6134901 ], [ -98.7468128, 29.6128971 ], [ -98.7510118, 29.6086322 ], [ -98.753266, 29.6063203 ], [ -98.7521304, 29.6054359 ], [ -98.7558676, 29.6019977 ], [ -98.7562647, 29.6016323 ], [ -98.7611892, 29.605311 ], [ -98.7637532, 29.6038944 ], [ -98.7662152, 29.6025032 ], [ -98.7745822, 29.5978147 ], [ -98.7736632, 29.5967927 ], [ -98.7736651, 29.5961353 ], [ -98.7736752, 29.5954096 ], [ -98.7737248, 29.5918325 ], [ -98.7737321, 29.5913099 ], [ -98.7737502, 29.5900036 ], [ -98.7737571, 29.5895076 ], [ -98.7737632, 29.5890686 ], [ -98.7737963, 29.5844723 ], [ -98.7738318, 29.579534 ], [ -98.7738347, 29.5791339 ], [ -98.7738465, 29.5774922 ], [ -98.7738494, 29.5770786 ], [ -98.7738588, 29.5757763 ], [ -98.7755967, 29.575782 ], [ -98.7765177, 29.5777463 ], [ -98.7799515, 29.5787641 ], [ -98.7803516, 29.5777428 ], [ -98.7808442, 29.5764852 ], [ -98.7852554, 29.5777817 ], [ -98.7866547, 29.5781713 ], [ -98.7831324, 29.5878204 ], [ -98.7887412, 29.5952165 ], [ -98.7891384, 29.5950316 ], [ -98.7952111, 29.5945419 ], [ -98.7995269, 29.5952911 ], [ -98.7994179, 29.57676 ], [ -98.7956594, 29.5756474 ], [ -98.7949754, 29.5754449 ], [ -98.7925131, 29.574716 ], [ -98.7918968, 29.5762727 ], [ -98.7878019, 29.5750553 ], [ -98.7874752, 29.5749576 ], [ -98.7894435, 29.5698747 ], [ -98.7899371, 29.5697162 ], [ -98.7900814, 29.569419 ], [ -98.7898384, 29.5690293 ], [ -98.7909467, 29.566529 ], [ -98.7920858, 29.5668725 ], [ -98.7951168, 29.5692081 ], [ -98.7961497, 29.5696969 ], [ -98.7968468, 29.5697837 ], [ -98.7993063, 29.5713624 ], [ -98.8015509, 29.5720723 ], [ -98.8124084, 29.5721943 ], [ -98.812394, 29.571063 ], [ -98.8127511, 29.5681143 ], [ -98.8125176, 29.5677732 ], [ -98.8122197, 29.5673379 ], [ -98.8119131, 29.5664663 ], [ -98.8125007, 29.5652302 ], [ -98.812435, 29.5646786 ], [ -98.813048, 29.5624253 ], [ -98.8131865, 29.5615027 ] ], [ [ -98.7371069, 29.5888533 ], [ -98.7340669, 29.5911882 ], [ -98.7336266, 29.5906792 ], [ -98.7315054, 29.5919587 ], [ -98.7295722, 29.5915757 ], [ -98.7290352, 29.590978 ], [ -98.7288043, 29.5902636 ], [ -98.7267959, 29.5899274 ], [ -98.7264737, 29.5899507 ], [ -98.726844, 29.5887605 ], [ -98.7324367, 29.5858401 ], [ -98.7343533, 29.5855997 ], [ -98.7371069, 29.5888533 ] ], [ [ -98.7354827, 29.594114 ], [ -98.7343717, 29.594834 ], [ -98.7326767, 29.5928996 ], [ -98.7343897, 29.5920358 ], [ -98.7349946, 29.5927475 ], [ -98.7354827, 29.594114 ] ], [ [ -98.7251858, 29.5977188 ], [ -98.7235454, 29.5979499 ], [ -98.7228239, 29.5982801 ], [ -98.7204013, 29.5942784 ], [ -98.7214404, 29.592548 ], [ -98.7227656, 29.5920329 ], [ -98.722953, 29.5923039 ], [ -98.7232264, 29.5925812 ], [ -98.7235833, 29.5928123 ], [ -98.7239251, 29.5930435 ], [ -98.7242744, 29.5934331 ], [ -98.7249503, 29.5955265 ], [ -98.7251706, 29.5964443 ], [ -98.7251858, 29.5977188 ] ], [ [ -98.6647775, 29.5926769 ], [ -98.663905, 29.5934975 ], [ -98.663356, 29.5932742 ], [ -98.6620401, 29.5937804 ], [ -98.6612388, 29.5940886 ], [ -98.6611967, 29.5941052 ], [ -98.6611977, 29.5941748 ], [ -98.6612037, 29.5946162 ], [ -98.660849, 29.594886 ], [ -98.6560613, 29.5990933 ], [ -98.6546337, 29.600311 ], [ -98.6543758, 29.6005309 ], [ -98.6546584, 29.6007098 ], [ -98.6546844, 29.6011671 ], [ -98.6547709, 29.6012079 ], [ -98.6551507, 29.6013869 ], [ -98.6561622, 29.6017449 ], [ -98.6564299, 29.6018396 ], [ -98.6565795, 29.6018989 ], [ -98.6579421, 29.6024388 ], [ -98.6571662, 29.603411 ], [ -98.6565425, 29.6039962 ], [ -98.6556674, 29.6043121 ], [ -98.6549842, 29.6048498 ], [ -98.6539291, 29.6062431 ], [ -98.6537274, 29.6061641 ], [ -98.6534438, 29.6060531 ], [ -98.6531834, 29.6059511 ], [ -98.6529719, 29.606112 ], [ -98.6522526, 29.6062638 ], [ -98.6510203, 29.6066339 ], [ -98.6500234, 29.6067512 ], [ -98.6496891, 29.6068906 ], [ -98.6491031, 29.607135 ], [ -98.6489154, 29.6072133 ], [ -98.6479532, 29.6074344 ], [ -98.6480126, 29.6070362 ], [ -98.6481766, 29.6066569 ], [ -98.6483934, 29.60635 ], [ -98.6489024, 29.6057464 ], [ -98.6501995, 29.6041424 ], [ -98.6503696, 29.6039058 ], [ -98.6506426, 29.603362 ], [ -98.6507121, 29.6031659 ], [ -98.6507861, 29.6028406 ], [ -98.6518648, 29.6021602 ], [ -98.6542655, 29.600106 ], [ -98.6558302, 29.598767 ], [ -98.6553285, 29.598313 ], [ -98.6544402, 29.5974329 ], [ -98.654294, 29.5971144 ], [ -98.6543422, 29.5969339 ], [ -98.6548613, 29.596191 ], [ -98.6541301, 29.5959224 ], [ -98.6531255, 29.5955822 ], [ -98.6530624, 29.5955589 ], [ -98.6520714, 29.5974352 ], [ -98.6518514, 29.5975052 ], [ -98.6516905, 29.5978643 ], [ -98.6513452, 29.5978177 ], [ -98.651384, 29.5976339 ], [ -98.6515057, 29.597289 ], [ -98.6516934, 29.5969131 ], [ -98.651983, 29.5963831 ], [ -98.6521774, 29.5959887 ], [ -98.6523545, 29.5955427 ], [ -98.6525492, 29.5948928 ], [ -98.6526633, 29.5944685 ], [ -98.6527194, 29.594023 ], [ -98.6527244, 29.5938464 ], [ -98.6527679, 29.5934078 ], [ -98.6526834, 29.5923141 ], [ -98.6549703, 29.5913616 ], [ -98.6582036, 29.5900205 ], [ -98.6595382, 29.5914118 ], [ -98.6607843, 29.5921066 ], [ -98.6627587, 29.5923721 ], [ -98.6632089, 29.5924398 ], [ -98.6647775, 29.5926769 ] ], [ [ -98.6604443, 29.6073747 ], [ -98.6603745, 29.6078468 ], [ -98.6598273, 29.6115461 ], [ -98.6590697, 29.6122311 ], [ -98.6587804, 29.6123636 ], [ -98.6584807, 29.6125009 ], [ -98.6585144, 29.6132422 ], [ -98.6592637, 29.6137897 ], [ -98.6585193, 29.6145163 ], [ -98.6560663, 29.615578 ], [ -98.6561463, 29.6157017 ], [ -98.6582066, 29.6148027 ], [ -98.6560673, 29.6168487 ], [ -98.6556707, 29.6172165 ], [ -98.6548403, 29.6173108 ], [ -98.6544913, 29.6186349 ], [ -98.6527381, 29.6184096 ], [ -98.6513131, 29.6184106 ], [ -98.6510192, 29.6184108 ], [ -98.6510179, 29.6183522 ], [ -98.6508275, 29.6183476 ], [ -98.6508262, 29.6182556 ], [ -98.6507826, 29.6181786 ], [ -98.6507244, 29.6181269 ], [ -98.6504229, 29.6179369 ], [ -98.6506084, 29.6177253 ], [ -98.6506953, 29.6175825 ], [ -98.6507635, 29.6174456 ], [ -98.6518272, 29.6174861 ], [ -98.6521301, 29.6170419 ], [ -98.6523421, 29.6168465 ], [ -98.6527584, 29.6165788 ], [ -98.6543206, 29.6159266 ], [ -98.6544075, 29.6156666 ], [ -98.6541412, 29.6155028 ], [ -98.6536081, 29.615621 ], [ -98.65336, 29.6151196 ], [ -98.6529323, 29.6142551 ], [ -98.6528193, 29.6138694 ], [ -98.6527887, 29.6137649 ], [ -98.6526426, 29.6132664 ], [ -98.6528524, 29.6119252 ], [ -98.6528949, 29.6119 ], [ -98.6530563, 29.6118044 ], [ -98.6532851, 29.6116688 ], [ -98.653407, 29.6111027 ], [ -98.6545024, 29.6111742 ], [ -98.6549976, 29.6112065 ], [ -98.6552635, 29.6106255 ], [ -98.6549537, 29.6105323 ], [ -98.6547876, 29.6102967 ], [ -98.6545943, 29.6097573 ], [ -98.6544438, 29.6092852 ], [ -98.6544093, 29.6089263 ], [ -98.6543325, 29.6078472 ], [ -98.654611, 29.6075342 ], [ -98.6552978, 29.6069173 ], [ -98.6565625, 29.6074138 ], [ -98.6567584, 29.6072881 ], [ -98.6569144, 29.6070738 ], [ -98.657202, 29.6066786 ], [ -98.6575347, 29.6063975 ], [ -98.6578636, 29.6061195 ], [ -98.6599546, 29.6066501 ], [ -98.6603496, 29.6072346 ], [ -98.6604443, 29.6073747 ] ], [ [ -98.6526519, 29.6161531 ], [ -98.652606, 29.6161758 ], [ -98.651935, 29.6164937 ], [ -98.6511369, 29.6169014 ], [ -98.650941, 29.6168562 ], [ -98.6509608, 29.6167332 ], [ -98.6509344, 29.6163183 ], [ -98.6507916, 29.6158677 ], [ -98.6506829, 29.6156922 ], [ -98.6505634, 29.6155443 ], [ -98.6504193, 29.6153638 ], [ -98.649901, 29.6148868 ], [ -98.6496855, 29.6146052 ], [ -98.6495202, 29.6143074 ], [ -98.6494065, 29.6139867 ], [ -98.6493761, 29.6137718 ], [ -98.6493655, 29.613581 ], [ -98.6493814, 29.6134143 ], [ -98.6494779, 29.6130511 ], [ -98.6495096, 29.6128074 ], [ -98.6495149, 29.6125568 ], [ -98.6494792, 29.6122924 ], [ -98.6494025, 29.6119958 ], [ -98.6493258, 29.6118154 ], [ -98.6492108, 29.6116177 ], [ -98.6490918, 29.6114602 ], [ -98.6489133, 29.6112809 ], [ -98.6485867, 29.6109751 ], [ -98.6484532, 29.610813 ], [ -98.6483646, 29.6106854 ], [ -98.648239, 29.6104256 ], [ -98.648159, 29.6101048 ], [ -98.6481577, 29.6100577 ], [ -98.6481907, 29.6100261 ], [ -98.6486211, 29.6099841 ], [ -98.6488829, 29.6099273 ], [ -98.6491248, 29.609863 ], [ -98.6493298, 29.6097859 ], [ -98.6499605, 29.6094871 ], [ -98.6502408, 29.6093549 ], [ -98.6505131, 29.609256 ], [ -98.6514886, 29.6090253 ], [ -98.6517205, 29.6089489 ], [ -98.6523646, 29.6086563 ], [ -98.6524212, 29.6086306 ], [ -98.6526409, 29.609072 ], [ -98.6525631, 29.6111746 ], [ -98.6523593, 29.6118519 ], [ -98.6520631, 29.6119497 ], [ -98.6519288, 29.613927 ], [ -98.6519741, 29.6141097 ], [ -98.6521208, 29.6143641 ], [ -98.6522321, 29.6144957 ], [ -98.6522915, 29.614574 ], [ -98.6524784, 29.615022 ], [ -98.6526519, 29.6161531 ] ], [ [ -98.6524925, 29.5931893 ], [ -98.6524849, 29.5936115 ], [ -98.6524646, 29.5938264 ], [ -98.6524412, 29.5940749 ], [ -98.6522842, 29.5948087 ], [ -98.6520697, 29.5955102 ], [ -98.6503815, 29.5960653 ], [ -98.6481872, 29.5967868 ], [ -98.6474044, 29.5968947 ], [ -98.6465324, 29.5961309 ], [ -98.6473292, 29.5954478 ], [ -98.649306, 29.593753 ], [ -98.6524543, 29.5924014 ], [ -98.6524858, 29.5928489 ], [ -98.6524925, 29.5931893 ] ], [ [ -98.6524518, 29.6071796 ], [ -98.6523553, 29.6075578 ], [ -98.6513636, 29.6078337 ], [ -98.6510138, 29.6080752 ], [ -98.6506443, 29.6083303 ], [ -98.650996, 29.6089764 ], [ -98.6506549, 29.6090338 ], [ -98.6502477, 29.6091557 ], [ -98.6496263, 29.6094454 ], [ -98.6492508, 29.6096247 ], [ -98.6488753, 29.6097534 ], [ -98.6485183, 29.6098155 ], [ -98.6482201, 29.6098411 ], [ -98.6481542, 29.6098159 ], [ -98.6481252, 29.6097574 ], [ -98.648143, 29.6096444 ], [ -98.6481889, 29.6092179 ], [ -98.6481963, 29.6089074 ], [ -98.6481758, 29.6085774 ], [ -98.6481197, 29.6082393 ], [ -98.6480505, 29.6079743 ], [ -98.6483765, 29.607784 ], [ -98.6485675, 29.6076726 ], [ -98.6486021, 29.6076524 ], [ -98.6507094, 29.6075646 ], [ -98.6524518, 29.6071796 ] ], [ [ -98.6506729, 29.6166764 ], [ -98.6506605, 29.6168787 ], [ -98.6502458, 29.6167028 ], [ -98.6496435, 29.6161799 ], [ -98.6491762, 29.6157499 ], [ -98.6487291, 29.6155251 ], [ -98.6478466, 29.6145923 ], [ -98.6466058, 29.6140017 ], [ -98.6462652, 29.6138114 ], [ -98.6462915, 29.6128819 ], [ -98.6466275, 29.6126061 ], [ -98.6464945, 29.6122395 ], [ -98.6457204, 29.6118981 ], [ -98.6447572, 29.6111703 ], [ -98.644702, 29.6107842 ], [ -98.6442073, 29.6096105 ], [ -98.6440633, 29.6091244 ], [ -98.6453159, 29.609019 ], [ -98.6459707, 29.6087517 ], [ -98.6464078, 29.6087352 ], [ -98.6465115, 29.6087311 ], [ -98.6471578, 29.608524 ], [ -98.6475247, 29.6079561 ], [ -98.6477415, 29.6079177 ], [ -98.6478539, 29.6083243 ], [ -98.6479064, 29.6086465 ], [ -98.6479134, 29.608996 ], [ -98.6479002, 29.609221 ], [ -98.6478438, 29.6096469 ], [ -98.647836, 29.6098751 ], [ -98.6478643, 29.6101389 ], [ -98.6479504, 29.6104349 ], [ -98.6480703, 29.6107114 ], [ -98.6480972, 29.6107579 ], [ -98.648318, 29.6110613 ], [ -98.648356, 29.6110969 ], [ -98.6486248, 29.6113487 ], [ -98.6488435, 29.6115752 ], [ -98.6490563, 29.6118802 ], [ -98.6491724, 29.6122151 ], [ -98.6492234, 29.612513 ], [ -98.6492233, 29.6125316 ], [ -98.6492226, 29.6127687 ], [ -98.6491689, 29.6130508 ], [ -98.6491153, 29.6132886 ], [ -98.6490831, 29.6135917 ], [ -98.6490884, 29.613699 ], [ -98.6490992, 29.6139182 ], [ -98.649131, 29.6140456 ], [ -98.6492393, 29.6143841 ], [ -98.6493138, 29.6145525 ], [ -98.6495123, 29.6148416 ], [ -98.650293, 29.615626 ], [ -98.6503833, 29.6157431 ], [ -98.650505, 29.6159396 ], [ -98.6506094, 29.6162132 ], [ -98.6506623, 29.61645 ], [ -98.6506729, 29.6166764 ] ], [ [ -98.6504137, 29.617558 ], [ -98.65028, 29.6177319 ], [ -98.6501174, 29.6179123 ], [ -98.6484303, 29.6194261 ], [ -98.6480865, 29.6197031 ], [ -98.647826, 29.6198801 ], [ -98.6474347, 29.6200939 ], [ -98.6457053, 29.6208905 ], [ -98.6454383, 29.6210346 ], [ -98.6447347, 29.6205354 ], [ -98.6446658, 29.6204866 ], [ -98.6417341, 29.6179291 ], [ -98.6411816, 29.617467 ], [ -98.6415947, 29.6175044 ], [ -98.6415893, 29.6164411 ], [ -98.6416268, 29.6153455 ], [ -98.6415938, 29.6125867 ], [ -98.6415996, 29.6117325 ], [ -98.6416035, 29.6111501 ], [ -98.6416134, 29.6097024 ], [ -98.6416188, 29.6089021 ], [ -98.6428072, 29.6089042 ], [ -98.6429058, 29.6092232 ], [ -98.6435987, 29.6100658 ], [ -98.643352, 29.610155 ], [ -98.6432431, 29.6106389 ], [ -98.643781, 29.6117316 ], [ -98.6440942, 29.6120334 ], [ -98.6447955, 29.6122819 ], [ -98.6448657, 29.6125436 ], [ -98.644721, 29.6128476 ], [ -98.6452245, 29.6129971 ], [ -98.6453455, 29.613099 ], [ -98.6455866, 29.6140206 ], [ -98.6456492, 29.614417 ], [ -98.6467988, 29.6151114 ], [ -98.6471458, 29.6153653 ], [ -98.6477104, 29.6158129 ], [ -98.6482103, 29.6163523 ], [ -98.6492434, 29.6168401 ], [ -98.6493879, 29.6169231 ], [ -98.6499398, 29.6171868 ], [ -98.6504137, 29.617558 ] ], [ [ -98.6451493, 29.3232006 ], [ -98.6446716, 29.3235553 ], [ -98.6434462, 29.3222983 ], [ -98.6446607, 29.3218312 ], [ -98.6448611, 29.3220376 ], [ -98.6443548, 29.3223861 ], [ -98.6451493, 29.3232006 ] ], [ [ -98.6436859, 29.3243003 ], [ -98.6425304, 29.3251535 ], [ -98.6408088, 29.3234322 ], [ -98.6422603, 29.3228095 ], [ -98.6436859, 29.3243003 ] ], [ [ -98.642262, 29.3959881 ], [ -98.6410235, 29.3963064 ], [ -98.6408822, 29.3960716 ], [ -98.6383921, 29.3970807 ], [ -98.6382505, 29.3967636 ], [ -98.6376219, 29.3969209 ], [ -98.6375915, 29.3968652 ], [ -98.6353446, 29.3927282 ], [ -98.6315931, 29.3942598 ], [ -98.6324976, 29.3960313 ], [ -98.6301138, 29.3979846 ], [ -98.628393, 29.3985889 ], [ -98.6267488, 29.3991663 ], [ -98.6271386, 29.3999672 ], [ -98.6268776, 29.4003357 ], [ -98.6258876, 29.4019974 ], [ -98.6227232, 29.4018099 ], [ -98.6217789, 29.4019654 ], [ -98.6217079, 29.4019915 ], [ -98.6215925, 29.4020552 ], [ -98.6210943, 29.4022023 ], [ -98.6210777, 29.4023297 ], [ -98.6199317, 29.4029279 ], [ -98.6171114, 29.4015064 ], [ -98.614397, 29.4040394 ], [ -98.6124635, 29.4037433 ], [ -98.6102533, 29.4047263 ], [ -98.6095688, 29.4052917 ], [ -98.6083637, 29.4056677 ], [ -98.6075127, 29.4057521 ], [ -98.6077493, 29.4047094 ], [ -98.6078747, 29.4038146 ], [ -98.6078739, 29.4028384 ], [ -98.6074085, 29.4025099 ], [ -98.6068892, 29.4021435 ], [ -98.6063016, 29.4017288 ], [ -98.6057283, 29.4019161 ], [ -98.6050495, 29.4016169 ], [ -98.6042049, 29.4012447 ], [ -98.6028585, 29.4009269 ], [ -98.6028594, 29.4003678 ], [ -98.6028304, 29.3998792 ], [ -98.6028272, 29.3914147 ], [ -98.6028272, 29.3913617 ], [ -98.6028264, 29.3894357 ], [ -98.6028263, 29.389224 ], [ -98.6002343, 29.3892216 ], [ -98.5925695, 29.3892147 ], [ -98.5925749, 29.3894281 ], [ -98.5925829, 29.3904602 ], [ -98.5898286, 29.3904373 ], [ -98.5897226, 29.3904364 ], [ -98.5881113, 29.3904191 ], [ -98.5880227, 29.3904057 ], [ -98.587807, 29.3903729 ], [ -98.5877194, 29.3903596 ], [ -98.5863364, 29.3902162 ], [ -98.5838808, 29.3903399 ], [ -98.5746832, 29.3654591 ], [ -98.5775993, 29.3646353 ], [ -98.5784915, 29.3643812 ], [ -98.5793888, 29.3647991 ], [ -98.5798072, 29.3650375 ], [ -98.5806655, 29.3656032 ], [ -98.5809327, 29.3657786 ], [ -98.5809934, 29.3657081 ], [ -98.5812543, 29.3654048 ], [ -98.5813843, 29.3654676 ], [ -98.5816097, 29.3655424 ], [ -98.5819369, 29.3656313 ], [ -98.582357, 29.365718 ], [ -98.5827456, 29.3657871 ], [ -98.5831123, 29.3658381 ], [ -98.583631, 29.3659087 ], [ -98.5837056, 29.3659104 ], [ -98.5837847, 29.3659141 ], [ -98.5846037, 29.3659291 ], [ -98.5858422, 29.3659305 ], [ -98.5861374, 29.365851 ], [ -98.5868455, 29.3658416 ], [ -98.5919632, 29.3658603 ], [ -98.5938944, 29.3661876 ], [ -98.5949136, 29.3664494 ], [ -98.5960723, 29.3670011 ], [ -98.5969199, 29.3674826 ], [ -98.5974135, 29.367693 ], [ -98.5984906, 29.3683202 ], [ -98.6000957, 29.3692965 ], [ -98.6002083, 29.3693386 ], [ -98.6025223, 29.370697 ], [ -98.6028027, 29.3708616 ], [ -98.6039763, 29.3715505 ], [ -98.6048902, 29.372107 ], [ -98.6049927, 29.3721385 ], [ -98.6077582, 29.3737645 ], [ -98.6079186, 29.3738575 ], [ -98.6128923, 29.3768042 ], [ -98.6134112, 29.3771215 ], [ -98.6137623, 29.3769146 ], [ -98.6143286, 29.3766954 ], [ -98.6141449, 29.3763435 ], [ -98.6142657, 29.3762946 ], [ -98.6171572, 29.3751259 ], [ -98.6204938, 29.3678588 ], [ -98.6206118, 29.3675246 ], [ -98.6207808, 29.3666739 ], [ -98.6265181, 29.3675144 ], [ -98.6268614, 29.3675739 ], [ -98.6272146, 29.3679646 ], [ -98.628134, 29.3699572 ], [ -98.629854, 29.3732955 ], [ -98.633811, 29.3804744 ], [ -98.6347184, 29.3821175 ], [ -98.6339, 29.3823121 ], [ -98.6339911, 29.3826081 ], [ -98.6340477, 29.3825957 ], [ -98.6342412, 29.3825534 ], [ -98.6342585, 29.3826033 ], [ -98.6342948, 29.3827025 ], [ -98.6343086, 29.382748 ], [ -98.6343503, 29.3828685 ], [ -98.6351697, 29.3829562 ], [ -98.6418027, 29.3951507 ], [ -98.6422308, 29.395931 ], [ -98.642262, 29.3959881 ] ], [ [ -98.6378095, 29.2895234 ], [ -98.6337613, 29.2920231 ], [ -98.631084, 29.2937526 ], [ -98.627239, 29.296187 ], [ -98.6271284, 29.2942783 ], [ -98.6226465, 29.2971068 ], [ -98.619947, 29.2987925 ], [ -98.6210012, 29.3000775 ], [ -98.6188924, 29.3014073 ], [ -98.6178195, 29.3000927 ], [ -98.6160546, 29.3012155 ], [ -98.6153772, 29.3003985 ], [ -98.6186517, 29.2983307 ], [ -98.6219718, 29.296251 ], [ -98.6215033, 29.2956549 ], [ -98.6210671, 29.2951152 ], [ -98.6206574, 29.29461 ], [ -98.6150326, 29.2981335 ], [ -98.6138633, 29.296719 ], [ -98.6136344, 29.2968629 ], [ -98.613705, 29.2966263 ], [ -98.613275, 29.2970104 ], [ -98.6095245, 29.2993466 ], [ -98.6094615, 29.2992815 ], [ -98.6112445, 29.2962523 ], [ -98.6127207, 29.2937443 ], [ -98.6151306, 29.2896497 ], [ -98.6191873, 29.2827568 ], [ -98.619408, 29.2827917 ], [ -98.6197191, 29.28281 ], [ -98.620045, 29.282887 ], [ -98.6205222, 29.2829383 ], [ -98.6206567, 29.2829787 ], [ -98.620808, 29.2831382 ], [ -98.6209258, 29.2832354 ], [ -98.6212474, 29.2834756 ], [ -98.6214576, 29.2836167 ], [ -98.6215795, 29.2836424 ], [ -98.6216804, 29.2836552 ], [ -98.6219222, 29.2835306 ], [ -98.6221702, 29.2833289 ], [ -98.6223258, 29.283173 ], [ -98.6224204, 29.283107 ], [ -98.6225991, 29.2830355 ], [ -98.622885, 29.2829603 ], [ -98.6231393, 29.2829328 ], [ -98.6234042, 29.2829182 ], [ -98.6235261, 29.2828833 ], [ -98.6237595, 29.2828998 ], [ -98.6239402, 29.2828888 ], [ -98.6241147, 29.2828723 ], [ -98.6242976, 29.2829475 ], [ -98.6243901, 29.2829878 ], [ -98.624718, 29.2831272 ], [ -98.6250292, 29.2831712 ], [ -98.6255589, 29.2832372 ], [ -98.6258595, 29.283371 ], [ -98.6262862, 29.2834499 ], [ -98.6267403, 29.2835819 ], [ -98.6271439, 29.2836772 ], [ -98.6276821, 29.2833839 ], [ -98.6278052, 29.2829622 ], [ -98.627722, 29.2827158 ], [ -98.6285082, 29.2822465 ], [ -98.6291767, 29.2821291 ], [ -98.6297569, 29.2823895 ], [ -98.6305935, 29.2825508 ], [ -98.6312497, 29.2828261 ], [ -98.6317372, 29.2831787 ], [ -98.6321683, 29.2838633 ], [ -98.6327183, 29.2848382 ], [ -98.6267781, 29.2885605 ], [ -98.6285175, 29.2904892 ], [ -98.6286087, 29.2904307 ], [ -98.6286624, 29.2905021 ], [ -98.6278295, 29.2910121 ], [ -98.6276552, 29.2914752 ], [ -98.6289788, 29.2931226 ], [ -98.6366719, 29.28832 ], [ -98.6370905, 29.2888345 ], [ -98.6376623, 29.2894267 ], [ -98.6378095, 29.2895234 ] ], [ [ -98.6351317, 29.330665 ], [ -98.6286202, 29.3355109 ], [ -98.6280156, 29.334877 ], [ -98.6296816, 29.333636 ], [ -98.6275781, 29.3283879 ], [ -98.6271674, 29.3282369 ], [ -98.6244088, 29.3290862 ], [ -98.6239761, 29.327982 ], [ -98.6235335, 29.3281215 ], [ -98.6229439, 29.3266514 ], [ -98.6265012, 29.3260782 ], [ -98.6303559, 29.3257416 ], [ -98.6351317, 29.330665 ] ], [ [ -98.6323819, 29.4971273 ], [ -98.6323523, 29.4973144 ], [ -98.6322589, 29.4975142 ], [ -98.6322064, 29.4976727 ], [ -98.632167, 29.4978397 ], [ -98.6321555, 29.4979953 ], [ -98.6321686, 29.4982237 ], [ -98.6322277, 29.4984322 ], [ -98.632003, 29.4984764 ], [ -98.6313567, 29.4984964 ], [ -98.6288094, 29.498179 ], [ -98.627395, 29.4997468 ], [ -98.6270325, 29.5001346 ], [ -98.627556, 29.5005538 ], [ -98.6293107, 29.5019591 ], [ -98.6298066, 29.5023646 ], [ -98.6306757, 29.503664 ], [ -98.6308558, 29.503956 ], [ -98.6311833, 29.5044869 ], [ -98.6297714, 29.5049341 ], [ -98.6300577, 29.5054358 ], [ -98.6284919, 29.5059207 ], [ -98.6288122, 29.5064974 ], [ -98.6281062, 29.506995 ], [ -98.6278348, 29.5071989 ], [ -98.6275611, 29.5075178 ], [ -98.6230878, 29.5120398 ], [ -98.6208672, 29.514815 ], [ -98.6202909, 29.5155068 ], [ -98.6202012, 29.5156145 ], [ -98.61716, 29.5150151 ], [ -98.6169921, 29.514982 ], [ -98.6154215, 29.5146725 ], [ -98.6145879, 29.5144607 ], [ -98.6134924, 29.514283 ], [ -98.6140114, 29.51343 ], [ -98.6135505, 29.5134272 ], [ -98.6128731, 29.5131445 ], [ -98.6126402, 29.512989 ], [ -98.6125778, 29.5128705 ], [ -98.6125483, 29.5127506 ], [ -98.6125516, 29.5125921 ], [ -98.6125746, 29.5124665 ], [ -98.6115363, 29.5121397 ], [ -98.612436, 29.5112493 ], [ -98.6133048, 29.5103893 ], [ -98.6131632, 29.5102875 ], [ -98.6130961, 29.5102392 ], [ -98.6105402, 29.5083004 ], [ -98.6099821, 29.5078705 ], [ -98.6094408, 29.507474 ], [ -98.6047102, 29.5038364 ], [ -98.6044611, 29.5041057 ], [ -98.6043657, 29.5040335 ], [ -98.6006267, 29.5012039 ], [ -98.5985721, 29.4996585 ], [ -98.6019589, 29.4963097 ], [ -98.6006676, 29.4952732 ], [ -98.601289, 29.4946595 ], [ -98.6018759, 29.4951491 ], [ -98.6036515, 29.4933735 ], [ -98.603778, 29.4932469 ], [ -98.6015537, 29.4915073 ], [ -98.6006416, 29.4907939 ], [ -98.5999622, 29.4902416 ], [ -98.5996696, 29.49003 ], [ -98.5982503, 29.4890032 ], [ -98.5970111, 29.4880179 ], [ -98.5973607, 29.4876753 ], [ -98.5976876, 29.4873549 ], [ -98.5979402, 29.4871072 ], [ -98.5982017, 29.486851 ], [ -98.5984526, 29.486605 ], [ -98.5993453, 29.4857301 ], [ -98.6007876, 29.4868225 ], [ -98.6014223, 29.4861742 ], [ -98.602633, 29.4849593 ], [ -98.6034231, 29.4841369 ], [ -98.6014565, 29.4834045 ], [ -98.6006774, 29.4832374 ], [ -98.5991897, 29.4831032 ], [ -98.5963406, 29.4837243 ], [ -98.5955788, 29.4838165 ], [ -98.5945943, 29.484146 ], [ -98.594541, 29.4840425 ], [ -98.5944417, 29.4839083 ], [ -98.5943195, 29.4838091 ], [ -98.5943933, 29.4836949 ], [ -98.5920904, 29.4837103 ], [ -98.5916601, 29.4836447 ], [ -98.5913167, 29.4835366 ], [ -98.5911347, 29.483441 ], [ -98.5905491, 29.482987 ], [ -98.5863603, 29.4797625 ], [ -98.5903549, 29.4788311 ], [ -98.5907797, 29.4786812 ], [ -98.5907781, 29.47817 ], [ -98.5913817, 29.4780315 ], [ -98.5913702, 29.4785327 ], [ -98.5922624, 29.4783071 ], [ -98.5931252, 29.47816 ], [ -98.5939623, 29.4779623 ], [ -98.5941061, 29.4778462 ], [ -98.5958102, 29.4774478 ], [ -98.5960025, 29.4774416 ], [ -98.5969989, 29.4772149 ], [ -98.5974651, 29.4770922 ], [ -98.5983423, 29.4768612 ], [ -98.5991337, 29.479402 ], [ -98.5976005, 29.4815398 ], [ -98.5988822, 29.4820122 ], [ -98.5992742, 29.4821393 ], [ -98.5995465, 29.4821921 ], [ -98.5998991, 29.4822064 ], [ -98.6001353, 29.4821792 ], [ -98.6009324, 29.4819922 ], [ -98.602033, 29.4816338 ], [ -98.6024037, 29.4816253 ], [ -98.6027137, 29.4816381 ], [ -98.603091, 29.4817181 ], [ -98.6035109, 29.4818823 ], [ -98.6038471, 29.4820622 ], [ -98.6041095, 29.4822606 ], [ -98.6045917, 29.4826896 ], [ -98.6046821, 29.482731 ], [ -98.6047993, 29.4829138 ], [ -98.6051924, 29.4832278 ], [ -98.6052261, 29.4831894 ], [ -98.6055334, 29.4834317 ], [ -98.6081836, 29.480841 ], [ -98.609101, 29.4815972 ], [ -98.6093028, 29.4813746 ], [ -98.6099797, 29.4819311 ], [ -98.6097709, 29.482125 ], [ -98.6113162, 29.4833541 ], [ -98.6118491, 29.4828486 ], [ -98.6126159, 29.482245 ], [ -98.6152233, 29.4841188 ], [ -98.6182524, 29.48113 ], [ -98.6199936, 29.4826966 ], [ -98.6205848, 29.4832278 ], [ -98.6212649, 29.4837651 ], [ -98.6217136, 29.4833509 ], [ -98.6224225, 29.482541 ], [ -98.6225504, 29.4824842 ], [ -98.6238681, 29.4812304 ], [ -98.6241235, 29.4817118 ], [ -98.6243595, 29.4815386 ], [ -98.6262935, 29.4807801 ], [ -98.6267314, 29.4816639 ], [ -98.6279993, 29.4811628 ], [ -98.6284073, 29.4817 ], [ -98.6293673, 29.4836257 ], [ -98.6281076, 29.4840626 ], [ -98.6283225, 29.4843097 ], [ -98.6279075, 29.4844324 ], [ -98.6272678, 29.4847052 ], [ -98.6269119, 29.4848879 ], [ -98.6265769, 29.4850941 ], [ -98.6260917, 29.4854498 ], [ -98.627454, 29.4881067 ], [ -98.6279881, 29.4890512 ], [ -98.6282107, 29.4887856 ], [ -98.6284446, 29.4885064 ], [ -98.6290657, 29.4897006 ], [ -98.6284891, 29.489932 ], [ -98.6284176, 29.4899607 ], [ -98.6287551, 29.4906224 ], [ -98.6290688, 29.4912376 ], [ -98.6308566, 29.4946301 ], [ -98.6312091, 29.4946624 ], [ -98.631367, 29.4949213 ], [ -98.6314261, 29.4951012 ], [ -98.6321834, 29.4965663 ], [ -98.6323015, 29.4966919 ], [ -98.6323802, 29.4969375 ], [ -98.6323819, 29.4971273 ] ], [ [ -98.6282292, 29.335805 ], [ -98.6257482, 29.3375939 ], [ -98.6254073, 29.3368192 ], [ -98.6276183, 29.3351741 ], [ -98.6282292, 29.335805 ] ], [ [ -98.6280688, 29.6331707 ], [ -98.6279333, 29.6344575 ], [ -98.6263713, 29.6344407 ], [ -98.6265913, 29.634143 ], [ -98.6265619, 29.6330603 ], [ -98.6274853, 29.6330988 ], [ -98.6280688, 29.6331707 ] ], [ [ -98.6212802, 29.2824725 ], [ -98.6212762, 29.2833869 ], [ -98.6211251, 29.2832764 ], [ -98.62102, 29.2831591 ], [ -98.620814, 29.2829006 ], [ -98.6205932, 29.2827814 ], [ -98.6203115, 29.2826824 ], [ -98.6198112, 29.2826347 ], [ -98.6193298, 29.282576 ], [ -98.6191428, 29.2825999 ], [ -98.6187686, 29.2828712 ], [ -98.6185647, 29.282587 ], [ -98.6186193, 29.2822735 ], [ -98.6190478, 29.2818852 ], [ -98.6192618, 29.2815092 ], [ -98.6194016, 29.281447 ], [ -98.6196483, 29.2814133 ], [ -98.6201923, 29.2816596 ], [ -98.6212802, 29.2824725 ] ], [ [ -98.620066, 29.3152616 ], [ -98.6188018, 29.3165575 ], [ -98.6180194, 29.3172593 ], [ -98.6162465, 29.3186434 ], [ -98.6157852, 29.3180634 ], [ -98.6154244, 29.3182926 ], [ -98.6151387, 29.3163631 ], [ -98.6147713, 29.3140127 ], [ -98.6174213, 29.3119406 ], [ -98.620066, 29.3152616 ] ], [ [ -98.6160657, 29.2849696 ], [ -98.610992, 29.2928532 ], [ -98.6093701, 29.2953731 ], [ -98.6078084, 29.2977996 ], [ -98.6061266, 29.2963581 ], [ -98.604878, 29.295288 ], [ -98.6065608, 29.2926034 ], [ -98.6086712, 29.2892364 ], [ -98.6103244, 29.2896812 ], [ -98.6137797, 29.2844983 ], [ -98.6137818, 29.2846981 ], [ -98.6140866, 29.285206 ], [ -98.6143851, 29.2853545 ], [ -98.6160657, 29.2849696 ] ], [ [ -98.6134096, 29.2719178 ], [ -98.6133948, 29.2721837 ], [ -98.6133413, 29.2724533 ], [ -98.6132004, 29.2728042 ], [ -98.613135, 29.2729721 ], [ -98.6130308, 29.2731295 ], [ -98.6128115, 29.2732968 ], [ -98.6124993, 29.2734267 ], [ -98.6121241, 29.2735448 ], [ -98.6118471, 29.2734478 ], [ -98.611482, 29.2733111 ], [ -98.6088775, 29.2776366 ], [ -98.606778, 29.2810738 ], [ -98.604247, 29.2851173 ], [ -98.6042453, 29.2841993 ], [ -98.6083866, 29.2774079 ], [ -98.6114641, 29.2722946 ], [ -98.6112538, 29.2722029 ], [ -98.6112528, 29.2720562 ], [ -98.611298, 29.2720562 ], [ -98.6113064, 29.2720021 ], [ -98.6107282, 29.2718353 ], [ -98.6068832, 29.2717916 ], [ -98.6061726, 29.2719368 ], [ -98.6059913, 29.2730286 ], [ -98.6067197, 29.2728756 ], [ -98.60633, 29.2753551 ], [ -98.6061408, 29.2756631 ], [ -98.6058171, 29.2776013 ], [ -98.6035565, 29.2776419 ], [ -98.6035111, 29.2776427 ], [ -98.6035083, 29.276195 ], [ -98.6010773, 29.2761992 ], [ -98.6010107, 29.2759438 ], [ -98.6011492, 29.2758429 ], [ -98.6011231, 29.2755482 ], [ -98.6008326, 29.2750951 ], [ -98.600778, 29.274575 ], [ -98.6009328, 29.2743928 ], [ -98.6007738, 29.2740296 ], [ -98.6009395, 29.2737742 ], [ -98.6009698, 29.2736691 ], [ -98.6010555, 29.2734312 ], [ -98.6012587, 29.2730293 ], [ -98.6014255, 29.2728311 ], [ -98.6014563, 29.2726375 ], [ -98.6013835, 29.2724248 ], [ -98.6012459, 29.2723489 ], [ -98.6011591, 29.2722068 ], [ -98.6010344, 29.2715017 ], [ -98.6010735, 29.2713145 ], [ -98.6014644, 29.2707865 ], [ -98.6016407, 29.2704515 ], [ -98.601578, 29.2701785 ], [ -98.6015968, 29.2699883 ], [ -98.601532, 29.2698379 ], [ -98.6015205, 29.2696592 ], [ -98.6012579, 29.2695333 ], [ -98.6012289, 29.2694077 ], [ -98.6010872, 29.2693733 ], [ -98.6005654, 29.2693583 ], [ -98.6004419, 29.2692979 ], [ -98.6003811, 29.269202 ], [ -98.6004521, 29.2691847 ], [ -98.6005741, 29.2691883 ], [ -98.6007243, 29.2691606 ], [ -98.6008475, 29.269063 ], [ -98.6009659, 29.2690146 ], [ -98.6011218, 29.2689662 ], [ -98.6012566, 29.2689139 ], [ -98.6013417, 29.2688416 ], [ -98.6014, 29.2687366 ], [ -98.6013942, 29.2686365 ], [ -98.6013348, 29.2685363 ], [ -98.6012213, 29.2684342 ], [ -98.6011777, 29.2683222 ], [ -98.6012491, 29.2682329 ], [ -98.6013732, 29.2681084 ], [ -98.6015439, 29.2679852 ], [ -98.6017952, 29.2679463 ], [ -98.6020455, 29.2679549 ], [ -98.6023128, 29.2679807 ], [ -98.6025265, 29.2680897 ], [ -98.602776, 29.2682201 ], [ -98.6030201, 29.2683003 ], [ -98.6032293, 29.2684062 ], [ -98.6033513, 29.2685702 ], [ -98.603413, 29.2688033 ], [ -98.6033037, 29.2690543 ], [ -98.6032253, 29.2691929 ], [ -98.6030825, 29.2694023 ], [ -98.6030215, 29.2695485 ], [ -98.6030127, 29.269731 ], [ -98.6030456, 29.2697989 ], [ -98.6032367, 29.2699487 ], [ -98.6034113, 29.2700118 ], [ -98.6035914, 29.2700364 ], [ -98.6039984, 29.2700341 ], [ -98.6042526, 29.2699966 ], [ -98.6048639, 29.269904 ], [ -98.6053107, 29.2699066 ], [ -98.605713, 29.2699568 ], [ -98.6060094, 29.2699205 ], [ -98.6061578, 29.2698334 ], [ -98.606317, 29.269676 ], [ -98.6065392, 29.2693906 ], [ -98.6067166, 29.2691113 ], [ -98.606827, 29.2688905 ], [ -98.6069536, 29.2687402 ], [ -98.6072345, 29.2684471 ], [ -98.607486, 29.2681622 ], [ -98.6078709, 29.2677849 ], [ -98.607952, 29.2676993 ], [ -98.6081002, 29.2676161 ], [ -98.6083724, 29.2675176 ], [ -98.6087124, 29.2674591 ], [ -98.6089548, 29.2674006 ], [ -98.6091999, 29.2674403 ], [ -98.6095915, 29.2676077 ], [ -98.6098946, 29.2677235 ], [ -98.6104646, 29.2679914 ], [ -98.6106865, 29.2680096 ], [ -98.6109742, 29.2680628 ], [ -98.6113148, 29.2681821 ], [ -98.6117239, 29.2683506 ], [ -98.6122388, 29.2686337 ], [ -98.6125446, 29.2688373 ], [ -98.6126647, 29.2690197 ], [ -98.6127499, 29.2692093 ], [ -98.612912, 29.2694608 ], [ -98.612951, 29.2696919 ], [ -98.612947, 29.2698972 ], [ -98.613006, 29.2705008 ], [ -98.6130422, 29.2711395 ], [ -98.6130831, 29.271353 ], [ -98.6131437, 29.2714773 ], [ -98.6132446, 29.2715665 ], [ -98.6133727, 29.2717445 ], [ -98.6134096, 29.2719178 ] ], [ [ -98.6124199, 29.3035609 ], [ -98.6102189, 29.3132014 ], [ -98.6063131, 29.3140043 ], [ -98.5959116, 29.3138536 ], [ -98.5943815, 29.3138012 ], [ -98.5936644, 29.3137497 ], [ -98.5938375, 29.3134426 ], [ -98.5964377, 29.30883 ], [ -98.5965266, 29.3086722 ], [ -98.5987101, 29.3047986 ], [ -98.6000717, 29.3023831 ], [ -98.6002525, 29.3019817 ], [ -98.6004564, 29.3014207 ], [ -98.6007601, 29.3007357 ], [ -98.6048559, 29.3042491 ], [ -98.6061035, 29.3004151 ], [ -98.6045667, 29.2990181 ], [ -98.6050187, 29.2990933 ], [ -98.6062084, 29.2968559 ], [ -98.6062904, 29.2967771 ], [ -98.6064375, 29.2968688 ], [ -98.6069694, 29.2973124 ], [ -98.6067991, 29.2975654 ], [ -98.606714, 29.297493 ], [ -98.6066393, 29.2976983 ], [ -98.6069042, 29.2979357 ], [ -98.6070808, 29.297405 ], [ -98.6090105, 29.2990806 ], [ -98.6093253, 29.299444 ], [ -98.6096727, 29.299845 ], [ -98.6118523, 29.3025746 ], [ -98.612176, 29.3030696 ], [ -98.6124199, 29.3035609 ] ], [ [ -98.6104835, 29.2793011 ], [ -98.6095826, 29.2806177 ], [ -98.6080588, 29.2829425 ], [ -98.6073683, 29.2839963 ], [ -98.606333, 29.2856963 ], [ -98.6051203, 29.2876813 ], [ -98.6042204, 29.2889988 ], [ -98.6042302, 29.2877501 ], [ -98.6102607, 29.2781569 ], [ -98.6103048, 29.278597 ], [ -98.6103616, 29.2789398 ], [ -98.6104835, 29.2793011 ] ], [ [ -98.6041535, 29.2862844 ], [ -98.6025689, 29.2862909 ], [ -98.6025897, 29.287494 ], [ -98.6041424, 29.2874854 ], [ -98.604124, 29.2886922 ], [ -98.6010353, 29.2886915 ], [ -98.6010428, 29.2923574 ], [ -98.6041266, 29.2923596 ], [ -98.6041476, 29.2944716 ], [ -98.6040551, 29.2945449 ], [ -98.6026845, 29.2933532 ], [ -98.6010408, 29.2931018 ], [ -98.6007087, 29.2930377 ], [ -98.6010211, 29.291443 ], [ -98.600094, 29.2913082 ], [ -98.5997791, 29.2929131 ], [ -98.598061, 29.2926483 ], [ -98.5977505, 29.2925991 ], [ -98.5974264, 29.2924993 ], [ -98.5971708, 29.2923722 ], [ -98.5969255, 29.2922154 ], [ -98.5967025, 29.2920144 ], [ -98.5965445, 29.2918309 ], [ -98.5964196, 29.2916468 ], [ -98.5962888, 29.2913888 ], [ -98.5961966, 29.291057 ], [ -98.5961758, 29.2907017 ], [ -98.5962083, 29.2857504 ], [ -98.5962177, 29.28431 ], [ -98.5962654, 29.2770368 ], [ -98.5962814, 29.2762747 ], [ -98.5974898, 29.2764736 ], [ -98.59742, 29.2785722 ], [ -98.6010289, 29.2785944 ], [ -98.6010281, 29.2804316 ], [ -98.6010263, 29.284654 ], [ -98.6010261, 29.2849943 ], [ -98.6010261, 29.2850913 ], [ -98.6041483, 29.2850796 ], [ -98.6041535, 29.2862844 ] ], [ [ -98.6020823, 29.2976304 ], [ -98.6006386, 29.3002601 ], [ -98.5932328, 29.2991107 ], [ -98.5926999, 29.2990279 ], [ -98.5920476, 29.2989267 ], [ -98.5922904, 29.2981421 ], [ -98.5928683, 29.2962741 ], [ -98.594471, 29.29651 ], [ -98.6020823, 29.2976304 ] ], [ [ -98.6000076, 29.3016206 ], [ -98.5999779, 29.30169 ], [ -98.599723, 29.3022849 ], [ -98.5972889, 29.3066155 ], [ -98.5955328, 29.3097398 ], [ -98.5937472, 29.3129165 ], [ -98.593256, 29.3137154 ], [ -98.5925326, 29.3136218 ], [ -98.5885338, 29.3137773 ], [ -98.5721154, 29.3173539 ], [ -98.5735984, 29.3087624 ], [ -98.574008, 29.306389 ], [ -98.5680723, 29.3055044 ], [ -98.5677964, 29.3049211 ], [ -98.5678499, 29.3047606 ], [ -98.5677852, 29.3044684 ], [ -98.567861, 29.3042752 ], [ -98.5678491, 29.3039538 ], [ -98.5679312, 29.3031917 ], [ -98.5683423, 29.3019171 ], [ -98.5684369, 29.3017704 ], [ -98.56846, 29.3014991 ], [ -98.5683766, 29.3009632 ], [ -98.5683787, 29.300778 ], [ -98.5678868, 29.2996689 ], [ -98.5670183, 29.2995358 ], [ -98.5650546, 29.2992349 ], [ -98.5648231, 29.2991994 ], [ -98.5573871, 29.29806 ], [ -98.5579024, 29.2950703 ], [ -98.5579344, 29.2948844 ], [ -98.5588906, 29.289584 ], [ -98.5590903, 29.2888727 ], [ -98.5593509, 29.28822 ], [ -98.5688364, 29.2896449 ], [ -98.5698478, 29.2897968 ], [ -98.5697928, 29.2896632 ], [ -98.569801, 29.2894655 ], [ -98.5701607, 29.2891933 ], [ -98.5698143, 29.2890546 ], [ -98.5694341, 29.2885715 ], [ -98.5685835, 29.2870217 ], [ -98.5678905, 29.2863973 ], [ -98.5671052, 29.2864912 ], [ -98.5661424, 29.2850886 ], [ -98.566155, 29.2839738 ], [ -98.5659479, 29.2842869 ], [ -98.5656011, 29.2848112 ], [ -98.5639593, 29.2872932 ], [ -98.5602624, 29.2867312 ], [ -98.5605588, 29.2863884 ], [ -98.5609183, 29.2860143 ], [ -98.5613576, 29.2856018 ], [ -98.5633337, 29.2841423 ], [ -98.563687, 29.2844814 ], [ -98.5638615, 29.2843347 ], [ -98.5635146, 29.2840056 ], [ -98.5647559, 29.2830916 ], [ -98.5650565, 29.2834418 ], [ -98.5655937, 29.2832079 ], [ -98.566011, 29.2830262 ], [ -98.5659195, 29.2827842 ], [ -98.5665102, 29.2822066 ], [ -98.5676617, 29.2840959 ], [ -98.5676409, 29.2841037 ], [ -98.5678104, 29.2844602 ], [ -98.5682162, 29.2841672 ], [ -98.5681106, 29.2839384 ], [ -98.5677494, 29.2840648 ], [ -98.5665726, 29.2821298 ], [ -98.5675843, 29.2809385 ], [ -98.5690826, 29.2793062 ], [ -98.5719027, 29.2803273 ], [ -98.5717106, 29.2807362 ], [ -98.5727184, 29.2810981 ], [ -98.5728016, 29.280924 ], [ -98.5745132, 29.2811676 ], [ -98.5774158, 29.2816047 ], [ -98.5799078, 29.2819373 ], [ -98.5806123, 29.2784166 ], [ -98.5806772, 29.278092 ], [ -98.5812226, 29.2753665 ], [ -98.5818813, 29.2752998 ], [ -98.5818129, 29.2754839 ], [ -98.5826385, 29.2754029 ], [ -98.5835247, 29.275316 ], [ -98.5836079, 29.2743747 ], [ -98.5859357, 29.2747248 ], [ -98.5857276, 29.2758684 ], [ -98.587003, 29.2760654 ], [ -98.5871843, 29.2749607 ], [ -98.5875202, 29.27501 ], [ -98.5871217, 29.2771262 ], [ -98.5860478, 29.2828282 ], [ -98.5864969, 29.2828969 ], [ -98.5874718, 29.283046 ], [ -98.5867369, 29.2871053 ], [ -98.5863937, 29.289001 ], [ -98.5959916, 29.290368 ], [ -98.5959903, 29.2905034 ], [ -98.5959874, 29.2908007 ], [ -98.5960126, 29.2910684 ], [ -98.5960967, 29.291347 ], [ -98.596061, 29.2923726 ], [ -98.5910064, 29.2916538 ], [ -98.586038, 29.2909473 ], [ -98.5853838, 29.2908543 ], [ -98.5835352, 29.2967655 ], [ -98.5827872, 29.2991571 ], [ -98.5894258, 29.3000909 ], [ -98.5916426, 29.3004027 ], [ -98.5916265, 29.3004471 ], [ -98.5936052, 29.3007241 ], [ -98.6000076, 29.3016206 ] ], [ [ -98.5963189, 29.2630516 ], [ -98.5962905, 29.2761113 ], [ -98.5933869, 29.275686 ], [ -98.593412, 29.2640804 ], [ -98.5934159, 29.2625847 ], [ -98.5934179, 29.2616927 ], [ -98.5943681, 29.2624648 ], [ -98.5950513, 29.2624079 ], [ -98.5955642, 29.2625161 ], [ -98.5960603, 29.262837 ], [ -98.5963189, 29.2630516 ] ], [ [ -98.5768806, 29.5917333 ], [ -98.5751964, 29.5917027 ], [ -98.5745019, 29.5917055 ], [ -98.5727316, 29.5917125 ], [ -98.5726109, 29.591713 ], [ -98.5700731, 29.5917231 ], [ -98.5700732, 29.591896 ], [ -98.5700736, 29.5931625 ], [ -98.570074, 29.5941374 ], [ -98.5700743, 29.5950097 ], [ -98.5700747, 29.5962307 ], [ -98.5698274, 29.5963425 ], [ -98.5684812, 29.5969513 ], [ -98.5677114, 29.597296 ], [ -98.5656677, 29.5980788 ], [ -98.5649616, 29.5983297 ], [ -98.5638186, 29.5988517 ], [ -98.5630735, 29.5992695 ], [ -98.5619205, 29.5997949 ], [ -98.5607902, 29.6002182 ], [ -98.5597675, 29.6004736 ], [ -98.5589291, 29.6006162 ], [ -98.5582988, 29.6006735 ], [ -98.5572532, 29.6007314 ], [ -98.5569834, 29.6006856 ], [ -98.5528633, 29.6009347 ], [ -98.5525607, 29.6009935 ], [ -98.5481238, 29.6012428 ], [ -98.547806, 29.6012072 ], [ -98.5455404, 29.6013407 ], [ -98.5443399, 29.6013118 ], [ -98.5412953, 29.6014897 ], [ -98.5412571, 29.6010759 ], [ -98.5409533, 29.6008453 ], [ -98.5402824, 29.6008733 ], [ -98.5402563, 29.600529 ], [ -98.54031, 29.5999287 ], [ -98.5403972, 29.5997565 ], [ -98.5405168, 29.5990309 ], [ -98.5405083, 29.5988454 ], [ -98.5406908, 29.5971005 ], [ -98.540906, 29.59636 ], [ -98.5408072, 29.5948793 ], [ -98.5409607, 29.5932051 ], [ -98.541376, 29.5922266 ], [ -98.5419939, 29.5917693 ], [ -98.5449099, 29.5913443 ], [ -98.5469962, 29.5904039 ], [ -98.5473728, 29.5900604 ], [ -98.5475496, 29.589627 ], [ -98.5475458, 29.5892952 ], [ -98.5474113, 29.5887188 ], [ -98.5472198, 29.5881443 ], [ -98.5470222, 29.587629 ], [ -98.5464853, 29.5864247 ], [ -98.5452552, 29.585114 ], [ -98.5446677, 29.58474 ], [ -98.5439338, 29.5843684 ], [ -98.5433061, 29.5842348 ], [ -98.542983, 29.5843079 ], [ -98.5419626, 29.5848289 ], [ -98.5418948, 29.5851205 ], [ -98.5418595, 29.5852292 ], [ -98.541644, 29.5855518 ], [ -98.5409752, 29.5854307 ], [ -98.5402762, 29.5852455 ], [ -98.5403543, 29.585012 ], [ -98.5401297, 29.5847014 ], [ -98.5399647, 29.5845718 ], [ -98.5396662, 29.5844941 ], [ -98.5390589, 29.5836652 ], [ -98.5388487, 29.583071 ], [ -98.5407362, 29.581396 ], [ -98.5412093, 29.5809762 ], [ -98.5411692, 29.5809362 ], [ -98.5452926, 29.5769387 ], [ -98.5457539, 29.5764929 ], [ -98.5460418, 29.5762123 ], [ -98.5464002, 29.575848 ], [ -98.546688, 29.5755229 ], [ -98.5500106, 29.57225 ], [ -98.5505622, 29.5717352 ], [ -98.5514989, 29.5707512 ], [ -98.5522306, 29.5701857 ], [ -98.5529009, 29.5697314 ], [ -98.5535347, 29.569187 ], [ -98.5571385, 29.5655908 ], [ -98.5581667, 29.5645748 ], [ -98.559225, 29.5655745 ], [ -98.5627143, 29.568861 ], [ -98.5629616, 29.569106 ], [ -98.5632133, 29.5694079 ], [ -98.5634509, 29.5697644 ], [ -98.5636041, 29.5700412 ], [ -98.5638706, 29.5707349 ], [ -98.5639558, 29.5712718 ], [ -98.563972, 29.5717208 ], [ -98.5639356, 29.5721309 ], [ -98.5638812, 29.572463 ], [ -98.5636175, 29.5734854 ], [ -98.563524, 29.5740013 ], [ -98.5634966, 29.5743371 ], [ -98.5635538, 29.5750717 ], [ -98.5636931, 29.5756042 ], [ -98.5638923, 29.5761137 ], [ -98.5641257, 29.5765342 ], [ -98.5643905, 29.5768913 ], [ -98.5643269, 29.5770966 ], [ -98.5645004, 29.5772592 ], [ -98.5648844, 29.5770075 ], [ -98.5656981, 29.5764568 ], [ -98.5663628, 29.5773448 ], [ -98.5668012, 29.5779306 ], [ -98.5671346, 29.5783759 ], [ -98.5747493, 29.5888327 ], [ -98.5750614, 29.5892316 ], [ -98.5765208, 29.5912091 ], [ -98.5768806, 29.5917333 ] ], [ [ -98.5594434, 29.4840071 ], [ -98.5591189, 29.4844628 ], [ -98.5593259, 29.4845457 ], [ -98.5556215, 29.4898007 ], [ -98.5561137, 29.4901589 ], [ -98.5541724, 29.4929355 ], [ -98.5497276, 29.4972357 ], [ -98.5474921, 29.4995043 ], [ -98.5457601, 29.5017829 ], [ -98.5440205, 29.5003004 ], [ -98.5440105, 29.4973269 ], [ -98.5454333, 29.4973251 ], [ -98.5455243, 29.4973091 ], [ -98.5455829, 29.497278 ], [ -98.5456383, 29.4972293 ], [ -98.545673, 29.4971626 ], [ -98.5456815, 29.4970791 ], [ -98.545677, 29.4963481 ], [ -98.5455282, 29.4963461 ], [ -98.5455038, 29.4906482 ], [ -98.5450169, 29.490644 ], [ -98.5448308, 29.4905353 ], [ -98.5448705, 29.4842187 ], [ -98.5454516, 29.4842164 ], [ -98.5459003, 29.4843431 ], [ -98.5482377, 29.4826176 ], [ -98.5559684, 29.4833403 ], [ -98.555745, 29.4832231 ], [ -98.5555565, 29.483112 ], [ -98.5553785, 29.4829988 ], [ -98.5551642, 29.4828327 ], [ -98.5549885, 29.4826576 ], [ -98.5565398, 29.482788 ], [ -98.5594434, 29.4840071 ] ], [ [ -98.5517084, 29.2368505 ], [ -98.5517084, 29.2382782 ], [ -98.5495506, 29.2382267 ], [ -98.5495533, 29.2376825 ], [ -98.5501823, 29.2376872 ], [ -98.5501917, 29.2372507 ], [ -98.5475027, 29.2372577 ], [ -98.5475054, 29.2367569 ], [ -98.5517084, 29.2368505 ] ], [ [ -98.5369668, 29.5327571 ], [ -98.5364213, 29.5333509 ], [ -98.5283905, 29.5412362 ], [ -98.527696, 29.5405081 ], [ -98.5265259, 29.5397741 ], [ -98.5240806, 29.5378058 ], [ -98.5239615, 29.5376938 ], [ -98.5203859, 29.5349159 ], [ -98.5199299, 29.5345616 ], [ -98.5190981, 29.5339153 ], [ -98.5059695, 29.5237148 ], [ -98.5052037, 29.5231198 ], [ -98.5053236, 29.5228412 ], [ -98.505604, 29.5224877 ], [ -98.5056516, 29.5224361 ], [ -98.5060405, 29.5219326 ], [ -98.506594, 29.5212579 ], [ -98.5067234, 29.521091 ], [ -98.506895, 29.5209949 ], [ -98.5068989, 29.5184507 ], [ -98.506902, 29.5164456 ], [ -98.5069028, 29.5158805 ], [ -98.5069171, 29.5065652 ], [ -98.5069128, 29.5058757 ], [ -98.5069135, 29.5051516 ], [ -98.5069152, 29.5037819 ], [ -98.5069365, 29.5036385 ], [ -98.507126, 29.5033055 ], [ -98.5073226, 29.5031154 ], [ -98.5074992, 29.5029561 ], [ -98.5098613, 29.5045127 ], [ -98.5109201, 29.5052104 ], [ -98.5143444, 29.5074205 ], [ -98.5162995, 29.5087089 ], [ -98.5170603, 29.5092103 ], [ -98.523502, 29.5134552 ], [ -98.5261515, 29.5152011 ], [ -98.5271095, 29.5158368 ], [ -98.5283749, 29.5167029 ], [ -98.5285798, 29.5176193 ], [ -98.5292333, 29.5205686 ], [ -98.5298191, 29.523213 ], [ -98.5300813, 29.5243115 ], [ -98.5302701, 29.5248625 ], [ -98.5304352, 29.5252657 ], [ -98.5307352, 29.5257668 ], [ -98.5311956, 29.5263358 ], [ -98.5342353, 29.5292741 ], [ -98.534256, 29.5293737 ], [ -98.5355906, 29.5307195 ], [ -98.5361103, 29.5313594 ], [ -98.5364653, 29.5318543 ], [ -98.5367702, 29.5324012 ], [ -98.5369668, 29.5327571 ] ], [ [ -98.5138484, 29.2507964 ], [ -98.5138323, 29.2558981 ], [ -98.5128486, 29.2558607 ], [ -98.5119367, 29.255973 ], [ -98.5108423, 29.2563287 ], [ -98.5098446, 29.2569933 ], [ -98.5091794, 29.256778 ], [ -98.5082889, 29.2566189 ], [ -98.5067654, 29.2567125 ], [ -98.505435, 29.2568997 ], [ -98.5042548, 29.2573677 ], [ -98.5028708, 29.2563942 ], [ -98.5020232, 29.2559543 ], [ -98.5005963, 29.2556735 ], [ -98.4994483, 29.2556361 ], [ -98.4984076, 29.2557671 ], [ -98.4974527, 29.2560198 ], [ -98.4966964, 29.256324 ], [ -98.4961063, 29.2566329 ], [ -98.4957469, 29.2564644 ], [ -98.4973186, 29.2540729 ], [ -98.4975117, 29.2538482 ], [ -98.4978229, 29.2531274 ], [ -98.494733, 29.2520042 ], [ -98.4957737, 29.2498488 ], [ -98.4959534, 29.2497342 ], [ -98.4991372, 29.2496125 ], [ -98.4997407, 29.2493012 ], [ -98.4999231, 29.249224 ], [ -98.5002396, 29.2491655 ], [ -98.5017577, 29.24932 ], [ -98.5012025, 29.2514191 ], [ -98.5020769, 29.2515829 ], [ -98.5022539, 29.2508622 ], [ -98.5041341, 29.2512647 ], [ -98.5042226, 29.2508926 ], [ -98.5061806, 29.2513208 ], [ -98.5070094, 29.2483862 ], [ -98.5076988, 29.2481054 ], [ -98.5079509, 29.2481007 ], [ -98.5081574, 29.2480656 ], [ -98.5127617, 29.2493348 ], [ -98.5138484, 29.2507964 ] ], [ [ -98.5136667, 29.2234782 ], [ -98.5114726, 29.227619 ], [ -98.507621, 29.2260812 ], [ -98.5079107, 29.2255709 ], [ -98.5067882, 29.2251331 ], [ -98.5068874, 29.224933 ], [ -98.508313, 29.22551 ], [ -98.5087985, 29.2246041 ], [ -98.5098526, 29.2250021 ], [ -98.5101235, 29.2244754 ], [ -98.5076371, 29.2235063 ], [ -98.5092196, 29.2205334 ], [ -98.5115799, 29.2214487 ], [ -98.511081, 29.2223663 ], [ -98.5136667, 29.2234782 ] ], [ [ -98.5125754, 29.249115 ], [ -98.5086215, 29.2480586 ], [ -98.5084632, 29.247979 ], [ -98.5084042, 29.2479111 ], [ -98.5083479, 29.2478433 ], [ -98.5089782, 29.2474431 ], [ -98.5091686, 29.2472465 ], [ -98.5095602, 29.2467901 ], [ -98.5100749, 29.2457185 ], [ -98.5125754, 29.249115 ] ], [ [ -98.5111266, 29.2396871 ], [ -98.510896, 29.2399937 ], [ -98.5107055, 29.2403565 ], [ -98.5105634, 29.2408409 ], [ -98.5098794, 29.245187 ], [ -98.5097507, 29.2458657 ], [ -98.5095173, 29.2464133 ], [ -98.509174, 29.2468861 ], [ -98.5087261, 29.247312 ], [ -98.508144, 29.2476771 ], [ -98.5070309, 29.2481803 ], [ -98.504, 29.2493551 ], [ -98.5035682, 29.2493387 ], [ -98.5000786, 29.2489432 ], [ -98.4991211, 29.2493855 ], [ -98.4960741, 29.2495353 ], [ -98.4959668, 29.2494253 ], [ -98.4978765, 29.2459008 ], [ -98.4982494, 29.2454047 ], [ -98.4985444, 29.2446417 ], [ -98.4994698, 29.2449343 ], [ -98.5005158, 29.2425026 ], [ -98.4996682, 29.2421469 ], [ -98.501173, 29.2393571 ], [ -98.4996656, 29.2387533 ], [ -98.4997728, 29.2385473 ], [ -98.5012856, 29.2391511 ], [ -98.5026482, 29.2366609 ], [ -98.505958, 29.2379552 ], [ -98.5056603, 29.2385613 ], [ -98.5111266, 29.2396871 ] ], [ [ -98.5097694, 29.2275933 ], [ -98.5092652, 29.2285881 ], [ -98.5057756, 29.2270666 ], [ -98.5062236, 29.2261865 ], [ -98.5097694, 29.2275933 ] ], [ [ -98.5094154, 29.2315303 ], [ -98.5084337, 29.2333057 ], [ -98.5041167, 29.2316274 ], [ -98.5043943, 29.2311148 ], [ -98.5037814, 29.2308714 ], [ -98.5039933, 29.2304677 ], [ -98.5045552, 29.2306807 ], [ -98.5046142, 29.2311031 ], [ -98.5050635, 29.231267 ], [ -98.5048543, 29.2316789 ], [ -98.5061994, 29.2321459 ], [ -98.5065749, 29.2312167 ], [ -98.5040604, 29.2303354 ], [ -98.5044399, 29.229632 ], [ -98.5094154, 29.2315303 ] ], [ [ -98.5041295, 29.5965581 ], [ -98.5040984, 29.5976061 ], [ -98.5027232, 29.5980673 ], [ -98.5019003, 29.5987698 ], [ -98.5002289, 29.6002409 ], [ -98.499099, 29.6001297 ], [ -98.4985693, 29.6001275 ], [ -98.4978025, 29.6003073 ], [ -98.4972677, 29.6005069 ], [ -98.4967935, 29.6007613 ], [ -98.4964075, 29.6009829 ], [ -98.4961048, 29.6012504 ], [ -98.4955909, 29.6022479 ], [ -98.4954339, 29.6027989 ], [ -98.4953457, 29.603211 ], [ -98.4952781, 29.6037046 ], [ -98.4952775, 29.6037091 ], [ -98.4952951, 29.6041367 ], [ -98.4954263, 29.6055755 ], [ -98.4957063, 29.6058014 ], [ -98.4959484, 29.6062312 ], [ -98.4960039, 29.6065777 ], [ -98.4960266, 29.6069769 ], [ -98.4925049, 29.6073258 ], [ -98.4926422, 29.6080273 ], [ -98.4924558, 29.6080516 ], [ -98.4924626, 29.6080926 ], [ -98.4923509, 29.6082045 ], [ -98.4914024, 29.6083139 ], [ -98.4907506, 29.6084263 ], [ -98.490009, 29.6085862 ], [ -98.4891739, 29.6086722 ], [ -98.4892581, 29.6085532 ], [ -98.4892176, 29.608229 ], [ -98.4891327, 29.6079108 ], [ -98.4890756, 29.6076919 ], [ -98.4868915, 29.6078643 ], [ -98.4867587, 29.607406 ], [ -98.4868968, 29.607082 ], [ -98.4871541, 29.6068232 ], [ -98.4870986, 29.6064745 ], [ -98.4870507, 29.606457 ], [ -98.4870078, 29.6064263 ], [ -98.4869901, 29.6063627 ], [ -98.4865689, 29.6058648 ], [ -98.4854085, 29.6059591 ], [ -98.4849343, 29.6060644 ], [ -98.4846417, 29.6061828 ], [ -98.4844273, 29.606242 ], [ -98.4841725, 29.606242 ], [ -98.4838152, 29.6061813 ], [ -98.4837084, 29.6061631 ], [ -98.4829264, 29.6056981 ], [ -98.4826842, 29.6052946 ], [ -98.482548, 29.6049393 ], [ -98.4820309, 29.604981 ], [ -98.4815354, 29.6066474 ], [ -98.4813382, 29.6075646 ], [ -98.4807847, 29.6075361 ], [ -98.476301, 29.6078815 ], [ -98.4757473, 29.6077343 ], [ -98.4751412, 29.6075732 ], [ -98.4759131, 29.6049085 ], [ -98.4738779, 29.6050607 ], [ -98.4734037, 29.6049006 ], [ -98.4743825, 29.6015324 ], [ -98.471361, 29.6008748 ], [ -98.4730882, 29.5946622 ], [ -98.473573, 29.5929725 ], [ -98.4754098, 29.5865705 ], [ -98.4760312, 29.5845088 ], [ -98.4760875, 29.584322 ], [ -98.4770617, 29.581167 ], [ -98.4771704, 29.5808599 ], [ -98.4773254, 29.5804015 ], [ -98.4775334, 29.5797994 ], [ -98.4784608, 29.5771142 ], [ -98.4784944, 29.5770217 ], [ -98.4786258, 29.5766608 ], [ -98.4789083, 29.5758576 ], [ -98.4794379, 29.5743518 ], [ -98.4799686, 29.5728611 ], [ -98.4801759, 29.5722788 ], [ -98.4807909, 29.5705236 ], [ -98.4815261, 29.5684617 ], [ -98.4821142, 29.5667903 ], [ -98.4828544, 29.5669935 ], [ -98.4831416, 29.5661495 ], [ -98.4836232, 29.5665358 ], [ -98.4838551, 29.5661526 ], [ -98.4865591, 29.5682568 ], [ -98.4907013, 29.5714801 ], [ -98.4951602, 29.5749497 ], [ -98.4983765, 29.5774916 ], [ -98.4995474, 29.5783736 ], [ -98.5003379, 29.578969 ], [ -98.502894, 29.5808942 ], [ -98.5032891, 29.581165 ], [ -98.5035459, 29.5812917 ], [ -98.503941, 29.5814389 ], [ -98.5038645, 29.5823004 ], [ -98.5028665, 29.5833375 ], [ -98.5013808, 29.5848815 ], [ -98.5012019, 29.5865963 ], [ -98.5003212, 29.5865067 ], [ -98.4994302, 29.5864686 ], [ -98.499251, 29.588284 ], [ -98.5002106, 29.5883553 ], [ -98.500522, 29.5884043 ], [ -98.5004874, 29.5887163 ], [ -98.5023178, 29.5888214 ], [ -98.5022575, 29.5889623 ], [ -98.5020663, 29.59075 ], [ -98.5019889, 29.5914743 ], [ -98.5015302, 29.5963568 ], [ -98.5041295, 29.5965581 ] ], [ [ -98.4922705, 29.4681604 ], [ -98.4922372, 29.4751891 ], [ -98.4922358, 29.4754694 ], [ -98.4922175, 29.4793309 ], [ -98.4922107, 29.4800191 ], [ -98.491589, 29.481112 ], [ -98.4898289, 29.4841922 ], [ -98.4894943, 29.484109 ], [ -98.4889634, 29.4839266 ], [ -98.488831, 29.4838576 ], [ -98.4886263, 29.4837393 ], [ -98.4878318, 29.4832323 ], [ -98.4874959, 29.4830447 ], [ -98.4870163, 29.4827748 ], [ -98.4869574, 29.4827449 ], [ -98.4869084, 29.4827271 ], [ -98.4868406, 29.4827107 ], [ -98.4866798, 29.482695 ], [ -98.4861926, 29.4827666 ], [ -98.485918, 29.482827 ], [ -98.485318, 29.4829591 ], [ -98.485208, 29.4829828 ], [ -98.485111, 29.4829975 ], [ -98.484999, 29.4830071 ], [ -98.4848676, 29.4830052 ], [ -98.4847732, 29.4829858 ], [ -98.4847222, 29.4829647 ], [ -98.4846512, 29.4829243 ], [ -98.4845114, 29.4828315 ], [ -98.4844328, 29.4827903 ], [ -98.4843446, 29.4827815 ], [ -98.4841452, 29.482775 ], [ -98.4840444, 29.4827663 ], [ -98.4838282, 29.4827255 ], [ -98.483391, 29.4826197 ], [ -98.4831332, 29.4825407 ], [ -98.4825272, 29.4824333 ], [ -98.4824038, 29.4823685 ], [ -98.4823488, 29.4822688 ], [ -98.4823396, 29.4822018 ], [ -98.48236, 29.4821491 ], [ -98.482414, 29.4820923 ], [ -98.4825486, 29.4820405 ], [ -98.4826656, 29.4820029 ], [ -98.4827354, 29.4819424 ], [ -98.4827804, 29.48187 ], [ -98.4827704, 29.4818092 ], [ -98.4827352, 29.4817246 ], [ -98.4826518, 29.4816525 ], [ -98.4825638, 29.4815915 ], [ -98.4825012, 29.4815637 ], [ -98.4824308, 29.4815465 ], [ -98.4821966, 29.4815423 ], [ -98.4820712, 29.4814993 ], [ -98.4820046, 29.4814168 ], [ -98.4819608, 29.4812796 ], [ -98.4819634, 29.4811658 ], [ -98.4819924, 29.481092 ], [ -98.4820468, 29.4810112 ], [ -98.482187, 29.4809346 ], [ -98.4823942, 29.4808579 ], [ -98.482569, 29.4807661 ], [ -98.4826164, 29.4807281 ], [ -98.4827858, 29.4805543 ], [ -98.4828502, 29.4804461 ], [ -98.4828452, 29.4803512 ], [ -98.4827934, 29.4802506 ], [ -98.482734, 29.4801749 ], [ -98.4826596, 29.4800493 ], [ -98.4826423, 29.4799728 ], [ -98.4826432, 29.4798982 ], [ -98.4826884, 29.4797938 ], [ -98.482809, 29.479727 ], [ -98.482879, 29.479696 ], [ -98.4830613, 29.479656 ], [ -98.4831716, 29.4796043 ], [ -98.4832353, 29.4795344 ], [ -98.4832786, 29.4794554 ], [ -98.483293, 29.4794098 ], [ -98.4832949, 29.4793839 ], [ -98.4833032, 29.4793035 ], [ -98.4832938, 29.4792369 ], [ -98.4832519, 29.4791283 ], [ -98.4832288, 29.4790652 ], [ -98.4831575, 29.4789806 ], [ -98.4830112, 29.4788488 ], [ -98.4828756, 29.4787418 ], [ -98.4827329, 29.4786306 ], [ -98.48263, 29.4785314 ], [ -98.4826089, 29.4784151 ], [ -98.4826286, 29.4781528 ], [ -98.4826562, 29.4780044 ], [ -98.4826652, 29.4779362 ], [ -98.4826743, 29.4778678 ], [ -98.4827154, 29.4776836 ], [ -98.4827231, 29.4776508 ], [ -98.4827493, 29.4775931 ], [ -98.4828641, 29.4773895 ], [ -98.4829365, 29.4773323 ], [ -98.4829624, 29.4773227 ], [ -98.4830984, 29.4772697 ], [ -98.4832908, 29.4771996 ], [ -98.4834065, 29.4770697 ], [ -98.483414, 29.477011 ], [ -98.4834054, 29.4769612 ], [ -98.4833878, 29.4768996 ], [ -98.4833524, 29.476759 ], [ -98.4833448, 29.4766637 ], [ -98.4833476, 29.4765639 ], [ -98.4834321, 29.4764182 ], [ -98.4837759, 29.4759824 ], [ -98.483958, 29.475806 ], [ -98.4840579, 29.4756976 ], [ -98.4841839, 29.4755987 ], [ -98.4844459, 29.4754273 ], [ -98.4847819, 29.4752946 ], [ -98.4852489, 29.4751677 ], [ -98.4853849, 29.4751137 ], [ -98.4854698, 29.4750497 ], [ -98.4855378, 29.4749624 ], [ -98.4855677, 29.4749016 ], [ -98.4855836, 29.4748026 ], [ -98.4855826, 29.4746284 ], [ -98.4855715, 29.4745469 ], [ -98.4855456, 29.4742178 ], [ -98.4855456, 29.4740403 ], [ -98.4855827, 29.4737998 ], [ -98.4856368, 29.4736534 ], [ -98.4856548, 29.473598 ], [ -98.4859478, 29.4727668 ], [ -98.4859637, 29.4726795 ], [ -98.4860208, 29.4724383 ], [ -98.4861185, 29.4717826 ], [ -98.4861306, 29.4716824 ], [ -98.4861316, 29.4715419 ], [ -98.4861215, 29.4714541 ], [ -98.4860864, 29.4713507 ], [ -98.4860221, 29.4712177 ], [ -98.4859329, 29.4710826 ], [ -98.4858812, 29.4710378 ], [ -98.4858088, 29.4709885 ], [ -98.4856475, 29.4715509 ], [ -98.4846741, 29.4715551 ], [ -98.4840333, 29.4718719 ], [ -98.483699, 29.4719789 ], [ -98.483422, 29.4720502 ], [ -98.4831074, 29.4720873 ], [ -98.4827539, 29.4720692 ], [ -98.4823545, 29.471998 ], [ -98.4819242, 29.4719446 ], [ -98.4817237, 29.4719473 ], [ -98.4815997, 29.4719817 ], [ -98.481208, 29.4721715 ], [ -98.480913, 29.4723969 ], [ -98.4804132, 29.4726124 ], [ -98.4792169, 29.4728849 ], [ -98.4790612, 29.4728863 ], [ -98.4787498, 29.4726138 ], [ -98.4787629, 29.4721929 ], [ -98.4784745, 29.4714881 ], [ -98.4784109, 29.4714602 ], [ -98.4776447, 29.4713948 ], [ -98.4771416, 29.470724 ], [ -98.4770609, 29.4706195 ], [ -98.4767128, 29.469781 ], [ -98.4767035, 29.4686376 ], [ -98.4767023, 29.4681022 ], [ -98.4784068, 29.4680894 ], [ -98.4831362, 29.4681418 ], [ -98.4876595, 29.4681752 ], [ -98.4922705, 29.4681604 ] ], [ [ -98.4821711, 29.4894254 ], [ -98.482165, 29.4896071 ], [ -98.4821301, 29.4898983 ], [ -98.4819908, 29.490591 ], [ -98.4819805, 29.4906424 ], [ -98.4819205, 29.4909488 ], [ -98.4819175, 29.4909726 ], [ -98.4818778, 29.4911627 ], [ -98.4818582, 29.4912644 ], [ -98.4818476, 29.4913192 ], [ -98.481444, 29.4913085 ], [ -98.4799077, 29.4913172 ], [ -98.4796446, 29.4912936 ], [ -98.4709129, 29.491311 ], [ -98.4686026, 29.4949516 ], [ -98.4684322, 29.4952913 ], [ -98.4682247, 29.4952591 ], [ -98.4671104, 29.4952488 ], [ -98.4666483, 29.4952445 ], [ -98.4665236, 29.4952433 ], [ -98.466524, 29.495316 ], [ -98.4665264, 29.495461 ], [ -98.4665341, 29.4957009 ], [ -98.4665452, 29.49605 ], [ -98.466551, 29.4961819 ], [ -98.4664628, 29.496182 ], [ -98.462758, 29.4961852 ], [ -98.4592547, 29.4961882 ], [ -98.4592851, 29.495914 ], [ -98.4592985, 29.4957061 ], [ -98.4593173, 29.4952675 ], [ -98.4593205, 29.4951938 ], [ -98.4593203, 29.494778 ], [ -98.4593201, 29.4943632 ], [ -98.4593198, 29.493934 ], [ -98.4593193, 29.493094 ], [ -98.4593191, 29.4927343 ], [ -98.4593189, 29.49225 ], [ -98.4593186, 29.491841 ], [ -98.4593184, 29.49143 ], [ -98.4593181, 29.4910344 ], [ -98.4593181, 29.4909892 ], [ -98.459318, 29.4907972 ], [ -98.4593179, 29.4906355 ], [ -98.4593062, 29.4904316 ], [ -98.4592843, 29.4901795 ], [ -98.4592841, 29.4899663 ], [ -98.4592836, 29.4892679 ], [ -98.4592835, 29.4890042 ], [ -98.4592831, 29.4884685 ], [ -98.4592827, 29.487962 ], [ -98.4592826, 29.487745 ], [ -98.4592824, 29.4875698 ], [ -98.4592824, 29.487468 ], [ -98.459282, 29.486986 ], [ -98.4592813, 29.4860064 ], [ -98.459281, 29.4855402 ], [ -98.4592806, 29.484993 ], [ -98.4592802, 29.4844842 ], [ -98.4592802, 29.4844524 ], [ -98.4581468, 29.4844495 ], [ -98.4546398, 29.4845069 ], [ -98.4539812, 29.4845667 ], [ -98.4535389, 29.4846125 ], [ -98.45327, 29.4845898 ], [ -98.4531413, 29.484586 ], [ -98.4530732, 29.484584 ], [ -98.4529752, 29.4845811 ], [ -98.4528094, 29.4846054 ], [ -98.4525596, 29.4846067 ], [ -98.4520427, 29.4846095 ], [ -98.4517766, 29.4846111 ], [ -98.4509117, 29.4846162 ], [ -98.4500892, 29.484621 ], [ -98.4497818, 29.4846228 ], [ -98.449244, 29.484626 ], [ -98.4484064, 29.4846313 ], [ -98.4482763, 29.4846322 ], [ -98.4473602, 29.484638 ], [ -98.444731, 29.484645 ], [ -98.44219, 29.484652 ], [ -98.440126, 29.484664 ], [ -98.43892, 29.484659 ], [ -98.438535, 29.484658 ], [ -98.438094, 29.484676 ], [ -98.435394, 29.484676 ], [ -98.432668, 29.484691 ], [ -98.4318323, 29.4846942 ], [ -98.4317118, 29.4846947 ], [ -98.4312604, 29.4846965 ], [ -98.4312221, 29.4846967 ], [ -98.4309236, 29.4847154 ], [ -98.4308364, 29.4847209 ], [ -98.4307568, 29.4847259 ], [ -98.4304736, 29.4847553 ], [ -98.430266, 29.4847768 ], [ -98.4303098, 29.4846502 ], [ -98.4303798, 29.4844474 ], [ -98.4304827, 29.4841877 ], [ -98.4304989, 29.4841467 ], [ -98.4305838, 29.4839959 ], [ -98.4306247, 29.4839123 ], [ -98.4306737, 29.483812 ], [ -98.4307799, 29.4836148 ], [ -98.4309338, 29.4833217 ], [ -98.4310705, 29.4830679 ], [ -98.4311431, 29.4829331 ], [ -98.431274, 29.48269 ], [ -98.431482, 29.4823224 ], [ -98.431825, 29.4816699 ], [ -98.4321296, 29.4810921 ], [ -98.4322961, 29.4807764 ], [ -98.4323752, 29.4806393 ], [ -98.432886, 29.479625 ], [ -98.4332206, 29.4790267 ], [ -98.4334171, 29.4786753 ], [ -98.4335372, 29.478449 ], [ -98.4337927, 29.4779829 ], [ -98.434058, 29.477499 ], [ -98.4343164, 29.4770376 ], [ -98.4343793, 29.4769232 ], [ -98.4344185, 29.476851 ], [ -98.434584, 29.476561 ], [ -98.434762, 29.476222 ], [ -98.4349533, 29.4758766 ], [ -98.435396, 29.475077 ], [ -98.4354804, 29.4749286 ], [ -98.4358413, 29.4742826 ], [ -98.436155, 29.473726 ], [ -98.436712, 29.472711 ], [ -98.4374705, 29.4713375 ], [ -98.4377065, 29.4708293 ], [ -98.437927, 29.4708897 ], [ -98.4379922, 29.4708979 ], [ -98.4380896, 29.4708777 ], [ -98.4382098, 29.4708278 ], [ -98.4384342, 29.4707347 ], [ -98.4387487, 29.4706042 ], [ -98.438836, 29.470568 ], [ -98.4394491, 29.4703347 ], [ -98.439916, 29.470157 ], [ -98.440239, 29.470032 ], [ -98.440375, 29.469987 ], [ -98.440453, 29.469972 ], [ -98.440532, 29.469964 ], [ -98.440717, 29.469971 ], [ -98.440863, 29.469992 ], [ -98.442359, 29.470145 ], [ -98.442499, 29.470144 ], [ -98.442594, 29.470132 ], [ -98.442688, 29.470112 ], [ -98.442778, 29.470083 ], [ -98.442865, 29.470047 ], [ -98.442947, 29.470002 ], [ -98.443023, 29.46995 ], [ -98.443092, 29.469892 ], [ -98.443154, 29.469827 ], [ -98.443208, 29.469758 ], [ -98.443253, 29.469683 ], [ -98.443381, 29.469542 ], [ -98.443525, 29.469413 ], [ -98.443957, 29.46908 ], [ -98.444572, 29.468689 ], [ -98.444792, 29.468654 ], [ -98.444969, 29.468636 ], [ -98.4451, 29.468633 ], [ -98.446394, 29.468633 ], [ -98.446576, 29.468634 ], [ -98.447194, 29.46864 ], [ -98.44806, 29.468649 ], [ -98.4485059, 29.468644 ], [ -98.4487743, 29.4685952 ], [ -98.4490593, 29.468491 ], [ -98.4496894, 29.4682378 ], [ -98.449863, 29.468203 ], [ -98.4510962, 29.4682053 ], [ -98.4542, 29.468211 ], [ -98.4549942, 29.4682121 ], [ -98.4556657, 29.468213 ], [ -98.4560146, 29.4682135 ], [ -98.4592447, 29.468218 ], [ -98.4596166, 29.4682175 ], [ -98.460336, 29.468212 ], [ -98.4607034, 29.4682173 ], [ -98.4610694, 29.468216 ], [ -98.4615465, 29.4682143 ], [ -98.462596, 29.4682105 ], [ -98.4627319, 29.46821 ], [ -98.4627959, 29.4682098 ], [ -98.4630124, 29.468209 ], [ -98.4635047, 29.4682072 ], [ -98.463649, 29.4682067 ], [ -98.463786, 29.4682133 ], [ -98.4672162, 29.4682236 ], [ -98.4672335, 29.4682805 ], [ -98.4673323, 29.4683386 ], [ -98.4674619, 29.4683709 ], [ -98.4676719, 29.4684386 ], [ -98.4679535, 29.4686203 ], [ -98.4681968, 29.4688354 ], [ -98.4684438, 29.468945 ], [ -98.4686538, 29.4690192 ], [ -98.4687624, 29.4690881 ], [ -98.4688365, 29.469159 ], [ -98.4688637, 29.4692854 ], [ -98.4688415, 29.4694655 ], [ -98.4688365, 29.4695741 ], [ -98.4688851, 29.4696778 ], [ -98.4690022, 29.4698319 ], [ -98.4691574, 29.4700194 ], [ -98.4691482, 29.4700882 ], [ -98.4692148, 29.4701603 ], [ -98.4693217, 29.470213 ], [ -98.4694186, 29.47022 ], [ -98.4696846, 29.4701912 ], [ -98.4698023, 29.4702191 ], [ -98.4699506, 29.4703231 ], [ -98.4702514, 29.4706254 ], [ -98.4705399, 29.4709675 ], [ -98.470764, 29.4712258 ], [ -98.4710061, 29.4714667 ], [ -98.471799, 29.4721215 ], [ -98.4719052, 29.4721709 ], [ -98.4720732, 29.4722731 ], [ -98.4723066, 29.4723666 ], [ -98.4728509, 29.4725863 ], [ -98.4730647, 29.4727179 ], [ -98.4731581, 29.4728829 ], [ -98.4734697, 29.4734242 ], [ -98.4735191, 29.4736081 ], [ -98.4735722, 29.4739134 ], [ -98.4735784, 29.4741521 ], [ -98.4735438, 29.4743672 ], [ -98.473324, 29.4748929 ], [ -98.4732486, 29.4751176 ], [ -98.4732104, 29.4753058 ], [ -98.4732326, 29.4754993 ], [ -98.4733178, 29.4756585 ], [ -98.4734117, 29.4755864 ], [ -98.4736155, 29.4758101 ], [ -98.4740329, 29.4761896 ], [ -98.4742219, 29.4763046 ], [ -98.474375, 29.4764057 ], [ -98.4744862, 29.4766046 ], [ -98.4745701, 29.4768938 ], [ -98.4746591, 29.4770616 ], [ -98.4748443, 29.4771884 ], [ -98.4750493, 29.477254 ], [ -98.4752902, 29.4772626 ], [ -98.4754347, 29.4773099 ], [ -98.4755483, 29.4774121 ], [ -98.4755977, 29.4775712 ], [ -98.4756224, 29.4777948 ], [ -98.4755755, 29.478098 ], [ -98.4755668, 29.4782722 ], [ -98.4756051, 29.4784926 ], [ -98.4756854, 29.4787012 ], [ -98.4758669, 29.4789689 ], [ -98.4760559, 29.4792205 ], [ -98.4764919, 29.4796011 ], [ -98.4768333, 29.4798148 ], [ -98.4771329, 29.4799493 ], [ -98.4773582, 29.4799858 ], [ -98.4780369, 29.4799839 ], [ -98.4787539, 29.479893 ], [ -98.4790441, 29.4798941 ], [ -98.4791409, 29.4799882 ], [ -98.4791481, 29.4816283 ], [ -98.4791492, 29.4818742 ], [ -98.4791436, 29.4824507 ], [ -98.4791376, 29.4830686 ], [ -98.4791312, 29.4837313 ], [ -98.4791372, 29.4838977 ], [ -98.4791559, 29.4840272 ], [ -98.4791665, 29.4841002 ], [ -98.479207, 29.484175 ], [ -98.4792962, 29.4842756 ], [ -98.4795503, 29.4844344 ], [ -98.4795599, 29.4844405 ], [ -98.4797025, 29.4845312 ], [ -98.4798672, 29.4846227 ], [ -98.4799717, 29.4846808 ], [ -98.480438, 29.48494 ], [ -98.4805518, 29.4850105 ], [ -98.4806595, 29.4850891 ], [ -98.4807261, 29.4851541 ], [ -98.480811, 29.4852486 ], [ -98.4808789, 29.4853442 ], [ -98.4809278, 29.4854194 ], [ -98.4810204, 29.4856049 ], [ -98.481237, 29.486153 ], [ -98.4813086, 29.4863567 ], [ -98.4815001, 29.4874101 ], [ -98.4815495, 29.4876208 ], [ -98.4816187, 29.4878122 ], [ -98.4817126, 29.4880412 ], [ -98.4820213, 29.4886765 ], [ -98.4820843, 29.4888474 ], [ -98.4821292, 29.4890423 ], [ -98.482158, 29.4892225 ], [ -98.4821711, 29.4894254 ] ], [ [ -98.4566782, 29.3164068 ], [ -98.4566782, 29.3172449 ], [ -98.4554353, 29.3172449 ], [ -98.4554402, 29.3164153 ], [ -98.4566782, 29.3164068 ] ], [ [ -98.454132, 29.3150728 ], [ -98.4541165, 29.3158562 ], [ -98.4512712, 29.3158524 ], [ -98.4511451, 29.3150686 ], [ -98.454132, 29.3150728 ] ], [ [ -98.4484683, 29.3092777 ], [ -98.4447805, 29.314652 ], [ -98.4444534, 29.3140497 ], [ -98.4483092, 29.3088702 ], [ -98.4484683, 29.3092777 ] ], [ [ -98.4386624, 29.3100858 ], [ -98.4370071, 29.3100798 ], [ -98.4342047, 29.3100925 ], [ -98.4316948, 29.3100863 ], [ -98.4317092, 29.3084868 ], [ -98.4342182, 29.3084849 ], [ -98.4342166, 29.3080766 ], [ -98.4342127, 29.3070574 ], [ -98.4349123, 29.3070449 ], [ -98.4351826, 29.30704 ], [ -98.4353183, 29.3070376 ], [ -98.4355524, 29.3071661 ], [ -98.4386624, 29.3100858 ] ], [ [ -98.4315275, 29.3084965 ], [ -98.4315084, 29.3100132 ], [ -98.4314841, 29.310045 ], [ -98.4314545, 29.3100723 ], [ -98.4314152, 29.3100925 ], [ -98.4272122, 29.3101162 ], [ -98.4271998, 29.3084831 ], [ -98.4315275, 29.3084965 ] ], [ [ -98.427975, 29.2939993 ], [ -98.4275061, 29.2945385 ], [ -98.4273601, 29.2946696 ], [ -98.4273283, 29.2948343 ], [ -98.4273535, 29.2949799 ], [ -98.427311, 29.2951562 ], [ -98.4272034, 29.2952777 ], [ -98.4268963, 29.2955119 ], [ -98.4267316, 29.2956603 ], [ -98.4266756, 29.2957439 ], [ -98.4266067, 29.2959058 ], [ -98.4265306, 29.2959918 ], [ -98.4264002, 29.2960717 ], [ -98.426161, 29.296155 ], [ -98.4256793, 29.2963058 ], [ -98.425295, 29.2963901 ], [ -98.4249107, 29.296415 ], [ -98.4244869, 29.2962962 ], [ -98.424287, 29.296323 ], [ -98.4232263, 29.2970067 ], [ -98.423066, 29.2972212 ], [ -98.4228003, 29.2974664 ], [ -98.4227235, 29.2975257 ], [ -98.4226049, 29.2975353 ], [ -98.421957, 29.2975277 ], [ -98.4217045, 29.2975679 ], [ -98.4214915, 29.2976713 ], [ -98.4214267, 29.2978182 ], [ -98.4213505, 29.297947 ], [ -98.4201963, 29.2968917 ], [ -98.4196956, 29.296299 ], [ -98.423852, 29.2913296 ], [ -98.427975, 29.2939993 ] ], [ [ -98.4258079, 29.3101211 ], [ -98.4240858, 29.3101342 ], [ -98.4241022, 29.3085972 ], [ -98.4242539, 29.3085861 ], [ -98.4242504, 29.3084983 ], [ -98.425807, 29.3084899 ], [ -98.4258079, 29.3101211 ] ], [ [ -98.4188164, 29.1996117 ], [ -98.418274, 29.2010896 ], [ -98.4145067, 29.2035897 ], [ -98.4154178, 29.2085376 ], [ -98.4144418, 29.2091713 ], [ -98.4126298, 29.2079957 ], [ -98.4140262, 29.2069377 ], [ -98.4117062, 29.2054399 ], [ -98.4049322, 29.209858 ], [ -98.4039719, 29.2092303 ], [ -98.4188164, 29.1996117 ] ], [ [ -98.4176889, 29.2971463 ], [ -98.4172464, 29.2975329 ], [ -98.4151773, 29.296188 ], [ -98.4145358, 29.2969468 ], [ -98.4140872, 29.2966574 ], [ -98.4147965, 29.2958206 ], [ -98.413609, 29.2950477 ], [ -98.4150572, 29.2933484 ], [ -98.4161798, 29.2940913 ], [ -98.4152729, 29.2951882 ], [ -98.4162899, 29.2958578 ], [ -98.4176889, 29.2971463 ] ], [ [ -98.4170443, 29.3042361 ], [ -98.416449, 29.3049623 ], [ -98.412936, 29.3026855 ], [ -98.4130984, 29.3025557 ], [ -98.4132809, 29.3023526 ], [ -98.4135619, 29.3020147 ], [ -98.4170443, 29.3042361 ] ], [ [ -98.4138775, 29.2306605 ], [ -98.4138724, 29.2320827 ], [ -98.4110212, 29.2325391 ], [ -98.4106565, 29.2323542 ], [ -98.4095621, 29.2322559 ], [ -98.4094736, 29.2336252 ], [ -98.4091491, 29.2337328 ], [ -98.4087534, 29.2341003 ], [ -98.4083719, 29.2342267 ], [ -98.4082384, 29.2341729 ], [ -98.4080265, 29.2342407 ], [ -98.4078442, 29.2344771 ], [ -98.406615, 29.2352745 ], [ -98.4060431, 29.2357059 ], [ -98.405172, 29.2362039 ], [ -98.4046631, 29.2363975 ], [ -98.4042815, 29.2364133 ], [ -98.4036881, 29.2361834 ], [ -98.404069, 29.2353595 ], [ -98.4049648, 29.2338382 ], [ -98.4060189, 29.2321061 ], [ -98.4068343, 29.2303413 ], [ -98.40747, 29.2289965 ], [ -98.4075397, 29.2300791 ], [ -98.4138775, 29.2306605 ] ], [ [ -98.4137168, 29.3104941 ], [ -98.4077205, 29.3129129 ], [ -98.4073842, 29.3123787 ], [ -98.4068346, 29.3116773 ], [ -98.4054889, 29.3102435 ], [ -98.4060153, 29.3099348 ], [ -98.4084876, 29.3070047 ], [ -98.4137168, 29.3104941 ] ], [ [ -98.4115434, 29.2996353 ], [ -98.41106, 29.3000647 ], [ -98.4101008, 29.3008285 ], [ -98.4099855, 29.300748 ], [ -98.4093608, 29.3012239 ], [ -98.4086673, 29.3019242 ], [ -98.4081388, 29.3015851 ], [ -98.4103818, 29.298897 ], [ -98.4115434, 29.2996353 ] ], [ [ -98.4101303, 29.3035893 ], [ -98.4098463, 29.3039461 ], [ -98.4090567, 29.3034347 ], [ -98.4084633, 29.3041334 ], [ -98.4089606, 29.3044558 ], [ -98.4087973, 29.3046489 ], [ -98.4027655, 29.3009393 ], [ -98.4015204, 29.3024379 ], [ -98.3979756, 29.3001709 ], [ -98.3977055, 29.2990391 ], [ -98.3976132, 29.2982616 ], [ -98.397543, 29.2972485 ], [ -98.3975918, 29.2959635 ], [ -98.3981619, 29.2953241 ], [ -98.3992301, 29.2959588 ], [ -98.4026092, 29.2918282 ], [ -98.4049624, 29.2933369 ], [ -98.4042298, 29.2942303 ], [ -98.4048494, 29.2945762 ], [ -98.4055633, 29.2937176 ], [ -98.4066052, 29.2943869 ], [ -98.4056405, 29.2954144 ], [ -98.4056673, 29.2954345 ], [ -98.404109, 29.2972999 ], [ -98.4030897, 29.2966497 ], [ -98.4020758, 29.297852 ], [ -98.4036101, 29.298811 ], [ -98.4061367, 29.295728 ], [ -98.4067246, 29.2960883 ], [ -98.4075948, 29.2950115 ], [ -98.4086885, 29.2957104 ], [ -98.4052539, 29.2998266 ], [ -98.4099316, 29.3028346 ], [ -98.4095878, 29.3032402 ], [ -98.4101303, 29.3035893 ] ], [ [ -98.4097223, 29.2942162 ], [ -98.4086427, 29.2955598 ], [ -98.4032231, 29.292073 ], [ -98.4019257, 29.2912585 ], [ -98.4036498, 29.2914965 ], [ -98.4042603, 29.2915348 ], [ -98.405151, 29.2915439 ], [ -98.4069747, 29.2914929 ], [ -98.4064483, 29.2921002 ], [ -98.4097223, 29.2942162 ] ], [ [ -98.4007173, 29.2522798 ], [ -98.3991711, 29.2547326 ], [ -98.3955307, 29.2530695 ], [ -98.3955379, 29.2526664 ], [ -98.3955765, 29.251841 ], [ -98.3956134, 29.2514649 ], [ -98.3957272, 29.2505457 ], [ -98.3960887, 29.2503699 ], [ -98.4007173, 29.2522798 ] ], [ [ -98.3987468, 29.2554178 ], [ -98.3966725, 29.2586449 ], [ -98.3958388, 29.2582925 ], [ -98.395562, 29.2539873 ], [ -98.3964233, 29.2543731 ], [ -98.396176, 29.2547874 ], [ -98.3968834, 29.2551117 ], [ -98.3971274, 29.2546902 ], [ -98.3987468, 29.2554178 ] ], [ [ -98.3949548, 29.2793115 ], [ -98.3948394, 29.2814873 ], [ -98.3946208, 29.2816643 ], [ -98.393893, 29.2816138 ], [ -98.3934588, 29.2815457 ], [ -98.393057, 29.2814307 ], [ -98.3926422, 29.2812577 ], [ -98.3904996, 29.2802112 ], [ -98.3916665, 29.278573 ], [ -98.3920369, 29.2788068 ], [ -98.3935113, 29.2767763 ], [ -98.3944636, 29.2773883 ], [ -98.3938457, 29.278123 ], [ -98.393788, 29.2792729 ], [ -98.3949548, 29.2793115 ] ], [ [ -98.3909883, 29.281946 ], [ -98.3890369, 29.2843518 ], [ -98.3902453, 29.2851356 ], [ -98.390215, 29.2851761 ], [ -98.3896594, 29.28584 ], [ -98.3875996, 29.2883015 ], [ -98.385732, 29.2880225 ], [ -98.3838496, 29.2876658 ], [ -98.3897375, 29.2811574 ], [ -98.3909883, 29.281946 ] ], [ [ -98.3882209, 29.3016881 ], [ -98.3870112, 29.3025956 ], [ -98.3860966, 29.3019898 ], [ -98.3865445, 29.2999267 ], [ -98.3882209, 29.3016881 ] ], [ [ -98.3079708, 29.4562112 ], [ -98.3069287, 29.4594213 ], [ -98.3046079, 29.4600464 ], [ -98.3014101, 29.4609078 ], [ -98.3001333, 29.4605913 ], [ -98.3020458, 29.4547142 ], [ -98.3039689, 29.455207 ], [ -98.3036256, 29.4562626 ], [ -98.304264, 29.4564238 ], [ -98.3046019, 29.4553728 ], [ -98.3079708, 29.4562112 ] ], [ [ -98.2899302, 29.4606509 ], [ -98.2812238, 29.4563303 ], [ -98.2825059, 29.4543545 ], [ -98.289316, 29.4577269 ], [ -98.2895252, 29.4583926 ], [ -98.2894528, 29.4585467 ], [ -98.2895815, 29.4590768 ], [ -98.2897693, 29.4592753 ], [ -98.2898846, 29.4597798 ], [ -98.2899302, 29.4606509 ] ], [ [ -98.2836853, 29.4661571 ], [ -98.2786113, 29.4678296 ], [ -98.2807189, 29.4646897 ], [ -98.2836853, 29.4661571 ] ], [ [ -98.2731181, 29.4542284 ], [ -98.2712427, 29.4570752 ], [ -98.270457, 29.4582686 ], [ -98.26998, 29.4589928 ], [ -98.2679312, 29.4579356 ], [ -98.2681666, 29.4575443 ], [ -98.2672537, 29.4571575 ], [ -98.2671449, 29.4571057 ], [ -98.2692263, 29.4539201 ], [ -98.2700738, 29.4543615 ], [ -98.2708704, 29.453147 ], [ -98.2709434, 29.4531862 ], [ -98.2731181, 29.4542284 ] ], [ [ -98.2696366, 29.4595766 ], [ -98.2660817, 29.4649532 ], [ -98.2677807, 29.4657763 ], [ -98.2642132, 29.471225 ], [ -98.2622552, 29.4680958 ], [ -98.2653236, 29.4633879 ], [ -98.2658923, 29.463827 ], [ -98.2677081, 29.4611156 ], [ -98.2653129, 29.4598966 ], [ -98.2662329, 29.458479 ], [ -98.2668981, 29.4588153 ], [ -98.2671797, 29.4583785 ], [ -98.2696366, 29.4595766 ] ], [ [ -98.2612896, 29.4712623 ], [ -98.259514, 29.4739757 ], [ -98.258834, 29.4742174 ], [ -98.2574648, 29.4745735 ], [ -98.257167, 29.4746108 ], [ -98.2558528, 29.4750428 ], [ -98.2554236, 29.474821 ], [ -98.2593155, 29.4689365 ], [ -98.2612896, 29.4712623 ] ] ], [ [ [ -98.5250312, 29.2357223 ], [ -98.5236633, 29.2357083 ], [ -98.5236512, 29.2370716 ], [ -98.5250124, 29.2370915 ], [ -98.5250312, 29.2357223 ] ] ], [ [ [ -98.46036, 29.312744 ], [ -98.459722, 29.3127389 ], [ -98.4593966, 29.3136506 ], [ -98.4603584, 29.3136714 ], [ -98.46036, 29.312744 ] ] ], [ [ [ -98.4090444, 29.2320757 ], [ -98.4087078, 29.2319387 ], [ -98.4082358, 29.2318978 ], [ -98.4081043, 29.2326047 ], [ -98.4088916, 29.2326702 ], [ -98.4090444, 29.2320757 ] ] ] ] } },
{ "type": "Feature", "properties": { "Store_Location": "Chicago" }, "geometry": { "type": "Polygon", "coordinates": [ [ [ -87.9400876, 42.0008044 ], [ -87.940032, 41.998131 ], [ -87.9375286, 41.9974396 ], [ -87.937433, 41.9976164 ], [ -87.9371673, 41.9980493 ], [ -87.9368936, 41.9984741 ], [ -87.9366029, 41.998878 ], [ -87.9359476, 41.9997272 ], [ -87.9357361, 41.99973 ], [ -87.9359711, 41.9994516 ], [ -87.9361716, 41.9991983 ], [ -87.9364572, 41.9988396 ], [ -87.9368172, 41.9983532 ], [ -87.9370247, 41.9980221 ], [ -87.9372474, 41.9976612 ], [ -87.9375465, 41.997132 ], [ -87.9377274, 41.9967763 ], [ -87.9378666, 41.9964829 ], [ -87.938061, 41.9959818 ], [ -87.9382497, 41.9954848 ], [ -87.9383631, 41.9951481 ], [ -87.9385466, 41.9944905 ], [ -87.9386507, 41.9939807 ], [ -87.9387086, 41.9937118 ], [ -87.9387355, 41.9935354 ], [ -87.939124, 41.9935271 ], [ -87.9398182, 41.9935152 ], [ -87.9399953, 41.9935125 ], [ -87.9399315, 41.9909609 ], [ -87.939842, 41.987523 ], [ -87.939837, 41.986932 ], [ -87.939837, 41.9869286 ], [ -87.9398361, 41.9868303 ], [ -87.939791, 41.984531 ], [ -87.9397796, 41.9830941 ], [ -87.9397732, 41.9823832 ], [ -87.9397059, 41.9760186 ], [ -87.939702, 41.975937 ], [ -87.9397297, 41.9759622 ], [ -87.9396917, 41.9733079 ], [ -87.939692, 41.973303 ], [ -87.939584, 41.96463 ], [ -87.9395972, 41.9567077 ], [ -87.9337679, 41.9558588 ], [ -87.9291117, 41.9551231 ], [ -87.926076, 41.954665 ], [ -87.926074, 41.954604 ], [ -87.925275, 41.954458 ], [ -87.923859, 41.954159 ], [ -87.923477, 41.954071 ], [ -87.922033, 41.953714 ], [ -87.9219857, 41.9538501 ], [ -87.9202024, 41.9533888 ], [ -87.916192, 41.9523535 ], [ -87.9162983, 41.9558937 ], [ -87.9166536, 41.9558917 ], [ -87.916247, 41.957567 ], [ -87.915953, 41.957482 ], [ -87.91573, 41.957408 ], [ -87.91562, 41.957368 ], [ -87.915544, 41.957136 ], [ -87.91547, 41.956909 ], [ -87.915321, 41.956441 ], [ -87.915248, 41.956209 ], [ -87.915199, 41.95597 ], [ -87.915196, 41.955954 ], [ -87.915151, 41.955673 ], [ -87.915092, 41.955256 ], [ -87.915091, 41.955248 ], [ -87.915064, 41.955007 ], [ -87.915049, 41.954884 ], [ -87.915019, 41.954393 ], [ -87.9150112, 41.9520103 ], [ -87.9123488, 41.9513568 ], [ -87.9121042, 41.9529078 ], [ -87.9088244, 41.9519593 ], [ -87.9075337, 41.9516989 ], [ -87.9059705, 41.9514326 ], [ -87.9045544, 41.9512505 ], [ -87.90345, 41.951133 ], [ -87.903412, 41.95113 ], [ -87.902361, 41.95105 ], [ -87.902082, 41.951036 ], [ -87.901938, 41.951029 ], [ -87.901935, 41.951028 ], [ -87.901495, 41.951006 ], [ -87.901349, 41.950999 ], [ -87.900511, 41.950926 ], [ -87.897999, 41.950709 ], [ -87.8965462, 41.950642 ], [ -87.896282, 41.950649 ], [ -87.894077, 41.950691 ], [ -87.893643, 41.950697 ], [ -87.892764, 41.950712 ], [ -87.8927598, 41.9517688 ], [ -87.89278, 41.952645 ], [ -87.8928022, 41.9544567 ], [ -87.8905494, 41.9569054 ], [ -87.8898564, 41.9575105 ], [ -87.8889003, 41.9579061 ], [ -87.8885, 41.957895 ], [ -87.887267, 41.95778 ], [ -87.886857, 41.957742 ], [ -87.886345, 41.957698 ], [ -87.8849626, 41.9575819 ], [ -87.884809, 41.957569 ], [ -87.884297, 41.957526 ], [ -87.884084, 41.957466 ], [ -87.884028, 41.957451 ], [ -87.883583, 41.957326 ], [ -87.883448, 41.957289 ], [ -87.883236, 41.957233 ], [ -87.8827, 41.957209 ], [ -87.881094, 41.957138 ], [ -87.8806234, 41.9571429 ], [ -87.880576, 41.957388 ], [ -87.880628, 41.958207 ], [ -87.880646, 41.95848 ], [ -87.880662, 41.958879 ], [ -87.88071, 41.960079 ], [ -87.8807497, 41.9729465 ], [ -87.8618715, 41.9733276 ], [ -87.8617429, 41.9730467 ], [ -87.8614433, 41.9726607 ], [ -87.8607665, 41.9721324 ], [ -87.8600348, 41.9716486 ], [ -87.8593578, 41.9713806 ], [ -87.8585647, 41.9713196 ], [ -87.8580001, 41.9714795 ], [ -87.8567581, 41.9720894 ], [ -87.8561548, 41.9723856 ], [ -87.8559255, 41.9724905 ], [ -87.855459, 41.9725449 ], [ -87.855121, 41.9724542 ], [ -87.8547485, 41.9722052 ], [ -87.8542935, 41.9718333 ], [ -87.8540401, 41.971343 ], [ -87.8540222, 41.9709757 ], [ -87.8541978, 41.9703691 ], [ -87.8543902, 41.9700692 ], [ -87.8546442, 41.9696735 ], [ -87.8548694, 41.9692316 ], [ -87.8550039, 41.9688829 ], [ -87.8550614, 41.9686485 ], [ -87.8550819, 41.9684419 ], [ -87.8551199, 41.9681512 ], [ -87.855023, 41.967813 ], [ -87.8549274, 41.9671656 ], [ -87.8547226, 41.9665047 ], [ -87.8549544, 41.9658096 ], [ -87.8551542, 41.965391 ], [ -87.8554424, 41.9649702 ], [ -87.8556909, 41.9646375 ], [ -87.8557864, 41.9643415 ], [ -87.8557867, 41.9641369 ], [ -87.855733, 41.9635908 ], [ -87.8556735, 41.9632584 ], [ -87.8556059, 41.9627143 ], [ -87.8556489, 41.962583 ], [ -87.8556784, 41.9624931 ], [ -87.8557514, 41.9622706 ], [ -87.856069, 41.9618813 ], [ -87.8561813, 41.9616955 ], [ -87.8564123, 41.9613132 ], [ -87.8570388, 41.9602027 ], [ -87.8576482, 41.9590156 ], [ -87.8579916, 41.9584986 ], [ -87.8585495, 41.9577965 ], [ -87.8588111, 41.9573797 ], [ -87.8588838, 41.9570512 ], [ -87.8588589, 41.9567718 ], [ -87.8587567, 41.9562611 ], [ -87.8582804, 41.9555696 ], [ -87.8582088, 41.9554522 ], [ -87.8466031, 41.9556679 ], [ -87.8466281, 41.9516554 ], [ -87.8538924, 41.9514662 ], [ -87.8539469, 41.9513454 ], [ -87.8540642, 41.9511032 ], [ -87.8544158, 41.9504263 ], [ -87.8545912, 41.9500841 ], [ -87.854789, 41.9496984 ], [ -87.8549893, 41.9492141 ], [ -87.8551353, 41.9486841 ], [ -87.8551753, 41.9482371 ], [ -87.8551588, 41.9479997 ], [ -87.8548015, 41.9471668 ], [ -87.8546286, 41.9468408 ], [ -87.8545394, 41.9466324 ], [ -87.854337, 41.9461596 ], [ -87.8538917, 41.9453114 ], [ -87.8537049, 41.9448993 ], [ -87.853573, 41.9445824 ], [ -87.8532023, 41.9436918 ], [ -87.8529649, 41.9429762 ], [ -87.8527473, 41.942399 ], [ -87.8526762, 41.9422426 ], [ -87.8524122, 41.9416625 ], [ -87.8522041, 41.9411268 ], [ -87.8521002, 41.9406524 ], [ -87.8520599, 41.9402265 ], [ -87.8519552, 41.9395756 ], [ -87.8519036, 41.9394024 ], [ -87.8519007, 41.9393927 ], [ -87.8517168, 41.9391189 ], [ -87.8515055, 41.9388465 ], [ -87.8510894, 41.9384235 ], [ -87.8507922, 41.9381998 ], [ -87.8503812, 41.9379102 ], [ -87.8499566, 41.9376008 ], [ -87.8498172, 41.9374931 ], [ -87.8496049, 41.9372863 ], [ -87.84792, 41.937324 ], [ -87.847485, 41.937332 ], [ -87.846549, 41.937351 ], [ -87.845315, 41.937375 ], [ -87.844905, 41.937384 ], [ -87.844446, 41.937395 ], [ -87.843135, 41.937414 ], [ -87.842982, 41.937417 ], [ -87.84037, 41.937472 ], [ -87.837829, 41.937525 ], [ -87.837462, 41.937533 ], [ -87.83606, 41.937559 ], [ -87.835809, 41.937563 ], [ -87.8347934, 41.9375772 ], [ -87.8262564, 41.9377472 ], [ -87.816519, 41.937939 ], [ -87.8163882, 41.934325 ], [ -87.8139419, 41.9343735 ], [ -87.8066123, 41.9345189 ], [ -87.8065597, 41.9329957 ], [ -87.8064857, 41.9308306 ], [ -87.806229, 41.923322 ], [ -87.8062285, 41.923306 ], [ -87.8062277, 41.923282 ], [ -87.8062234, 41.923146 ], [ -87.8062217, 41.9230931 ], [ -87.8062166, 41.9229331 ], [ -87.8062013, 41.9224531 ], [ -87.8061962, 41.9222931 ], [ -87.8061925, 41.9221771 ], [ -87.8061814, 41.9218301 ], [ -87.8061778, 41.9217151 ], [ -87.8061737, 41.9215861 ], [ -87.8061614, 41.9212021 ], [ -87.8061574, 41.9210741 ], [ -87.8061496, 41.9208301 ], [ -87.8061263, 41.9200991 ], [ -87.8061185, 41.9198561 ], [ -87.8061068, 41.9194891 ], [ -87.8060718, 41.9183891 ], [ -87.8060601, 41.9180231 ], [ -87.8060484, 41.9176561 ], [ -87.8060382, 41.9173361 ], [ -87.8060141, 41.9166481 ], [ -87.8060133, 41.9165551 ], [ -87.8060025, 41.9162151 ], [ -87.8060017, 41.9161891 ], [ -87.8059945, 41.9159641 ], [ -87.80599, 41.9158231 ], [ -87.8059843, 41.9156445 ], [ -87.8059768, 41.915408 ], [ -87.8059654, 41.9150501 ], [ -87.805958, 41.9148656 ], [ -87.805955, 41.9147261 ], [ -87.8059423, 41.914364 ], [ -87.8059317, 41.9139951 ], [ -87.8058968, 41.9128981 ], [ -87.8058852, 41.9125344 ], [ -87.8058735, 41.9121671 ], [ -87.8058386, 41.911071 ], [ -87.8058269, 41.910706 ], [ -87.8058154, 41.9103449 ], [ -87.8057915, 41.9095946 ], [ -87.8057701, 41.908994 ], [ -87.8057685, 41.9088726 ], [ -87.8025656, 41.908913 ], [ -87.8013657, 41.9089281 ], [ -87.8011797, 41.9089305 ], [ -87.8009988, 41.9089327 ], [ -87.8004568, 41.9089396 ], [ -87.8002768, 41.9089419 ], [ -87.8001408, 41.9089436 ], [ -87.7997357, 41.9089487 ], [ -87.7996007, 41.9089504 ], [ -87.7993697, 41.9089533 ], [ -87.7986797, 41.908962 ], [ -87.7984497, 41.9089649 ], [ -87.7984087, 41.9089654 ], [ -87.7982877, 41.9089669 ], [ -87.7982477, 41.9089674 ], [ -87.7981237, 41.908969 ], [ -87.7980387, 41.9089701 ], [ -87.7979997, 41.9089706 ], [ -87.7976017, 41.9089756 ], [ -87.7974117, 41.908978 ], [ -87.7972037, 41.9089806 ], [ -87.7970727, 41.9089823 ], [ -87.7966817, 41.9089872 ], [ -87.7965517, 41.9089888 ], [ -87.7964387, 41.9089903 ], [ -87.7960997, 41.9089945 ], [ -87.7959877, 41.9089959 ], [ -87.7957997, 41.9089983 ], [ -87.7954629, 41.9090026 ], [ -87.7952397, 41.9090054 ], [ -87.7950593, 41.9090076 ], [ -87.7950347, 41.909008 ], [ -87.7948476, 41.9090103 ], [ -87.7946056, 41.9090134 ], [ -87.7940316, 41.9090206 ], [ -87.7938406, 41.909023 ], [ -87.7937847, 41.9090237 ], [ -87.7936196, 41.9090258 ], [ -87.7935656, 41.9090265 ], [ -87.7933776, 41.9090289 ], [ -87.7928156, 41.9090359 ], [ -87.7926286, 41.9090383 ], [ -87.7925706, 41.909039 ], [ -87.7923986, 41.9090412 ], [ -87.7923416, 41.9090419 ], [ -87.7922083, 41.9090436 ], [ -87.7916056, 41.9090512 ], [ -87.7914226, 41.9090535 ], [ -87.7913606, 41.9090543 ], [ -87.7911776, 41.9090566 ], [ -87.7911166, 41.9090574 ], [ -87.7909346, 41.9090597 ], [ -87.7903886, 41.9090665 ], [ -87.7902076, 41.9090688 ], [ -87.7901446, 41.9090696 ], [ -87.7899576, 41.909072 ], [ -87.7898956, 41.9090728 ], [ -87.7896646, 41.9090757 ], [ -87.7889736, 41.9090844 ], [ -87.7887437, 41.9090873 ], [ -87.7886467, 41.9090885 ], [ -87.7883587, 41.9090921 ], [ -87.7882627, 41.9090934 ], [ -87.7880787, 41.9090957 ], [ -87.7875287, 41.9091026 ], [ -87.7873457, 41.9091049 ], [ -87.7872027, 41.9091067 ], [ -87.7870737, 41.9091083 ], [ -87.7867746, 41.9091121 ], [ -87.7866326, 41.9091139 ], [ -87.7865146, 41.9091154 ], [ -87.7861637, 41.9091198 ], [ -87.7860467, 41.9091213 ], [ -87.7858367, 41.9091239 ], [ -87.7852107, 41.9091318 ], [ -87.7850017, 41.9091345 ], [ -87.7849597, 41.909135 ], [ -87.7848367, 41.9091366 ], [ -87.7847957, 41.9091371 ], [ -87.7846449, 41.909139 ], [ -87.7845067, 41.9091407 ], [ -87.7843885, 41.9091422 ], [ -87.7841564, 41.9091451 ], [ -87.7836427, 41.9091516 ], [ -87.7833547, 41.9091552 ], [ -87.7831077, 41.9091584 ], [ -87.7824167, 41.9091671 ], [ -87.7823668, 41.9091677 ], [ -87.7821209, 41.9091708 ], [ -87.7820389, 41.9091718 ], [ -87.781936, 41.9091731 ], [ -87.781794, 41.9091749 ], [ -87.781713, 41.9091759 ], [ -87.781534, 41.9091782 ], [ -87.780998, 41.909185 ], [ -87.78082, 41.9091872 ], [ -87.780677, 41.909189 ], [ -87.78025, 41.9091944 ], [ -87.780108, 41.9091962 ], [ -87.779989, 41.9091977 ], [ -87.779633, 41.9092022 ], [ -87.779515, 41.9092037 ], [ -87.779385, 41.9092053 ], [ -87.778997, 41.9092102 ], [ -87.778868, 41.9092118 ], [ -87.778736, 41.9092135 ], [ -87.778341, 41.9092185 ], [ -87.778098, 41.9092215 ], [ -87.777763, 41.9092258 ], [ -87.777652, 41.9092272 ], [ -87.777503, 41.909229 ], [ -87.777056, 41.9092347 ], [ -87.776813, 41.9092377 ], [ -87.776657, 41.9092397 ], [ -87.776531, 41.9092413 ], [ -87.776437, 41.9092425 ], [ -87.776269, 41.9092446 ], [ -87.775767, 41.9092509 ], [ -87.7755771, 41.9092533 ], [ -87.7750369, 41.8918642 ], [ -87.774656, 41.880087 ], [ -87.7746547, 41.8800336 ], [ -87.774208, 41.867654 ], [ -87.774195, 41.867289 ], [ -87.774181, 41.866923 ], [ -87.77417, 41.866602 ], [ -87.774143, 41.865825 ], [ -87.774139, 41.865705 ], [ -87.774135, 41.8655641 ], [ -87.7741322, 41.8654611 ], [ -87.774014, 41.8654628 ], [ -87.7684594, 41.8655425 ], [ -87.7655218, 41.8655845 ], [ -87.7654817, 41.8655851 ], [ -87.7640609, 41.8656058 ], [ -87.7636814, 41.8656118 ], [ -87.7447397, 41.8658856 ], [ -87.7440599, 41.8658971 ], [ -87.7399558, 41.8659668 ], [ -87.73984, 41.861864 ], [ -87.7394848, 41.8513504 ], [ -87.7392483, 41.8455374 ], [ -87.7390005, 41.8367251 ], [ -87.7387666, 41.8367353 ], [ -87.7384854, 41.822112 ], [ -87.7386175, 41.8221045 ], [ -87.7435263, 41.8220083 ], [ -87.7448264, 41.8219836 ], [ -87.7445595, 41.816121 ], [ -87.745687, 41.815765 ], [ -87.74637, 41.81555 ], [ -87.747904, 41.815067 ], [ -87.748702, 41.814815 ], [ -87.748882, 41.814755 ], [ -87.748942, 41.814736 ], [ -87.751658, 41.813893 ], [ -87.752283, 41.8137 ], [ -87.753119, 41.813442 ], [ -87.753087, 41.813348 ], [ -87.752998, 41.811142 ], [ -87.752987, 41.810778 ], [ -87.752956, 41.809686 ], [ -87.752954, 41.809584 ], [ -87.75295, 41.809322 ], [ -87.75294, 41.808956 ], [ -87.752914, 41.8079493 ], [ -87.7529208, 41.8070437 ], [ -87.7528558, 41.8047994 ], [ -87.7527224, 41.8001907 ], [ -87.7528312, 41.8001893 ], [ -87.754578, 41.8001667 ], [ -87.7563921, 41.8001419 ], [ -87.762538, 41.800058 ], [ -87.7728881, 41.799874 ], [ -87.7732173, 41.799866 ], [ -87.7734977, 41.799859 ], [ -87.7736027, 41.7998567 ], [ -87.7741068, 41.7998394 ], [ -87.7746138, 41.7998262 ], [ -87.7747128, 41.7998235 ], [ -87.7748244, 41.7998213 ], [ -87.7753341, 41.7998117 ], [ -87.7755487, 41.7998055 ], [ -87.7758372, 41.7998005 ], [ -87.775941, 41.7997987 ], [ -87.7765569, 41.7997937 ], [ -87.7771526, 41.7997807 ], [ -87.7774143, 41.7997748 ], [ -87.7774475, 41.7997744 ], [ -87.7776358, 41.7997704 ], [ -87.7777759, 41.7997676 ], [ -87.7782924, 41.7997557 ], [ -87.7783891, 41.7997535 ], [ -87.7784903, 41.7997521 ], [ -87.7789815, 41.7997416 ], [ -87.7802111, 41.7997149 ], [ -87.7808134, 41.7997024 ], [ -87.7814307, 41.7996893 ], [ -87.7818053, 41.7996854 ], [ -87.7820381, 41.7996831 ], [ -87.7823399, 41.7996781 ], [ -87.7824096, 41.7996769 ], [ -87.7826499, 41.7996731 ], [ -87.7829259, 41.799668 ], [ -87.7831541, 41.7996641 ], [ -87.7832571, 41.7996623 ], [ -87.7833613, 41.7996604 ], [ -87.783867, 41.7996511 ], [ -87.7843681, 41.7996419 ], [ -87.7844666, 41.7996401 ], [ -87.7850319, 41.7996299 ], [ -87.785082, 41.7996291 ], [ -87.7855856, 41.7996199 ], [ -87.7856851, 41.7996181 ], [ -87.7858013, 41.799616 ], [ -87.7862959, 41.7996071 ], [ -87.7869046, 41.7995962 ], [ -87.7873209, 41.7995885 ], [ -87.7875206, 41.799585 ], [ -87.7881249, 41.7995751 ], [ -87.7887354, 41.799563 ], [ -87.7893491, 41.7995517 ], [ -87.7899502, 41.7995401 ], [ -87.7905523, 41.7995301 ], [ -87.7942021, 41.7994919 ], [ -87.7970671, 41.799452 ], [ -87.8018761, 41.7979119 ], [ -87.8016028, 41.7946444 ], [ -87.801585, 41.7937706 ], [ -87.8015773, 41.7935653 ], [ -87.8015711, 41.7933978 ], [ -87.8015673, 41.7932932 ], [ -87.8015531, 41.7929184 ], [ -87.8015509, 41.7928818 ], [ -87.8015511, 41.7928625 ], [ -87.8015514, 41.792839 ], [ -87.8015497, 41.7927571 ], [ -87.8015433, 41.7924758 ], [ -87.8015422, 41.792389 ], [ -87.801542, 41.7923767 ], [ -87.8015417, 41.7923629 ], [ -87.8015361, 41.7920823 ], [ -87.801415, 41.7892774 ], [ -87.8014048, 41.7890625 ], [ -87.8013966, 41.7889113 ], [ -87.8013855, 41.7886589 ], [ -87.8013672, 41.7881756 ], [ -87.8013455, 41.787715 ], [ -87.8013343, 41.7874504 ], [ -87.8012832, 41.7862439 ], [ -87.80127, 41.7859339 ], [ -87.8012607, 41.7857131 ], [ -87.801216, 41.784689 ], [ -87.8012129, 41.7845964 ], [ -87.8011975, 41.7842493 ], [ -87.8011916, 41.7841128 ], [ -87.8011754, 41.783738 ], [ -87.8011654, 41.7835064 ], [ -87.8011546, 41.7832552 ], [ -87.8011501, 41.7831463 ], [ -87.8011449, 41.7830203 ], [ -87.8011381, 41.7828562 ], [ -87.8011347, 41.7827758 ], [ -87.8010954, 41.7818629 ], [ -87.8010718, 41.7813132 ], [ -87.801056, 41.7809477 ], [ -87.801038, 41.7805129 ], [ -87.8010215, 41.7800324 ], [ -87.8010121, 41.7798099 ], [ -87.8010052, 41.7796317 ], [ -87.8009873, 41.7791613 ], [ -87.8009858, 41.7791206 ], [ -87.8009504, 41.7782909 ], [ -87.8009479, 41.7782328 ], [ -87.8009315, 41.7778469 ], [ -87.8009213, 41.7776077 ], [ -87.8009146, 41.7774495 ], [ -87.8009115, 41.7773779 ], [ -87.8009106, 41.7773576 ], [ -87.8009026, 41.7772296 ], [ -87.8008965, 41.7771134 ], [ -87.8008855, 41.7769059 ], [ -87.80088, 41.7768025 ], [ -87.8008906, 41.7766994 ], [ -87.8009054, 41.7765874 ], [ -87.8009088, 41.7765717 ], [ -87.8009156, 41.7765408 ], [ -87.8009255, 41.7764954 ], [ -87.8009684, 41.7763713 ], [ -87.8010136, 41.7762842 ], [ -87.800985, 41.776173 ], [ -87.800895, 41.775898 ], [ -87.800865, 41.775807 ], [ -87.800853, 41.775747 ], [ -87.8008354, 41.7756298 ], [ -87.800831, 41.77547 ], [ -87.8008186, 41.7751364 ], [ -87.8008138, 41.7749706 ], [ -87.8007773, 41.7737122 ], [ -87.7908459, 41.773864 ], [ -87.7810826, 41.7740237 ], [ -87.762861, 41.77438 ], [ -87.760266, 41.774427 ], [ -87.756733, 41.774493 ], [ -87.752258, 41.774575 ], [ -87.7494863, 41.774628 ], [ -87.747038, 41.774668 ], [ -87.742165, 41.77478 ], [ -87.74205, 41.771136 ], [ -87.7418927, 41.7642983 ], [ -87.7416168, 41.7573189 ], [ -87.7415781, 41.7564604 ], [ -87.741496, 41.753292 ], [ -87.741467, 41.752278 ], [ -87.741444, 41.751492 ], [ -87.741442, 41.751448 ], [ -87.741425, 41.750988 ], [ -87.741426, 41.750909 ], [ -87.741366, 41.749244 ], [ -87.741358, 41.749147 ], [ -87.7413174, 41.748372 ], [ -87.741292, 41.747288 ], [ -87.741258, 41.746326 ], [ -87.741234, 41.745621 ], [ -87.741223, 41.745281 ], [ -87.741222, 41.74523 ], [ -87.741195, 41.744332 ], [ -87.741184, 41.74406 ], [ -87.741169, 41.743671 ], [ -87.741117, 41.742251 ], [ -87.7411056, 41.7419432 ], [ -87.741104, 41.7418616 ], [ -87.7410951, 41.741651 ], [ -87.74109, 41.741512 ], [ -87.74105, 41.74036 ], [ -87.741037, 41.739976 ], [ -87.741031, 41.739802 ], [ -87.741013, 41.739281 ], [ -87.741007, 41.739108 ], [ -87.741003, 41.739016 ], [ -87.740994, 41.73874 ], [ -87.740991, 41.738648 ], [ -87.740987, 41.738555 ], [ -87.740978, 41.738278 ], [ -87.740975, 41.738186 ], [ -87.740968, 41.737995 ], [ -87.74095, 41.737422 ], [ -87.740944, 41.737232 ], [ -87.740938, 41.737057 ], [ -87.740933, 41.736865 ], [ -87.74093, 41.736533 ], [ -87.740929, 41.736359 ], [ -87.740928, 41.736174 ], [ -87.740928, 41.736038 ], [ -87.740936, 41.735807 ], [ -87.740948, 41.73562 ], [ -87.740953, 41.735559 ], [ -87.740968, 41.735437 ], [ -87.740989, 41.735254 ], [ -87.74102, 41.734997 ], [ -87.741048, 41.734706 ], [ -87.7410587, 41.7345316 ], [ -87.7408178, 41.7345356 ], [ -87.7405514, 41.7345401 ], [ -87.732595, 41.7346741 ], [ -87.7214601, 41.734864 ], [ -87.711979, 41.7350287 ], [ -87.687395, 41.735444 ], [ -87.682514, 41.735525 ], [ -87.682487, 41.734725 ], [ -87.682485, 41.734657 ], [ -87.682468, 41.73393 ], [ -87.682417, 41.732327 ], [ -87.682392, 41.731528 ], [ -87.682382, 41.731233 ], [ -87.682355, 41.730352 ], [ -87.682346, 41.730058 ], [ -87.682335, 41.729693 ], [ -87.682302, 41.7286 ], [ -87.682291, 41.728236 ], [ -87.6821374, 41.7232251 ], [ -87.6820354, 41.71985 ], [ -87.6820372, 41.7195444 ], [ -87.6820328, 41.7194224 ], [ -87.6820305, 41.7193794 ], [ -87.6820193, 41.7191663 ], [ -87.681843, 41.713672 ], [ -87.691732, 41.713566 ], [ -87.6915127, 41.7072097 ], [ -87.6964721, 41.7071545 ], [ -87.701357, 41.70709 ], [ -87.7013298, 41.7061866 ], [ -87.7111059, 41.7060624 ], [ -87.711299, 41.711491 ], [ -87.7125408, 41.7114633 ], [ -87.7125778, 41.7132877 ], [ -87.7211176, 41.7131813 ], [ -87.7209152, 41.7058621 ], [ -87.7206399, 41.6987488 ], [ -87.7206336, 41.6985778 ], [ -87.7205533, 41.6966315 ], [ -87.7205039, 41.6954332 ], [ -87.7203323, 41.6912722 ], [ -87.7203311, 41.6912699 ], [ -87.7300364, 41.6910929 ], [ -87.7374718, 41.6909412 ], [ -87.7397399, 41.6908949 ], [ -87.739449, 41.683632 ], [ -87.7309899, 41.6837751 ], [ -87.7191897, 41.6839848 ], [ -87.7114994, 41.6840907 ], [ -87.711432, 41.6818218 ], [ -87.7116113, 41.681819 ], [ -87.7115928, 41.6813606 ], [ -87.7114104, 41.6813633 ], [ -87.7113732, 41.6804313 ], [ -87.710374, 41.680451 ], [ -87.7101024, 41.6804774 ], [ -87.7099376, 41.6805379 ], [ -87.705285, 41.680579 ], [ -87.7053555, 41.6823665 ], [ -87.70541, 41.6837481 ], [ -87.705417, 41.684187 ], [ -87.7005574, 41.6842674 ], [ -87.7005694, 41.6846533 ], [ -87.700624, 41.686134 ], [ -87.6994033, 41.6861508 ], [ -87.699473, 41.687933 ], [ -87.6957852, 41.6879864 ], [ -87.6956562, 41.6843372 ], [ -87.6858411, 41.6844759 ], [ -87.6856904, 41.6796222 ], [ -87.685699, 41.679031 ], [ -87.685726, 41.678847 ], [ -87.68576, 41.678619 ], [ -87.685847, 41.678372 ], [ -87.685867, 41.67831 ], [ -87.685927, 41.678134 ], [ -87.686012, 41.677947 ], [ -87.686014, 41.677943 ], [ -87.686275, 41.67739 ], [ -87.686363, 41.677205 ], [ -87.681928, 41.677296 ], [ -87.6807183, 41.6772363 ], [ -87.6801152, 41.6772272 ], [ -87.6799736, 41.6772251 ], [ -87.6798426, 41.6772262 ], [ -87.6787671, 41.6772272 ], [ -87.676893, 41.677257 ], [ -87.675162, 41.677288 ], [ -87.671878, 41.677342 ], [ -87.6686704, 41.6774209 ], [ -87.66785, 41.677419 ], [ -87.668549, 41.676127 ], [ -87.6671418, 41.675846 ], [ -87.666546, 41.6774419 ], [ -87.6652674, 41.6774862 ], [ -87.6650401, 41.6774943 ], [ -87.6613574, 41.6775512 ], [ -87.6613525, 41.6769181 ], [ -87.6613224, 41.6757182 ], [ -87.661151, 41.67033 ], [ -87.658795, 41.670335 ], [ -87.658652, 41.670285 ], [ -87.6564055, 41.6703134 ], [ -87.6488129, 41.6704307 ], [ -87.64167, 41.670539 ], [ -87.6415442, 41.6669835 ], [ -87.641423, 41.663246 ], [ -87.641668, 41.663242 ], [ -87.642053, 41.6632357 ], [ -87.642405, 41.66323 ], [ -87.642651, 41.663226 ], [ -87.642893, 41.663223 ], [ -87.643258, 41.663219 ], [ -87.643621, 41.663213 ], [ -87.643864, 41.66321 ], [ -87.644108, 41.663206 ], [ -87.6444681, 41.6631999 ], [ -87.644476, 41.663201 ], [ -87.64484, 41.663193 ], [ -87.645085, 41.663189 ], [ -87.645326, 41.663186 ], [ -87.645693, 41.663183 ], [ -87.646052, 41.663177 ], [ -87.646294, 41.663173 ], [ -87.646401, 41.663171 ], [ -87.646723, 41.663166 ], [ -87.6469034, 41.6631637 ], [ -87.6472191, 41.6631602 ], [ -87.6469734, 41.6570308 ], [ -87.645722, 41.657114 ], [ -87.642348, 41.657353 ], [ -87.641224, 41.657434 ], [ -87.640973, 41.657434 ], [ -87.6403267, 41.6574051 ], [ -87.6394289, 41.6573534 ], [ -87.6382348, 41.6572188 ], [ -87.6373078, 41.6571286 ], [ -87.6362521, 41.6570727 ], [ -87.6355301, 41.6570454 ], [ -87.6349073, 41.657054 ], [ -87.6341841, 41.6570622 ], [ -87.6335471, 41.6570867 ], [ -87.632879, 41.6571095 ], [ -87.6322267, 41.6572366 ], [ -87.6316698, 41.6574292 ], [ -87.6311605, 41.6576163 ], [ -87.6307134, 41.6578157 ], [ -87.6302759, 41.6580103 ], [ -87.629645, 41.6583368 ], [ -87.6288195, 41.6588894 ], [ -87.6279681, 41.6594521 ], [ -87.6269258, 41.6602559 ], [ -87.6259165, 41.6608979 ], [ -87.6252701, 41.6612548 ], [ -87.624441, 41.6616574 ], [ -87.6236117, 41.6620105 ], [ -87.6227856, 41.6621612 ], [ -87.6220514, 41.6621794 ], [ -87.6210236, 41.6620774 ], [ -87.6202662, 41.661772 ], [ -87.6197254, 41.661338 ], [ -87.6195326, 41.6610019 ], [ -87.6194006, 41.6605391 ], [ -87.6193869, 41.6601511 ], [ -87.6194111, 41.6598096 ], [ -87.6194931, 41.6594255 ], [ -87.6195275, 41.6592582 ], [ -87.6196189, 41.659093 ], [ -87.6184959, 41.6590743 ], [ -87.617911, 41.6590745 ], [ -87.6183403, 41.6544848 ], [ -87.6194953, 41.6524809 ], [ -87.6198057, 41.6518758 ], [ -87.6200734, 41.6508534 ], [ -87.6172237, 41.6503614 ], [ -87.6172337, 41.6499132 ], [ -87.6172262, 41.648419 ], [ -87.6172289, 41.6467366 ], [ -87.6172308, 41.6445867 ], [ -87.61425, 41.6445931 ], [ -87.6131632, 41.644602 ], [ -87.612305, 41.644602 ], [ -87.612257, 41.644602 ], [ -87.612091, 41.644601 ], [ -87.611982, 41.644601 ], [ -87.611452, 41.644602 ], [ -87.611239, 41.644603 ], [ -87.610961, 41.644603 ], [ -87.610622, 41.644603 ], [ -87.610415, 41.644602 ], [ -87.61013, 41.644603 ], [ -87.609853, 41.644604 ], [ -87.609614, 41.644605 ], [ -87.60925, 41.644608 ], [ -87.608898, 41.644608 ], [ -87.60866, 41.644608 ], [ -87.608539, 41.644608 ], [ -87.608179, 41.644608 ], [ -87.608059, 41.644608 ], [ -87.607676, 41.644608 ], [ -87.607379, 41.644609 ], [ -87.606528, 41.644609 ], [ -87.606146, 41.644609 ], [ -87.606065, 41.644609 ], [ -87.605822, 41.644609 ], [ -87.605742, 41.644609 ], [ -87.605242, 41.644609 ], [ -87.604864, 41.644609 ], [ -87.604429, 41.64461 ], [ -87.603743, 41.64461 ], [ -87.603244, 41.64461 ], [ -87.6029099, 41.644609 ], [ -87.601238, 41.644614 ], [ -87.599247, 41.644609 ], [ -87.598919, 41.644609 ], [ -87.598239, 41.644612 ], [ -87.597838, 41.644606 ], [ -87.597783, 41.644605 ], [ -87.595322, 41.644596 ], [ -87.59156, 41.644636 ], [ -87.588133, 41.644656 ], [ -87.5848539, 41.6446967 ], [ -87.580797, 41.644731 ], [ -87.5784609, 41.6447335 ], [ -87.574395, 41.644711 ], [ -87.5723584, 41.6446935 ], [ -87.571495, 41.644686 ], [ -87.571243, 41.644685 ], [ -87.570998, 41.644683 ], [ -87.570263, 41.644677 ], [ -87.570019, 41.644676 ], [ -87.569753, 41.644674 ], [ -87.568955, 41.644668 ], [ -87.568689, 41.644667 ], [ -87.568469, 41.644665 ], [ -87.567809, 41.64466 ], [ -87.567589, 41.644659 ], [ -87.56736, 41.644657 ], [ -87.566673, 41.644652 ], [ -87.566444, 41.644651 ], [ -87.566207, 41.644649 ], [ -87.565496, 41.644644 ], [ -87.565259, 41.644643 ], [ -87.565021, 41.644641 ], [ -87.564309, 41.644636 ], [ -87.564072, 41.644635 ], [ -87.5473056, 41.6445865 ], [ -87.5428112, 41.6445798 ], [ -87.5399292, 41.6445469 ], [ -87.538535, 41.644531 ], [ -87.535937, 41.644547 ], [ -87.529607, 41.644589 ], [ -87.528343, 41.644597 ], [ -87.528332, 41.644597 ], [ -87.527079, 41.644605 ], [ -87.5250866, 41.6445976 ], [ -87.5246566, 41.6917295 ], [ -87.5246562, 41.6917999 ], [ -87.5246542, 41.6919394 ], [ -87.5246495, 41.69227 ], [ -87.5245029, 41.7026825 ], [ -87.5244804, 41.7084901 ], [ -87.5245017, 41.7085079 ], [ -87.5245714, 41.708553 ], [ -87.5246021, 41.7085729 ], [ -87.52472, 41.7086107 ], [ -87.5247767, 41.708654 ], [ -87.5248154, 41.7086943 ], [ -87.5248595, 41.7087533 ], [ -87.524934, 41.7088489 ], [ -87.5249982, 41.708947 ], [ -87.5247799, 41.7090931 ], [ -87.5245411, 41.7092614 ], [ -87.5244578, 41.7092518 ], [ -87.5243902, 41.7092556 ], [ -87.5242416, 41.7092796 ], [ -87.5241602, 41.7092907 ], [ -87.524094, 41.7093124 ], [ -87.5240812, 41.7093675 ], [ -87.5241213, 41.7094378 ], [ -87.5241982, 41.70952 ], [ -87.5242634, 41.7095509 ], [ -87.5243605, 41.7095677 ], [ -87.524442, 41.7095812 ], [ -87.5245297, 41.7096201 ], [ -87.524918, 41.7099736 ], [ -87.5252805, 41.710078 ], [ -87.5253227, 41.7101204 ], [ -87.5255916, 41.7103904 ], [ -87.5257064, 41.7104386 ], [ -87.5258435, 41.710456 ], [ -87.5259155, 41.7104549 ], [ -87.5259779, 41.7104304 ], [ -87.5260309, 41.7103773 ], [ -87.5260315, 41.7102943 ], [ -87.5259564, 41.7101741 ], [ -87.5259959, 41.710047 ], [ -87.5261982, 41.7099509 ], [ -87.5264656, 41.7099577 ], [ -87.526704, 41.7100044 ], [ -87.5269315, 41.7100785 ], [ -87.5270766, 41.7101543 ], [ -87.527255, 41.7102751 ], [ -87.5276364, 41.7105808 ], [ -87.5280781, 41.7108906 ], [ -87.5281267, 41.7109523 ], [ -87.5281353, 41.7110113 ], [ -87.5264693, 41.712282 ], [ -87.526499, 41.7123028 ], [ -87.5265225, 41.7123192 ], [ -87.5267681, 41.7125009 ], [ -87.5272242, 41.7128847 ], [ -87.5273587, 41.7130215 ], [ -87.5274406, 41.7130385 ], [ -87.5277084, 41.713366 ], [ -87.5277183, 41.7134173 ], [ -87.527743, 41.7134599 ], [ -87.5277793, 41.7134909 ], [ -87.5278058, 41.7135055 ], [ -87.5278297, 41.7135129 ], [ -87.5280051, 41.713864 ], [ -87.5281466, 41.7142328 ], [ -87.5282251, 41.714436 ], [ -87.5284179, 41.7146888 ], [ -87.5285992, 41.7150611 ], [ -87.528672, 41.7154725 ], [ -87.5286572, 41.7156949 ], [ -87.5286117, 41.7157918 ], [ -87.5285822, 41.7158272 ], [ -87.5285634, 41.7158511 ], [ -87.5283335, 41.7161049 ], [ -87.528088, 41.7163203 ], [ -87.5278936, 41.7164661 ], [ -87.5275132, 41.7167036 ], [ -87.5272975, 41.716815 ], [ -87.5272897, 41.7168352 ], [ -87.5272223, 41.7168792 ], [ -87.5270265, 41.7169505 ], [ -87.5269712, 41.7169626 ], [ -87.5269164, 41.7169417 ], [ -87.5268253, 41.7168766 ], [ -87.5267805, 41.7169041 ], [ -87.5267745, 41.7169381 ], [ -87.5267957, 41.7170027 ], [ -87.5265151, 41.7170954 ], [ -87.5266068, 41.7172501 ], [ -87.5265132, 41.7172812 ], [ -87.5264967, 41.7172867 ], [ -87.5264094, 41.7171293 ], [ -87.5264034, 41.7171326 ], [ -87.5260005, 41.717259 ], [ -87.5257976, 41.7173224 ], [ -87.5258078, 41.7173411 ], [ -87.525721, 41.7173548 ], [ -87.5256034, 41.7173721 ], [ -87.5254576, 41.7173859 ], [ -87.5253043, 41.7173964 ], [ -87.5244674, 41.7174099 ], [ -87.5244702, 41.7178006 ], [ -87.5244987, 41.7178137 ], [ -87.5244989, 41.7180398 ], [ -87.524596, 41.7180348 ], [ -87.5247387, 41.718044 ], [ -87.5248799, 41.7180728 ], [ -87.5249771, 41.7181122 ], [ -87.5249702, 41.7181211 ], [ -87.5249408, 41.7181592 ], [ -87.525067, 41.7182126 ], [ -87.525276, 41.7184709 ], [ -87.5253684, 41.7186144 ], [ -87.5253924, 41.7186544 ], [ -87.5254017, 41.7186585 ], [ -87.5254422, 41.7187374 ], [ -87.5255022, 41.7188599 ], [ -87.5255192, 41.7189349 ], [ -87.5255572, 41.7190374 ], [ -87.5255896, 41.7192272 ], [ -87.5256075, 41.7194295 ], [ -87.5256021, 41.7195037 ], [ -87.5256003, 41.7196289 ], [ -87.525619, 41.7196342 ], [ -87.525591, 41.7200732 ], [ -87.5255663, 41.7203761 ], [ -87.5255301, 41.7205823 ], [ -87.5255009, 41.7207111 ], [ -87.5254556, 41.7208075 ], [ -87.5253085, 41.7207756 ], [ -87.5252611, 41.7208889 ], [ -87.5254112, 41.7209214 ], [ -87.5252331, 41.7212371 ], [ -87.5250884, 41.7214279 ], [ -87.5249492, 41.7213104 ], [ -87.524837, 41.7213846 ], [ -87.5250073, 41.7215282 ], [ -87.5248777, 41.7216578 ], [ -87.5247598, 41.7217534 ], [ -87.5246722, 41.7218119 ], [ -87.5244923, 41.721799 ], [ -87.5244915, 41.7218944 ], [ -87.5244623, 41.7219057 ], [ -87.5244657, 41.7232019 ], [ -87.5244546, 41.7234122 ], [ -87.5245325, 41.728057 ], [ -87.5244808, 41.7281831 ], [ -87.5244994, 41.7287905 ], [ -87.5245315, 41.7298425 ], [ -87.5245854, 41.7306736 ], [ -87.5246063, 41.7309957 ], [ -87.5246548, 41.7311664 ], [ -87.5247828, 41.7313129 ], [ -87.5249563, 41.7314412 ], [ -87.5252227, 41.7315534 ], [ -87.5258457, 41.7316548 ], [ -87.526843, 41.731817 ], [ -87.529143, 41.7321158 ], [ -87.5292473, 41.7323214 ], [ -87.5294713, 41.7323848 ], [ -87.5291827, 41.7330964 ], [ -87.5289953, 41.7337081 ], [ -87.5290022, 41.7337258 ], [ -87.5289386, 41.7337782 ], [ -87.5289288, 41.7338935 ], [ -87.5290458, 41.7342566 ], [ -87.5290817, 41.7346141 ], [ -87.5291028, 41.7347502 ], [ -87.5292107, 41.7355562 ], [ -87.5292915, 41.7360402 ], [ -87.5295097, 41.7376905 ], [ -87.5294866, 41.7376912 ], [ -87.5294935, 41.7377516 ], [ -87.5295144, 41.7377506 ], [ -87.5295943, 41.7383062 ], [ -87.5296444, 41.7386812 ], [ -87.5296167, 41.7386833 ], [ -87.5296237, 41.7387407 ], [ -87.5296522, 41.7387395 ], [ -87.5296578, 41.7387809 ], [ -87.52971, 41.7393361 ], [ -87.5297472, 41.7395285 ], [ -87.5297615, 41.7395841 ], [ -87.5298033, 41.7400923 ], [ -87.5298789, 41.7401128 ], [ -87.5299003, 41.7402772 ], [ -87.5298284, 41.7403088 ], [ -87.5298391, 41.740355 ], [ -87.5298169, 41.740356 ], [ -87.5298586, 41.7406119 ], [ -87.5311048, 41.7405995 ], [ -87.5322854, 41.7405857 ], [ -87.5327379, 41.740577 ], [ -87.5339199, 41.7405672 ], [ -87.5363541, 41.7405351 ], [ -87.5387476, 41.7405081 ], [ -87.5395911, 41.7404964 ], [ -87.5395893, 41.7407449 ], [ -87.5395277, 41.7407465 ], [ -87.5395291, 41.7407663 ], [ -87.5395152, 41.7407665 ], [ -87.5395185, 41.7409807 ], [ -87.5395257, 41.7409809 ], [ -87.539534, 41.7410098 ], [ -87.5395346, 41.7410172 ], [ -87.5395179, 41.7410167 ], [ -87.539518, 41.7410275 ], [ -87.531215, 41.7411289 ], [ -87.5310666, 41.7411279 ], [ -87.5306866, 41.7411301 ], [ -87.530449, 41.7411892 ], [ -87.5302845, 41.7412008 ], [ -87.5301633, 41.7412204 ], [ -87.5300227, 41.7412589 ], [ -87.5299212, 41.7413416 ], [ -87.5299254, 41.7413779 ], [ -87.5299341, 41.7414437 ], [ -87.5299542, 41.7415198 ], [ -87.5299973, 41.7416826 ], [ -87.5300291, 41.741803 ], [ -87.5300322, 41.7422676 ], [ -87.5301411, 41.7426719 ], [ -87.5301559, 41.7427806 ], [ -87.5302868, 41.7437405 ], [ -87.5303706, 41.7443615 ], [ -87.5303775, 41.7444124 ], [ -87.530499, 41.7452054 ], [ -87.5306306, 41.7463303 ], [ -87.5307658, 41.7472492 ], [ -87.5308645, 41.7478879 ], [ -87.5309721, 41.7480795 ], [ -87.5312279, 41.7482153 ], [ -87.5325103, 41.748733 ], [ -87.5341008, 41.7493931 ], [ -87.5348989, 41.7497189 ], [ -87.5371687, 41.7506127 ], [ -87.5395728, 41.7515766 ], [ -87.540336, 41.7518552 ], [ -87.5405937, 41.7519219 ], [ -87.5411783, 41.7519514 ], [ -87.5416237, 41.7519565 ], [ -87.5425264, 41.7519383 ], [ -87.5428356, 41.7519963 ], [ -87.5430156, 41.7520521 ], [ -87.5431384, 41.7521073 ], [ -87.543235, 41.7521679 ], [ -87.5433003, 41.752225 ], [ -87.5433676, 41.7523342 ], [ -87.5435223, 41.7526933 ], [ -87.5437794, 41.7532571 ], [ -87.5440993, 41.7540973 ], [ -87.5441767, 41.7541633 ], [ -87.5441931, 41.7542743 ], [ -87.5441907, 41.754358 ], [ -87.544159, 41.7543892 ], [ -87.54416, 41.7544222 ], [ -87.5441941, 41.7544485 ], [ -87.5441903, 41.7545072 ], [ -87.544103, 41.7547314 ], [ -87.5440624, 41.7548527 ], [ -87.5439618, 41.7549361 ], [ -87.5438946, 41.7549987 ], [ -87.5438763, 41.7550818 ], [ -87.5438666, 41.7551259 ], [ -87.5438889, 41.7552061 ], [ -87.5438308, 41.7552537 ], [ -87.5426142, 41.7560147 ], [ -87.5410509, 41.756971 ], [ -87.5410222, 41.7569976 ], [ -87.5409976, 41.7570148 ], [ -87.5409173, 41.7570034 ], [ -87.5405654, 41.7572252 ], [ -87.5405565, 41.7573084 ], [ -87.5410993, 41.757806 ], [ -87.5412565, 41.757853 ], [ -87.5416666, 41.7578479 ], [ -87.5425913, 41.7587068 ], [ -87.5424701, 41.7589726 ], [ -87.5425026, 41.7590855 ], [ -87.5425386, 41.7591553 ], [ -87.5425888, 41.7592275 ], [ -87.5431243, 41.7597069 ], [ -87.543271, 41.7597357 ], [ -87.5442625, 41.7606459 ], [ -87.5443144, 41.7606781 ], [ -87.5444262, 41.7607012 ], [ -87.5444486, 41.7606557 ], [ -87.5445229, 41.7605568 ], [ -87.5447176, 41.7604333 ], [ -87.5450224, 41.7603563 ], [ -87.5451342, 41.7602699 ], [ -87.5456965, 41.7594936 ], [ -87.5460423, 41.7592574 ], [ -87.5463103, 41.7591251 ], [ -87.5465102, 41.7590264 ], [ -87.546993, 41.7589121 ], [ -87.5475118, 41.7588591 ], [ -87.5480832, 41.7588138 ], [ -87.548247, 41.7588333 ], [ -87.5489721, 41.7589195 ], [ -87.5492086, 41.7589726 ], [ -87.5504069, 41.7593907 ], [ -87.5511154, 41.7596792 ], [ -87.5522523, 41.7601422 ], [ -87.5528881, 41.7604339 ], [ -87.5538589, 41.7608895 ], [ -87.5541939, 41.7611171 ], [ -87.5544002, 41.7613506 ], [ -87.5545324, 41.7615597 ], [ -87.5546123, 41.7617406 ], [ -87.5545755, 41.7618304 ], [ -87.5545577, 41.7618829 ], [ -87.5545887, 41.7619047 ], [ -87.5546334, 41.761936 ], [ -87.5552308, 41.7616587 ], [ -87.5559912, 41.7619705 ], [ -87.5560454, 41.7620701 ], [ -87.5560278, 41.7621642 ], [ -87.5560125, 41.7622149 ], [ -87.5560603, 41.7622441 ], [ -87.556198, 41.7622417 ], [ -87.5563149, 41.7622057 ], [ -87.5565104, 41.7622795 ], [ -87.5566188, 41.7623641 ], [ -87.5566478, 41.7623663 ], [ -87.5566767, 41.7623839 ], [ -87.5567339, 41.7624217 ], [ -87.5568053, 41.7624912 ], [ -87.5568633, 41.7625499 ], [ -87.5571321, 41.7627 ], [ -87.557449, 41.7628544 ], [ -87.5576627, 41.7630821 ], [ -87.5575807, 41.7631236 ], [ -87.5584533, 41.7640176 ], [ -87.5589778, 41.7637353 ], [ -87.5591927, 41.7639562 ], [ -87.5591639, 41.7639825 ], [ -87.5593689, 41.764207 ], [ -87.5594131, 41.7641856 ], [ -87.5596507, 41.7644428 ], [ -87.5595019, 41.7645231 ], [ -87.5594696, 41.7645773 ], [ -87.5595118, 41.7646538 ], [ -87.5595052, 41.7646806 ], [ -87.5594476, 41.7647283 ], [ -87.5594472, 41.7647555 ], [ -87.5595257, 41.7648567 ], [ -87.5596766, 41.7649898 ], [ -87.559724, 41.7649963 ], [ -87.5598214, 41.7650024 ], [ -87.5599076, 41.7649957 ], [ -87.5599599, 41.76497 ], [ -87.5601567, 41.7650965 ], [ -87.5601872, 41.7651287 ], [ -87.5603669, 41.7653209 ], [ -87.5605157, 41.7655778 ], [ -87.5604694, 41.7656154 ], [ -87.5604301, 41.7656933 ], [ -87.5603994, 41.7658205 ], [ -87.5603802, 41.7660564 ], [ -87.5603671, 41.7661266 ], [ -87.5603476, 41.7662611 ], [ -87.5601728, 41.7663588 ], [ -87.5600742, 41.7663927 ], [ -87.5599087, 41.7664415 ], [ -87.559679, 41.7665001 ], [ -87.5595874, 41.7665472 ], [ -87.5594757, 41.7665682 ], [ -87.5594079, 41.7665805 ], [ -87.5593235, 41.7666063 ], [ -87.5593164, 41.7666611 ], [ -87.5594177, 41.7674566 ], [ -87.5594251, 41.7678644 ], [ -87.5594222, 41.7679908 ], [ -87.5594277, 41.7687879 ], [ -87.5594131, 41.7692463 ], [ -87.559432, 41.7692728 ], [ -87.5595862, 41.7692693 ], [ -87.5599284, 41.7689328 ], [ -87.5602293, 41.7685697 ], [ -87.5608639, 41.7687083 ], [ -87.561415, 41.768863 ], [ -87.5619916, 41.7691346 ], [ -87.5624545, 41.7693962 ], [ -87.5627775, 41.7698861 ], [ -87.5628163, 41.7700592 ], [ -87.563105, 41.7703506 ], [ -87.5632909, 41.7707724 ], [ -87.5634204, 41.771412 ], [ -87.563334, 41.7717156 ], [ -87.5634224, 41.771907 ], [ -87.5635878, 41.7721095 ], [ -87.5638991, 41.7721056 ], [ -87.5649764, 41.7725879 ], [ -87.5650746, 41.7726542 ], [ -87.5659129, 41.7731603 ], [ -87.5662045, 41.7734192 ], [ -87.5660953, 41.7735914 ], [ -87.5660943, 41.7736686 ], [ -87.5662123, 41.7738065 ], [ -87.5663215, 41.7739179 ], [ -87.5664449, 41.7739826 ], [ -87.5666493, 41.7740237 ], [ -87.5667472, 41.7741106 ], [ -87.566845, 41.7741975 ], [ -87.5679085, 41.7756519 ], [ -87.568256, 41.7760594 ], [ -87.5686266, 41.7764065 ], [ -87.5690805, 41.7767594 ], [ -87.5690813, 41.7767599 ], [ -87.5695776, 41.7770264 ], [ -87.5700104, 41.7772111 ], [ -87.5704532, 41.7774794 ], [ -87.5711582, 41.7780505 ], [ -87.5717233, 41.7785561 ], [ -87.5717876, 41.7785768 ], [ -87.5721635, 41.7790686 ], [ -87.5721757, 41.7791085 ], [ -87.5722267, 41.7792217 ], [ -87.5723468, 41.779356 ], [ -87.5725068, 41.7794359 ], [ -87.5725545, 41.7794877 ], [ -87.5724009, 41.7798301 ], [ -87.5724803, 41.7798519 ], [ -87.5729558, 41.7799085 ], [ -87.573112, 41.780263 ], [ -87.5721611, 41.7805664 ], [ -87.5711115, 41.7809085 ], [ -87.5707406, 41.7809992 ], [ -87.5707353, 41.7809884 ], [ -87.5686917, 41.7814789 ], [ -87.5683235, 41.781568 ], [ -87.5683012, 41.7816515 ], [ -87.5683026, 41.781704 ], [ -87.5675627, 41.784604 ], [ -87.5676778, 41.7846186 ], [ -87.5684312, 41.7816343 ], [ -87.5688372, 41.781529 ], [ -87.5692097, 41.7814175 ], [ -87.5704198, 41.7811269 ], [ -87.571733, 41.7815911 ], [ -87.573071, 41.7821232 ], [ -87.5746794, 41.7829098 ], [ -87.5761074, 41.7836371 ], [ -87.5761554, 41.7837369 ], [ -87.576518, 41.7844903 ], [ -87.5768272, 41.785205 ], [ -87.5770457, 41.7857817 ], [ -87.5771376, 41.7860628 ], [ -87.5772526, 41.7864544 ], [ -87.5773409, 41.7868502 ], [ -87.5773684, 41.7870921 ], [ -87.5773578, 41.7874144 ], [ -87.5773123, 41.7878154 ], [ -87.577274, 41.7880994 ], [ -87.5771718, 41.7881123 ], [ -87.5771736, 41.7881219 ], [ -87.5771757, 41.7881461 ], [ -87.5771826, 41.7881836 ], [ -87.577184, 41.7881947 ], [ -87.5772095, 41.7882146 ], [ -87.5772524, 41.7882124 ], [ -87.5772727, 41.7883668 ], [ -87.5772224, 41.7883697 ], [ -87.5771998, 41.7883921 ], [ -87.5772018, 41.7884138 ], [ -87.5767072, 41.788435 ], [ -87.5767129, 41.7884976 ], [ -87.5763593, 41.7885149 ], [ -87.5747844, 41.7885967 ], [ -87.5747893, 41.7886496 ], [ -87.5763658, 41.7885675 ], [ -87.5765604, 41.7886925 ], [ -87.5770538, 41.7890005 ], [ -87.5775175, 41.7893399 ], [ -87.5780672, 41.7897703 ], [ -87.578026, 41.7898498 ], [ -87.5780461, 41.7900362 ], [ -87.5781269, 41.790292 ], [ -87.5783648, 41.7907409 ], [ -87.5786222, 41.7912101 ], [ -87.5788242, 41.791538 ], [ -87.5790063, 41.7919408 ], [ -87.5791552, 41.7922517 ], [ -87.5791641, 41.7923072 ], [ -87.5791613, 41.7924067 ], [ -87.5790568, 41.7924173 ], [ -87.5790212, 41.7924519 ], [ -87.5790192, 41.7924877 ], [ -87.5792979, 41.7926587 ], [ -87.5792872, 41.7927072 ], [ -87.5792811, 41.7927905 ], [ -87.5792658, 41.7930138 ], [ -87.579279, 41.793285 ], [ -87.5792285, 41.7933366 ], [ -87.5792233, 41.7933813 ], [ -87.5792949, 41.7934415 ], [ -87.5792816, 41.7935326 ], [ -87.5792344, 41.7936831 ], [ -87.5790857, 41.7939444 ], [ -87.5790368, 41.7940782 ], [ -87.578998, 41.794181 ], [ -87.5789737, 41.794203 ], [ -87.5789081, 41.7942696 ], [ -87.5787735, 41.794399 ], [ -87.5786652, 41.7944834 ], [ -87.5785772, 41.794552 ], [ -87.5784003, 41.7946768 ], [ -87.5782215, 41.7947746 ], [ -87.5780261, 41.7948575 ], [ -87.5778269, 41.7949284 ], [ -87.5776562, 41.7949825 ], [ -87.5774851, 41.7950238 ], [ -87.5772586, 41.7950646 ], [ -87.5770439, 41.7950949 ], [ -87.5769313, 41.7951107 ], [ -87.5768711, 41.7951106 ], [ -87.5768111, 41.7950988 ], [ -87.5767654, 41.7950727 ], [ -87.5767159, 41.7950605 ], [ -87.5766491, 41.7950584 ], [ -87.5765978, 41.7950659 ], [ -87.576562, 41.7950812 ], [ -87.5765245, 41.7950933 ], [ -87.5764851, 41.7950989 ], [ -87.5764308, 41.7951019 ], [ -87.5763655, 41.7950878 ], [ -87.5762905, 41.7950783 ], [ -87.5762178, 41.7950807 ], [ -87.5761155, 41.7951072 ], [ -87.5760161, 41.7951607 ], [ -87.575869, 41.7952931 ], [ -87.5757917, 41.7953487 ], [ -87.5756916, 41.7953881 ], [ -87.575589, 41.7954153 ], [ -87.5754646, 41.7954274 ], [ -87.5754211, 41.7954482 ], [ -87.5753972, 41.7954989 ], [ -87.5753926, 41.7956274 ], [ -87.575368, 41.795752 ], [ -87.5753168, 41.7958761 ], [ -87.5752659, 41.7959884 ], [ -87.5752148, 41.7960873 ], [ -87.5751848, 41.7961625 ], [ -87.5751756, 41.7962238 ], [ -87.5751826, 41.7962721 ], [ -87.5752024, 41.7963202 ], [ -87.5752301, 41.7963776 ], [ -87.5752457, 41.7964443 ], [ -87.5752499, 41.7964956 ], [ -87.5752639, 41.7965573 ], [ -87.5752927, 41.7966134 ], [ -87.5753373, 41.796664 ], [ -87.5754034, 41.7967078 ], [ -87.5754691, 41.7967401 ], [ -87.5755425, 41.7967869 ], [ -87.5756022, 41.7968399 ], [ -87.575672, 41.7968912 ], [ -87.5757978, 41.796959 ], [ -87.5759152, 41.7969923 ], [ -87.576133, 41.7970341 ], [ -87.5763413, 41.7970587 ], [ -87.5764988, 41.7970669 ], [ -87.5766281, 41.7970537 ], [ -87.5771734, 41.7969144 ], [ -87.5775007, 41.796869 ], [ -87.5778082, 41.7969036 ], [ -87.5781041, 41.7969741 ], [ -87.5783383, 41.7970815 ], [ -87.5784423, 41.7971835 ], [ -87.5785813, 41.7972807 ], [ -87.5786556, 41.7973274 ], [ -87.5788414, 41.7974542 ], [ -87.5789811, 41.7975071 ], [ -87.5795508, 41.7979245 ], [ -87.579772, 41.7982528 ], [ -87.579861, 41.7983912 ], [ -87.5798169, 41.7984994 ], [ -87.5801028, 41.7990942 ], [ -87.5803111, 41.7997087 ], [ -87.5804597, 41.8003376 ], [ -87.5805303, 41.8009633 ], [ -87.580534, 41.8016042 ], [ -87.5804795, 41.8022225 ], [ -87.5804096, 41.8025745 ], [ -87.580362, 41.8027911 ], [ -87.5803222, 41.8028146 ], [ -87.5803349, 41.8028814 ], [ -87.5803869, 41.8029103 ], [ -87.5804625, 41.8029578 ], [ -87.5801435, 41.8034809 ], [ -87.5800692, 41.8035224 ], [ -87.5800057, 41.8036876 ], [ -87.5800476, 41.8037913 ], [ -87.5801561, 41.8039298 ], [ -87.5802652, 41.804017 ], [ -87.5803131, 41.8040352 ], [ -87.5806674, 41.8042133 ], [ -87.5807471, 41.8042202 ], [ -87.5809651, 41.8042087 ], [ -87.5810811, 41.8042307 ], [ -87.5812293, 41.8042762 ], [ -87.5813752, 41.8043725 ], [ -87.581455, 41.8044517 ], [ -87.5815242, 41.8045577 ], [ -87.581684, 41.8046829 ], [ -87.582216, 41.805076 ], [ -87.5828996, 41.8055569 ], [ -87.5829093, 41.8055933 ], [ -87.582966, 41.8056405 ], [ -87.5830473, 41.8056663 ], [ -87.5832039, 41.8057761 ], [ -87.5833086, 41.8058287 ], [ -87.5842119, 41.8064272 ], [ -87.5845187, 41.8066227 ], [ -87.5847011, 41.8067699 ], [ -87.5849762, 41.807028 ], [ -87.5851681, 41.8072328 ], [ -87.5855115, 41.8077534 ], [ -87.5856199, 41.807941 ], [ -87.585701, 41.8080634 ], [ -87.5857733, 41.8081555 ], [ -87.5858445, 41.8082673 ], [ -87.585991, 41.8085082 ], [ -87.5860492, 41.8086322 ], [ -87.586074, 41.808681 ], [ -87.5861039, 41.8087503 ], [ -87.5861319, 41.808873 ], [ -87.5861609, 41.8090009 ], [ -87.5862718, 41.8091462 ], [ -87.5863032, 41.8091886 ], [ -87.5863224, 41.8092117 ], [ -87.5863796, 41.8092601 ], [ -87.5864249, 41.8093158 ], [ -87.5864514, 41.8093591 ], [ -87.5864539, 41.8093979 ], [ -87.5864396, 41.8094381 ], [ -87.5864565, 41.8094686 ], [ -87.5864922, 41.8095306 ], [ -87.5865859, 41.8096481 ], [ -87.5867817, 41.8098559 ], [ -87.5868615, 41.8099685 ], [ -87.5869201, 41.810084 ], [ -87.5869643, 41.8101953 ], [ -87.587002, 41.8103259 ], [ -87.5870339, 41.8104835 ], [ -87.5870445, 41.8106135 ], [ -87.587042, 41.8107314 ], [ -87.5869643, 41.811162 ], [ -87.5869635, 41.8112123 ], [ -87.5870071, 41.8112392 ], [ -87.5870251, 41.8112675 ], [ -87.5870785, 41.8113778 ], [ -87.5872594, 41.8116227 ], [ -87.5873401, 41.8117407 ], [ -87.5874153, 41.8118325 ], [ -87.5874627, 41.8118801 ], [ -87.5875091, 41.8119097 ], [ -87.5875715, 41.8119345 ], [ -87.5876521, 41.8119528 ], [ -87.5877288, 41.8119799 ], [ -87.5877431, 41.812015 ], [ -87.5878113, 41.812016 ], [ -87.5878965, 41.812021 ], [ -87.5880195, 41.8120163 ], [ -87.588136, 41.812033 ], [ -87.5882114, 41.8120393 ], [ -87.5882803, 41.8120568 ], [ -87.5883298, 41.8120759 ], [ -87.5883911, 41.8121076 ], [ -87.5884758, 41.812142 ], [ -87.5885661, 41.812201 ], [ -87.5886529, 41.8122558 ], [ -87.5887345, 41.812316 ], [ -87.5887792, 41.8123756 ], [ -87.5888196, 41.8124113 ], [ -87.5888377, 41.8124498 ], [ -87.5888739, 41.8125092 ], [ -87.5889126, 41.8126035 ], [ -87.5889666, 41.8126916 ], [ -87.589005, 41.8127491 ], [ -87.589075, 41.812803 ], [ -87.5890827, 41.8128089 ], [ -87.5891571, 41.8128854 ], [ -87.5891359, 41.8129643 ], [ -87.5891362, 41.8130315 ], [ -87.5891832, 41.8130761 ], [ -87.589349, 41.8131636 ], [ -87.5894686, 41.8130421 ], [ -87.5894583, 41.8130713 ], [ -87.5894527, 41.8130993 ], [ -87.589457, 41.8131306 ], [ -87.5894766, 41.8131648 ], [ -87.5895242, 41.8132064 ], [ -87.589834, 41.8134694 ], [ -87.5899798, 41.8136192 ], [ -87.5900481, 41.8137143 ], [ -87.590088, 41.8137879 ], [ -87.5901197, 41.8138584 ], [ -87.5901428, 41.8139281 ], [ -87.5901604, 41.8139883 ], [ -87.5901729, 41.8140534 ], [ -87.5901855, 41.8142157 ], [ -87.590203, 41.8143286 ], [ -87.5902225, 41.814441 ], [ -87.5902461, 41.8145172 ], [ -87.590278, 41.8145761 ], [ -87.5903324, 41.8146518 ], [ -87.5903891, 41.8147169 ], [ -87.5904621, 41.8147781 ], [ -87.5905302, 41.8148353 ], [ -87.5906145, 41.8148958 ], [ -87.5906935, 41.8149647 ], [ -87.5907599, 41.8150254 ], [ -87.5908169, 41.8150907 ], [ -87.5908607, 41.8151549 ], [ -87.5909115, 41.8152476 ], [ -87.59096, 41.8153552 ], [ -87.590999, 41.8154443 ], [ -87.5910404, 41.8155317 ], [ -87.5910869, 41.8156173 ], [ -87.5911406, 41.8157024 ], [ -87.5912027, 41.815785 ], [ -87.5912942, 41.8158796 ], [ -87.5913544, 41.8159361 ], [ -87.5914286, 41.8159965 ], [ -87.5915226, 41.8160633 ], [ -87.5916736, 41.8161688 ], [ -87.5917538, 41.8162272 ], [ -87.5918438, 41.8162988 ], [ -87.5919181, 41.816366 ], [ -87.5919854, 41.8164347 ], [ -87.5920489, 41.8165088 ], [ -87.5920867, 41.816569 ], [ -87.5921183, 41.8166236 ], [ -87.5921439, 41.816683 ], [ -87.5921636, 41.8167595 ], [ -87.5921745, 41.8168231 ], [ -87.5921845, 41.816954 ], [ -87.5922102, 41.8175658 ], [ -87.5922178, 41.8176696 ], [ -87.5922487, 41.817759 ], [ -87.5924193, 41.818038 ], [ -87.5926173, 41.818302 ], [ -87.5926886, 41.8183836 ], [ -87.5928147, 41.8184804 ], [ -87.5930036, 41.8185922 ], [ -87.5931575, 41.8186544 ], [ -87.5933186, 41.818708 ], [ -87.593383, 41.8187373 ], [ -87.5935043, 41.8188086 ], [ -87.5935899, 41.8188915 ], [ -87.5936847, 41.8190144 ], [ -87.5937826, 41.8190856 ], [ -87.5945206, 41.8195579 ], [ -87.5947158, 41.8197712 ], [ -87.5948805, 41.820001 ], [ -87.5949075, 41.8200494 ], [ -87.5949136, 41.8200908 ], [ -87.5948997, 41.8201367 ], [ -87.5942067, 41.8214092 ], [ -87.5941856, 41.8214164 ], [ -87.5941709, 41.8214304 ], [ -87.5941617, 41.8214472 ], [ -87.5941605, 41.8214631 ], [ -87.5941636, 41.8214769 ], [ -87.5941716, 41.8214911 ], [ -87.5941921, 41.821504 ], [ -87.5942142, 41.8215131 ], [ -87.5942414, 41.8215137 ], [ -87.5942664, 41.8215069 ], [ -87.5942868, 41.8214968 ], [ -87.5942997, 41.8214836 ], [ -87.5943034, 41.8214673 ], [ -87.5943057, 41.821452 ], [ -87.5942989, 41.8214351 ], [ -87.5944556, 41.8211412 ], [ -87.5946457, 41.821228 ], [ -87.5948817, 41.8213285 ], [ -87.5950331, 41.8214115 ], [ -87.5951681, 41.8214983 ], [ -87.5953081, 41.8216142 ], [ -87.595445, 41.8217224 ], [ -87.595614, 41.8218283 ], [ -87.5959085, 41.822002 ], [ -87.5961581, 41.8221239 ], [ -87.5964008, 41.8222305 ], [ -87.5967511, 41.8223659 ], [ -87.5968396, 41.8224079 ], [ -87.5969152, 41.8224668 ], [ -87.5969006, 41.8225155 ], [ -87.5969005, 41.8225604 ], [ -87.5969163, 41.822597 ], [ -87.5969351, 41.8226098 ], [ -87.5970027, 41.8226195 ], [ -87.5970577, 41.8228262 ], [ -87.5970839, 41.8229175 ], [ -87.5971095, 41.8230067 ], [ -87.5971344, 41.8230662 ], [ -87.5971833, 41.8231397 ], [ -87.5973437, 41.8233773 ], [ -87.5968257, 41.8235556 ], [ -87.5968131, 41.8235518 ], [ -87.5967974, 41.8235517 ], [ -87.5967741, 41.8235554 ], [ -87.5967571, 41.823562 ], [ -87.5967448, 41.8235719 ], [ -87.5967366, 41.8235827 ], [ -87.596731, 41.8236143 ], [ -87.5967352, 41.8236287 ], [ -87.5967455, 41.823638 ], [ -87.5967625, 41.8236497 ], [ -87.5967834, 41.8236566 ], [ -87.5968053, 41.8236586 ], [ -87.5968279, 41.8236547 ], [ -87.5968473, 41.8236474 ], [ -87.5968627, 41.8236347 ], [ -87.5968704, 41.8236203 ], [ -87.5973894, 41.8234383 ], [ -87.5974495, 41.8235426 ], [ -87.5974976, 41.8236325 ], [ -87.5975677, 41.8237862 ], [ -87.5976308, 41.823983 ], [ -87.5976643, 41.8241199 ], [ -87.5976855, 41.8242789 ], [ -87.5976986, 41.8244058 ], [ -87.5976971, 41.8245229 ], [ -87.5976919, 41.8246326 ], [ -87.5976771, 41.8247569 ], [ -87.5976595, 41.8248547 ], [ -87.597635, 41.8249524 ], [ -87.5975706, 41.8251737 ], [ -87.5975454, 41.8252704 ], [ -87.5975232, 41.8253716 ], [ -87.5975108, 41.8254718 ], [ -87.5975028, 41.8255662 ], [ -87.5975074, 41.8256716 ], [ -87.5975207, 41.8257655 ], [ -87.5975369, 41.8258538 ], [ -87.5975753, 41.8259729 ], [ -87.5976054, 41.8260455 ], [ -87.5976304, 41.8261059 ], [ -87.5977131, 41.8262618 ], [ -87.5978011, 41.8263794 ], [ -87.5978983, 41.82649 ], [ -87.5979863, 41.8265781 ], [ -87.5981108, 41.8266796 ], [ -87.598302, 41.8268108 ], [ -87.5985735, 41.826982 ], [ -87.5987215, 41.8270765 ], [ -87.5989474, 41.8272177 ], [ -87.5993431, 41.8274862 ], [ -87.5996421, 41.8276906 ], [ -87.5997804, 41.8277924 ], [ -87.5999693, 41.8279393 ], [ -87.6001391, 41.8280867 ], [ -87.6002791, 41.828241 ], [ -87.6007884, 41.8288775 ], [ -87.6012276, 41.8294337 ], [ -87.6015293, 41.8298171 ], [ -87.6016144, 41.8299241 ], [ -87.6017062, 41.8300257 ], [ -87.6017957, 41.8301119 ], [ -87.6019184, 41.830223 ], [ -87.6021787, 41.8304507 ], [ -87.6023385, 41.8306053 ], [ -87.6024673, 41.8307519 ], [ -87.6025314, 41.8308722 ], [ -87.602595, 41.8309945 ], [ -87.6026427, 41.8311007 ], [ -87.6027057, 41.8312325 ], [ -87.6027331, 41.8313437 ], [ -87.6027663, 41.8314739 ], [ -87.6027763, 41.8315357 ], [ -87.6027843, 41.831641 ], [ -87.6028133, 41.8317841 ], [ -87.6028, 41.8319075 ], [ -87.6027407, 41.8322254 ], [ -87.6027351, 41.8322991 ], [ -87.6027741, 41.8323882 ], [ -87.6028177, 41.8324586 ], [ -87.6027908, 41.8325197 ], [ -87.6027999, 41.8325532 ], [ -87.602841, 41.8325942 ], [ -87.6029214, 41.8327256 ], [ -87.6029153, 41.8327597 ], [ -87.6028608, 41.8328076 ], [ -87.6022435, 41.8332979 ], [ -87.6018909, 41.833059 ], [ -87.6018954, 41.8330155 ], [ -87.6018698, 41.8329765 ], [ -87.6018323, 41.8329476 ], [ -87.601763, 41.8329343 ], [ -87.6017065, 41.8329451 ], [ -87.6016706, 41.832968 ], [ -87.6016191, 41.8330343 ], [ -87.601082, 41.8341153 ], [ -87.6010113, 41.8343092 ], [ -87.6009614, 41.8345068 ], [ -87.6008923, 41.8348507 ], [ -87.6008611, 41.835141 ], [ -87.6008475, 41.8353945 ], [ -87.6008452, 41.8356666 ], [ -87.6008944, 41.8361196 ], [ -87.6010195, 41.8366292 ], [ -87.6011484, 41.8369954 ], [ -87.6014045, 41.8375402 ], [ -87.6016209, 41.8379693 ], [ -87.6019087, 41.8383246 ], [ -87.6021946, 41.8385976 ], [ -87.6024506, 41.8388081 ], [ -87.6027606, 41.839024 ], [ -87.6029824, 41.8391709 ], [ -87.603337, 41.8393535 ], [ -87.6036894, 41.8395115 ], [ -87.6039095, 41.8395983 ], [ -87.6040486, 41.8396471 ], [ -87.6042242, 41.8396615 ], [ -87.6042241, 41.8398313 ], [ -87.6043066, 41.8398312 ], [ -87.6043086, 41.839589 ], [ -87.6047402, 41.8389602 ], [ -87.6049721, 41.838906 ], [ -87.6051947, 41.8390178 ], [ -87.6056102, 41.8391775 ], [ -87.6061899, 41.8394296 ], [ -87.6066653, 41.8396852 ], [ -87.6070017, 41.8398989 ], [ -87.607126, 41.8400091 ], [ -87.6072003, 41.8401306 ], [ -87.6072493, 41.8402647 ], [ -87.6072538, 41.8403824 ], [ -87.6072545, 41.8404546 ], [ -87.6072829, 41.840552 ], [ -87.6070189, 41.8406087 ], [ -87.6067467, 41.8405105 ], [ -87.606707, 41.8405679 ], [ -87.6070154, 41.8406758 ], [ -87.6075618, 41.8405706 ], [ -87.6078687, 41.8410517 ], [ -87.6079297, 41.8411701 ], [ -87.6079743, 41.8412881 ], [ -87.6080039, 41.8414123 ], [ -87.608009, 41.841761 ], [ -87.6080594, 41.8423188 ], [ -87.6082764, 41.8426246 ], [ -87.608411, 41.8428129 ], [ -87.6087425, 41.8432941 ], [ -87.6088001, 41.843425 ], [ -87.6088641, 41.8436597 ], [ -87.6089151, 41.8438726 ], [ -87.6089516, 41.8439731 ], [ -87.6090106, 41.844063 ], [ -87.6091709, 41.8442433 ], [ -87.6091884, 41.8444316 ], [ -87.6091836, 41.8445548 ], [ -87.6091552, 41.8447041 ], [ -87.6091369, 41.8447782 ], [ -87.6090913, 41.8448923 ], [ -87.608992, 41.8450529 ], [ -87.6088272, 41.8452532 ], [ -87.6087641, 41.8453324 ], [ -87.6086286, 41.8455041 ], [ -87.6085561, 41.8456191 ], [ -87.6084993, 41.845736 ], [ -87.6084629, 41.8458542 ], [ -87.6084396, 41.8459661 ], [ -87.6084326, 41.846051 ], [ -87.6084351, 41.8461577 ], [ -87.6084492, 41.8462788 ], [ -87.6084747, 41.8463756 ], [ -87.6085077, 41.8464774 ], [ -87.6085813, 41.8466237 ], [ -87.6086187, 41.8466834 ], [ -87.6087064, 41.8468014 ], [ -87.6089821, 41.8471635 ], [ -87.6091088, 41.8473267 ], [ -87.609336, 41.8476283 ], [ -87.6094018, 41.8477374 ], [ -87.6094526, 41.8478448 ], [ -87.6094856, 41.8479511 ], [ -87.6095083, 41.8480532 ], [ -87.6095156, 41.8481336 ], [ -87.6095288, 41.8482943 ], [ -87.6095528, 41.8486967 ], [ -87.6095391, 41.8486973 ], [ -87.6095443, 41.8487997 ], [ -87.6095457, 41.8488488 ], [ -87.6095205, 41.8490395 ], [ -87.6094641, 41.8493047 ], [ -87.6093999, 41.8496162 ], [ -87.6093579, 41.8498231 ], [ -87.6092983, 41.8501099 ], [ -87.60924, 41.8504013 ], [ -87.6092245, 41.8505005 ], [ -87.6092172, 41.8506041 ], [ -87.6092215, 41.8507076 ], [ -87.6092321, 41.8508064 ], [ -87.6092512, 41.8509033 ], [ -87.6092836, 41.8510108 ], [ -87.6093228, 41.851104 ], [ -87.6093688, 41.8512015 ], [ -87.6094435, 41.8513232 ], [ -87.6095511, 41.8514601 ], [ -87.6096852, 41.8516261 ], [ -87.6097953, 41.8517624 ], [ -87.6099487, 41.8519516 ], [ -87.6101082, 41.8521422 ], [ -87.6102515, 41.8523152 ], [ -87.6103777, 41.8524769 ], [ -87.6104417, 41.8525629 ], [ -87.6087235, 41.8531551 ], [ -87.6087104, 41.8531567 ], [ -87.6084963, 41.8531825 ], [ -87.6082934, 41.8532067 ], [ -87.608113, 41.8532283 ], [ -87.6078993, 41.8532516 ], [ -87.6070771, 41.8533168 ], [ -87.606536, 41.8533615 ], [ -87.6065407, 41.853417 ], [ -87.6066245, 41.8534109 ], [ -87.606777, 41.8556763 ], [ -87.6068836, 41.8571106 ], [ -87.6069501, 41.8579224 ], [ -87.6070104, 41.8587089 ], [ -87.6070922, 41.8598509 ], [ -87.607049, 41.8598812 ], [ -87.6070087, 41.8599064 ], [ -87.6069688, 41.8599226 ], [ -87.6069317, 41.8599337 ], [ -87.6068764, 41.8599511 ], [ -87.606812, 41.8599568 ], [ -87.6067397, 41.8599693 ], [ -87.6065799, 41.8599865 ], [ -87.606445, 41.8599929 ], [ -87.6063593, 41.8599924 ], [ -87.6062023, 41.8599984 ], [ -87.6060981, 41.8600097 ], [ -87.606013, 41.860032 ], [ -87.6059545, 41.8600734 ], [ -87.605944, 41.8600954 ], [ -87.6059738, 41.8607065 ], [ -87.6060093, 41.86203 ], [ -87.6060143, 41.8620471 ], [ -87.6060322, 41.862057 ], [ -87.6060725, 41.8620618 ], [ -87.6064095, 41.8620665 ], [ -87.6064398, 41.8621043 ], [ -87.6065325, 41.8621904 ], [ -87.60655, 41.8621936 ], [ -87.6066345, 41.8621563 ], [ -87.6066601, 41.8621763 ], [ -87.6069027, 41.8625108 ], [ -87.6072624, 41.8637478 ], [ -87.6073045, 41.8642114 ], [ -87.6072076, 41.8646646 ], [ -87.6070194, 41.8649936 ], [ -87.6067788, 41.8651199 ], [ -87.6065742, 41.8651405 ], [ -87.6065582, 41.8651196 ], [ -87.606472, 41.8650566 ], [ -87.6063363, 41.8649973 ], [ -87.6063299, 41.864977 ], [ -87.6063091, 41.8649519 ], [ -87.6063086, 41.8647952 ], [ -87.6060639, 41.8647997 ], [ -87.6060722, 41.8656832 ], [ -87.6059631, 41.8657518 ], [ -87.6058753, 41.8658275 ], [ -87.6057923, 41.8659164 ], [ -87.6057283, 41.8660141 ], [ -87.6056832, 41.8661063 ], [ -87.6056488, 41.8661948 ], [ -87.6056271, 41.8663208 ], [ -87.6056325, 41.8664224 ], [ -87.6056551, 41.866529 ], [ -87.6056954, 41.8666298 ], [ -87.6057494, 41.8667401 ], [ -87.605818, 41.8668405 ], [ -87.6058914, 41.8669158 ], [ -87.6059797, 41.8669904 ], [ -87.6060668, 41.867046 ], [ -87.6061439, 41.8670881 ], [ -87.6062291, 41.8671256 ], [ -87.5905803, 41.8801312 ], [ -87.5905476, 41.8801316 ], [ -87.5905469, 41.8801652 ], [ -87.5905472, 41.8802033 ], [ -87.5905427, 41.8806394 ], [ -87.5905441, 41.8811706 ], [ -87.5905487, 41.8818814 ], [ -87.5905465, 41.8833239 ], [ -87.5904352, 41.8875595 ], [ -87.5904783, 41.8892199 ], [ -87.5904813, 41.8894177 ], [ -87.5904816, 41.8894337 ], [ -87.590487, 41.8897216 ], [ -87.5904985, 41.8903305 ], [ -87.5904909, 41.8942916 ], [ -87.5905305, 41.8953079 ], [ -87.5918102, 41.8958958 ], [ -87.5918188, 41.8958866 ], [ -87.5923673, 41.8961525 ], [ -87.5934408, 41.8966448 ], [ -87.5943379, 41.8970376 ], [ -87.5946661, 41.8971789 ], [ -87.5949617, 41.8973218 ], [ -87.595442, 41.8975478 ], [ -87.5954552, 41.8975396 ], [ -87.595813, 41.8976999 ], [ -87.596382, 41.8979821 ], [ -87.5973464, 41.898396 ], [ -87.5979827, 41.8986705 ], [ -87.5985875, 41.8989496 ], [ -87.5993695, 41.8993295 ], [ -87.5996681, 41.8994537 ], [ -87.6012564, 41.9001678 ], [ -87.601574, 41.9003042 ], [ -87.6020144, 41.9005055 ], [ -87.6028055, 41.900855 ], [ -87.6033849, 41.9011262 ], [ -87.6037816, 41.9013069 ], [ -87.6042196, 41.9014943 ], [ -87.6046853, 41.9017168 ], [ -87.6054543, 41.9020685 ], [ -87.6058377, 41.9022458 ], [ -87.6069401, 41.902736 ], [ -87.6074786, 41.9029836 ], [ -87.6075542, 41.9030187 ], [ -87.6077073, 41.9030884 ], [ -87.6077914, 41.9031397 ], [ -87.6093989, 41.9030921 ], [ -87.6101098, 41.902943 ], [ -87.6136594, 41.9022 ], [ -87.6147097, 41.9019842 ], [ -87.6173718, 41.9014317 ], [ -87.6173589, 41.9013928 ], [ -87.6173548, 41.9013802 ], [ -87.6173507, 41.9013679 ], [ -87.6191561, 41.900991 ], [ -87.6192359, 41.9010905 ], [ -87.619231, 41.9010934 ], [ -87.6193501, 41.9012156 ], [ -87.6194127, 41.9012612 ], [ -87.6195346, 41.9013414 ], [ -87.6196678, 41.901421 ], [ -87.6199007, 41.9015516 ], [ -87.6205943, 41.9017541 ], [ -87.6208606, 41.9017991 ], [ -87.6212344, 41.9018702 ], [ -87.6214901, 41.9019251 ], [ -87.6216711, 41.9019735 ], [ -87.6216769, 41.9021547 ], [ -87.6218048, 41.9024231 ], [ -87.6220219, 41.9027611 ], [ -87.6222874, 41.9030584 ], [ -87.622637, 41.9033425 ], [ -87.6229502, 41.9035712 ], [ -87.6232343, 41.9037926 ], [ -87.6234756, 41.9039719 ], [ -87.6235906, 41.9040877 ], [ -87.6238048, 41.9046818 ], [ -87.6239039, 41.9049709 ], [ -87.6240068, 41.9052613 ], [ -87.6242122, 41.9058427 ], [ -87.6244035, 41.9063957 ], [ -87.6245433, 41.9067874 ], [ -87.6246692, 41.9071463 ], [ -87.6247017, 41.9072304 ], [ -87.6248227, 41.9075351 ], [ -87.624922, 41.9079916 ], [ -87.6250105, 41.9084033 ], [ -87.6250362, 41.9085621 ], [ -87.6250703, 41.908767 ], [ -87.6251072, 41.9091233 ], [ -87.6251482, 41.9096211 ], [ -87.6251566, 41.909803 ], [ -87.6251551, 41.9099371 ], [ -87.6251416, 41.9100702 ], [ -87.6251275, 41.9101675 ], [ -87.6251122, 41.9102537 ], [ -87.6250717, 41.9103548 ], [ -87.6250324, 41.9104205 ], [ -87.6249506, 41.9105079 ], [ -87.6248652, 41.9105788 ], [ -87.6247927, 41.9106544 ], [ -87.624741, 41.9107297 ], [ -87.6247072, 41.9108383 ], [ -87.6246855, 41.910953 ], [ -87.6246653, 41.9111643 ], [ -87.6246724, 41.9112802 ], [ -87.6246799, 41.9113856 ], [ -87.624157, 41.9118139 ], [ -87.6236257, 41.9122217 ], [ -87.6233808, 41.9124096 ], [ -87.623263, 41.9124946 ], [ -87.6231363, 41.9125753 ], [ -87.6229837, 41.912653 ], [ -87.6228574, 41.9127115 ], [ -87.6227086, 41.9127633 ], [ -87.6225401, 41.912814 ], [ -87.6223425, 41.9128585 ], [ -87.6222128, 41.9128798 ], [ -87.6220842, 41.9128984 ], [ -87.621831, 41.9129082 ], [ -87.6217148, 41.9129125 ], [ -87.6215411, 41.9129327 ], [ -87.6213863, 41.9129631 ], [ -87.6211933, 41.913022 ], [ -87.6209778, 41.9130975 ], [ -87.6208291, 41.9131604 ], [ -87.6206938, 41.9132346 ], [ -87.6205761, 41.913317 ], [ -87.6204671, 41.9134084 ], [ -87.6203909, 41.9134918 ], [ -87.6203163, 41.9135961 ], [ -87.62026, 41.9136888 ], [ -87.6202222, 41.9137691 ], [ -87.6201855, 41.9138742 ], [ -87.6201652, 41.913949 ], [ -87.6201588, 41.9140342 ], [ -87.6201602, 41.9141721 ], [ -87.6201671, 41.914489 ], [ -87.6201767, 41.9145472 ], [ -87.6201888, 41.9145866 ], [ -87.620212, 41.9146344 ], [ -87.6202585, 41.9146924 ], [ -87.620304, 41.9147377 ], [ -87.6203512, 41.9147724 ], [ -87.6204021, 41.9148027 ], [ -87.6204656, 41.9148299 ], [ -87.620534, 41.914848 ], [ -87.620603, 41.9148592 ], [ -87.6206765, 41.9148611 ], [ -87.6207589, 41.9148594 ], [ -87.6208335, 41.9148497 ], [ -87.6209018, 41.9148306 ], [ -87.6209676, 41.9148048 ], [ -87.6210137, 41.9147789 ], [ -87.6209988, 41.9147624 ], [ -87.6209822, 41.9147439 ], [ -87.6209508, 41.9147595 ], [ -87.6209091, 41.9147803 ], [ -87.6208695, 41.9147943 ], [ -87.6208063, 41.9148117 ], [ -87.6207381, 41.9148188 ], [ -87.6206725, 41.9148209 ], [ -87.6206066, 41.9148183 ], [ -87.6205449, 41.9148084 ], [ -87.6205304, 41.9148043 ], [ -87.6204891, 41.9147928 ], [ -87.620434, 41.9147668 ], [ -87.6203776, 41.9147366 ], [ -87.6203297, 41.9146976 ], [ -87.6202918, 41.9146574 ], [ -87.6202637, 41.9146168 ], [ -87.6202539, 41.9145979 ], [ -87.6202408, 41.9145726 ], [ -87.6202286, 41.9145211 ], [ -87.6202233, 41.9144744 ], [ -87.620216, 41.9140993 ], [ -87.6202179, 41.9140133 ], [ -87.6202274, 41.9139378 ], [ -87.6202505, 41.9138561 ], [ -87.6206359, 41.9138851 ], [ -87.6209819, 41.9138512 ], [ -87.6215535, 41.9137419 ], [ -87.6221587, 41.9137801 ], [ -87.6226139, 41.913879 ], [ -87.6230267, 41.9140344 ], [ -87.6235305, 41.9142956 ], [ -87.6240234, 41.9145606 ], [ -87.6250037, 41.9152036 ], [ -87.6259276, 41.9158957 ], [ -87.6265733, 41.9164557 ], [ -87.6262591, 41.916667 ], [ -87.6260503, 41.9168042 ], [ -87.6260975, 41.9168426 ], [ -87.6263066, 41.9167035 ], [ -87.6269745, 41.9171937 ], [ -87.6272282, 41.9174057 ], [ -87.6273789, 41.9175396 ], [ -87.6276041, 41.9177977 ], [ -87.6270855, 41.9180981 ], [ -87.6268089, 41.9182583 ], [ -87.6268486, 41.9182991 ], [ -87.6271301, 41.9181379 ], [ -87.6274582, 41.9184302 ], [ -87.6277476, 41.9186987 ], [ -87.6280237, 41.9189984 ], [ -87.6282666, 41.9192977 ], [ -87.6277616, 41.9195435 ], [ -87.6273309, 41.9197532 ], [ -87.6273657, 41.9197975 ], [ -87.6277972, 41.9195909 ], [ -87.627922, 41.9197273 ], [ -87.628214, 41.9200359 ], [ -87.6282589, 41.9201034 ], [ -87.6282994, 41.9201852 ], [ -87.6283528, 41.920257 ], [ -87.6285137, 41.9204127 ], [ -87.6287127, 41.9207304 ], [ -87.6287704, 41.9208576 ], [ -87.6282685, 41.9210948 ], [ -87.6277078, 41.9213631 ], [ -87.6277493, 41.9214141 ], [ -87.6283106, 41.9211475 ], [ -87.6284321, 41.9213171 ], [ -87.6285135, 41.9213942 ], [ -87.6286811, 41.9215716 ], [ -87.6289273, 41.921852 ], [ -87.6290639, 41.9220478 ], [ -87.6291634, 41.9221971 ], [ -87.6291989, 41.9222473 ], [ -87.6292248, 41.922273 ], [ -87.6292719, 41.9223052 ], [ -87.6293297, 41.922369 ], [ -87.629369, 41.922432 ], [ -87.6294042, 41.9224951 ], [ -87.6293052, 41.9225569 ], [ -87.629276, 41.9225277 ], [ -87.6288603, 41.9227732 ], [ -87.6283399, 41.923081 ], [ -87.6283899, 41.9231176 ], [ -87.6288999, 41.9228149 ], [ -87.6293311, 41.9233152 ], [ -87.6298104, 41.923842 ], [ -87.6299596, 41.924039 ], [ -87.6300084, 41.9241148 ], [ -87.629955, 41.9241601 ], [ -87.6296869, 41.9243354 ], [ -87.629306, 41.9245805 ], [ -87.6291394, 41.9246902 ], [ -87.6290476, 41.9247601 ], [ -87.6289749, 41.924836 ], [ -87.6289216, 41.9249162 ], [ -87.628885, 41.925001 ], [ -87.6288621, 41.9250969 ], [ -87.628854, 41.9251449 ], [ -87.6288452, 41.9252454 ], [ -87.6288507, 41.9253763 ], [ -87.6288681, 41.9255031 ], [ -87.6289066, 41.9257349 ], [ -87.6289179, 41.9257802 ], [ -87.6289619, 41.9259528 ], [ -87.6290032, 41.9260813 ], [ -87.6290667, 41.9262596 ], [ -87.6290887, 41.9263071 ], [ -87.6291905, 41.9265236 ], [ -87.6292806, 41.9266933 ], [ -87.6293725, 41.9268501 ], [ -87.6294519, 41.9269728 ], [ -87.6295751, 41.9271465 ], [ -87.6296723, 41.9272608 ], [ -87.6297752, 41.9273798 ], [ -87.629881, 41.9274849 ], [ -87.6299915, 41.9275885 ], [ -87.6301023, 41.9277023 ], [ -87.6301689, 41.9277768 ], [ -87.6302374, 41.927857 ], [ -87.6303257, 41.9279789 ], [ -87.630382, 41.9280647 ], [ -87.630511, 41.9282866 ], [ -87.6306299, 41.9285358 ], [ -87.6307162, 41.9287196 ], [ -87.6307366, 41.9287734 ], [ -87.6306812, 41.9287881 ], [ -87.6306745, 41.9288323 ], [ -87.630688, 41.9288818 ], [ -87.6307378, 41.9289814 ], [ -87.6307848, 41.9291125 ], [ -87.6308616, 41.9291566 ], [ -87.6308962, 41.9292971 ], [ -87.6309275, 41.9294451 ], [ -87.6309579, 41.9296352 ], [ -87.6309771, 41.9298666 ], [ -87.6309883, 41.9300859 ], [ -87.630979, 41.9303498 ], [ -87.6309586, 41.9305853 ], [ -87.6309242, 41.9308042 ], [ -87.6308629, 41.9310729 ], [ -87.6308093, 41.9312492 ], [ -87.6307746, 41.9313702 ], [ -87.6306893, 41.9315832 ], [ -87.6306738, 41.93165 ], [ -87.6306611, 41.9317591 ], [ -87.6306705, 41.9318686 ], [ -87.6307138, 41.9319876 ], [ -87.6307726, 41.932084 ], [ -87.630834, 41.9321515 ], [ -87.6309127, 41.9322319 ], [ -87.631156, 41.9323709 ], [ -87.6312101, 41.9323922 ], [ -87.6312386, 41.9324019 ], [ -87.6311238, 41.9325429 ], [ -87.6310707, 41.9325538 ], [ -87.6307236, 41.932526 ], [ -87.6307032, 41.9325249 ], [ -87.6306873, 41.9325302 ], [ -87.6306772, 41.9325414 ], [ -87.6306758, 41.9325538 ], [ -87.6307104, 41.932588 ], [ -87.630721, 41.9328712 ], [ -87.6306438, 41.9328883 ], [ -87.6305673, 41.9329141 ], [ -87.6304714, 41.9329528 ], [ -87.6303813, 41.9330139 ], [ -87.6302866, 41.9330852 ], [ -87.6301791, 41.9332445 ], [ -87.6301496, 41.9333969 ], [ -87.6301788, 41.9335541 ], [ -87.6303093, 41.9338334 ], [ -87.6304973, 41.9340871 ], [ -87.6311055, 41.934791 ], [ -87.6313477, 41.9350802 ], [ -87.6314882, 41.9352731 ], [ -87.6315544, 41.935397 ], [ -87.6315301, 41.9354437 ], [ -87.6315203, 41.9354893 ], [ -87.6315174, 41.9355278 ], [ -87.6315203, 41.9355671 ], [ -87.6316543, 41.93582 ], [ -87.6316669, 41.9358449 ], [ -87.6317018, 41.9358664 ], [ -87.6317465, 41.9358756 ], [ -87.6318052, 41.9358608 ], [ -87.6319167, 41.9360842 ], [ -87.63197, 41.9362248 ], [ -87.6320065, 41.936354 ], [ -87.6320324, 41.9364893 ], [ -87.6320657, 41.9366624 ], [ -87.6321028, 41.9367945 ], [ -87.6321449, 41.9369235 ], [ -87.6321959, 41.9370459 ], [ -87.6322571, 41.9371749 ], [ -87.6323587, 41.9373631 ], [ -87.6324398, 41.9374759 ], [ -87.6325454, 41.9376062 ], [ -87.6328453, 41.9379316 ], [ -87.6328112, 41.937955 ], [ -87.6328056, 41.9379728 ], [ -87.6328033, 41.93799 ], [ -87.6328202, 41.9380168 ], [ -87.6328561, 41.9380891 ], [ -87.632926, 41.9381763 ], [ -87.6329684, 41.9382373 ], [ -87.6329933, 41.9382665 ], [ -87.6330339, 41.9382859 ], [ -87.6331046, 41.938287 ], [ -87.6331926, 41.9384981 ], [ -87.6332437, 41.938619 ], [ -87.6333534, 41.9388804 ], [ -87.6334598, 41.9391322 ], [ -87.6335588, 41.9393867 ], [ -87.6335959, 41.9394925 ], [ -87.6337094, 41.9398996 ], [ -87.6337801, 41.9401582 ], [ -87.6338504, 41.940413 ], [ -87.6338739, 41.9405346 ], [ -87.6338782, 41.9406754 ], [ -87.6338864, 41.9408397 ], [ -87.6338711, 41.9410786 ], [ -87.6338612, 41.9412757 ], [ -87.633862, 41.9413291 ], [ -87.6338724, 41.9414117 ], [ -87.633892, 41.9414804 ], [ -87.633947, 41.9415848 ], [ -87.6340005, 41.9416409 ], [ -87.634076, 41.9416939 ], [ -87.6341344, 41.9417189 ], [ -87.634219, 41.9417376 ], [ -87.6343178, 41.9417522 ], [ -87.6343517, 41.9417546 ], [ -87.63435, 41.9418711 ], [ -87.6337514, 41.9422637 ], [ -87.6336832, 41.942221 ], [ -87.633577, 41.9421795 ], [ -87.6334952, 41.9421644 ], [ -87.6334257, 41.9421607 ], [ -87.6333326, 41.9421684 ], [ -87.6332138, 41.9422066 ], [ -87.6331379, 41.942253 ], [ -87.6330852, 41.9422953 ], [ -87.6330265, 41.9423815 ], [ -87.6330041, 41.9424532 ], [ -87.6330054, 41.9425188 ], [ -87.6330277, 41.9425894 ], [ -87.6330552, 41.9426365 ], [ -87.6331491, 41.9427358 ], [ -87.6332589, 41.9428376 ], [ -87.6335419, 41.9430919 ], [ -87.6338991, 41.9434126 ], [ -87.6344481, 41.943907 ], [ -87.6346393, 41.9440827 ], [ -87.6350019, 41.9444289 ], [ -87.6355022, 41.9449585 ], [ -87.6358987, 41.9453803 ], [ -87.6361296, 41.9456263 ], [ -87.6363541, 41.9458905 ], [ -87.6364883, 41.9460581 ], [ -87.6367201, 41.9463504 ], [ -87.6370441, 41.9467658 ], [ -87.6373285, 41.9471394 ], [ -87.6374529, 41.9473043 ], [ -87.6374933, 41.9473567 ], [ -87.6377428, 41.9477568 ], [ -87.6378112, 41.9478635 ], [ -87.6380594, 41.9483179 ], [ -87.6383228, 41.9488308 ], [ -87.6384809, 41.9491198 ], [ -87.6386684, 41.949524 ], [ -87.6389042, 41.9500252 ], [ -87.6391825, 41.9505984 ], [ -87.6394011, 41.9510716 ], [ -87.6395822, 41.9514634 ], [ -87.6397512, 41.9518303 ], [ -87.639892, 41.9521389 ], [ -87.640033, 41.9524941 ], [ -87.6402444, 41.9529596 ], [ -87.6404317, 41.9534424 ], [ -87.6405043, 41.9536305 ], [ -87.6406727, 41.9540705 ], [ -87.6406898, 41.9540864 ], [ -87.6407117, 41.9540938 ], [ -87.640732, 41.9540967 ], [ -87.6409121, 41.9547055 ], [ -87.6410603, 41.9552161 ], [ -87.6412134, 41.9559185 ], [ -87.6412991, 41.9563119 ], [ -87.6414217, 41.9569986 ], [ -87.6415249, 41.957692 ], [ -87.6416779, 41.958374 ], [ -87.6416844, 41.9584588 ], [ -87.6415847, 41.9593314 ], [ -87.6410359, 41.9593007 ], [ -87.6403498, 41.9592184 ], [ -87.6402908, 41.9592071 ], [ -87.6400927, 41.9596878 ], [ -87.6393646, 41.9595189 ], [ -87.6390401, 41.959453 ], [ -87.6388513, 41.9594208 ], [ -87.6387241, 41.9594048 ], [ -87.6384935, 41.959379 ], [ -87.638346, 41.9593702 ], [ -87.6381782, 41.9593614 ], [ -87.6380184, 41.959357 ], [ -87.637887, 41.9593548 ], [ -87.6377651, 41.9593571 ], [ -87.6376422, 41.9593646 ], [ -87.6375217, 41.9593734 ], [ -87.6374008, 41.9593841 ], [ -87.6372182, 41.9594078 ], [ -87.6370445, 41.9594398 ], [ -87.636884, 41.9594774 ], [ -87.6367941, 41.959502 ], [ -87.6367398, 41.9595189 ], [ -87.6366675, 41.9595454 ], [ -87.6365999, 41.9595726 ], [ -87.6365114, 41.9596123 ], [ -87.6364231, 41.9596557 ], [ -87.6363181, 41.9597131 ], [ -87.6361903, 41.9597882 ], [ -87.6360372, 41.959884 ], [ -87.6357291, 41.9600958 ], [ -87.6354012, 41.9603751 ], [ -87.6351697, 41.9606048 ], [ -87.6349664, 41.9608112 ], [ -87.6347812, 41.9609814 ], [ -87.6344322, 41.9612679 ], [ -87.6342982, 41.9613615 ], [ -87.6342156, 41.9614009 ], [ -87.6340873, 41.9614429 ], [ -87.6340266, 41.9614631 ], [ -87.6335683, 41.9616963 ], [ -87.6334705, 41.9617418 ], [ -87.6334166, 41.9617634 ], [ -87.6330991, 41.9618521 ], [ -87.6329373, 41.9619015 ], [ -87.6325597, 41.9620496 ], [ -87.6323424, 41.9621452 ], [ -87.632195, 41.9622002 ], [ -87.6320527, 41.9622388 ], [ -87.6318302, 41.9622887 ], [ -87.6317356, 41.9623213 ], [ -87.6315566, 41.9624009 ], [ -87.6314329, 41.9624737 ], [ -87.6313207, 41.9625581 ], [ -87.6312086, 41.9626653 ], [ -87.6310683, 41.9628531 ], [ -87.6310277, 41.9629411 ], [ -87.6310075, 41.9630644 ], [ -87.6310053, 41.9631818 ], [ -87.6310224, 41.9633151 ], [ -87.6310537, 41.9634243 ], [ -87.6311331, 41.9635593 ], [ -87.6312225, 41.9636642 ], [ -87.6313275, 41.9637783 ], [ -87.6314463, 41.9638727 ], [ -87.6316723, 41.9640127 ], [ -87.6317521, 41.9642499 ], [ -87.6318309, 41.9645348 ], [ -87.6318785, 41.9648003 ], [ -87.6319193, 41.9650618 ], [ -87.6319311, 41.9652326 ], [ -87.6319344, 41.9657044 ], [ -87.6319027, 41.9660418 ], [ -87.6318418, 41.9664123 ], [ -87.6317113, 41.9668668 ], [ -87.6316075, 41.9671287 ], [ -87.6314856, 41.9673815 ], [ -87.6312595, 41.9678035 ], [ -87.6311479, 41.9679885 ], [ -87.6310551, 41.9681121 ], [ -87.6309328, 41.9682716 ], [ -87.6309111, 41.9683227 ], [ -87.6309009, 41.9683506 ], [ -87.6308907, 41.9683974 ], [ -87.6308861, 41.9684477 ], [ -87.6308897, 41.9684889 ], [ -87.6309004, 41.9685358 ], [ -87.6309195, 41.9685825 ], [ -87.6309434, 41.968628 ], [ -87.6309753, 41.968669 ], [ -87.6310201, 41.9687167 ], [ -87.631066, 41.968753 ], [ -87.6311321, 41.9687927 ], [ -87.6311859, 41.9688167 ], [ -87.6312533, 41.9688378 ], [ -87.631326, 41.9688542 ], [ -87.6313827, 41.9688622 ], [ -87.6314515, 41.9688647 ], [ -87.6315192, 41.9688606 ], [ -87.6315845, 41.9688513 ], [ -87.6316422, 41.9688376 ], [ -87.6316976, 41.9688182 ], [ -87.6317478, 41.9687975 ], [ -87.6317984, 41.9687701 ], [ -87.6318397, 41.968741 ], [ -87.6318739, 41.9687123 ], [ -87.631907, 41.9686797 ], [ -87.6319337, 41.9686471 ], [ -87.631954, 41.9686144 ], [ -87.6319726, 41.968575 ], [ -87.6319853, 41.9685302 ], [ -87.6319909, 41.9684941 ], [ -87.6319962, 41.9684454 ], [ -87.6319926, 41.9684049 ], [ -87.6319869, 41.9683668 ], [ -87.631973, 41.9683238 ], [ -87.631955, 41.9682826 ], [ -87.6319219, 41.9682349 ], [ -87.6318767, 41.9681879 ], [ -87.6318305, 41.968148 ], [ -87.6318033, 41.9681635 ], [ -87.6317632, 41.9681857 ], [ -87.6318107, 41.9682224 ], [ -87.6318697, 41.9682903 ], [ -87.6318969, 41.9683494 ], [ -87.6319129, 41.968416 ], [ -87.6319143, 41.9684723 ], [ -87.6319053, 41.9685202 ], [ -87.6318852, 41.9685757 ], [ -87.6318509, 41.9686245 ], [ -87.6318074, 41.9686725 ], [ -87.6317644, 41.9687061 ], [ -87.6317234, 41.9687305 ], [ -87.631675, 41.9687549 ], [ -87.6316143, 41.9687762 ], [ -87.6315275, 41.9687947 ], [ -87.6314551, 41.9687996 ], [ -87.6313888, 41.9687984 ], [ -87.6313092, 41.9687861 ], [ -87.6312321, 41.9687623 ], [ -87.6311574, 41.9687264 ], [ -87.6310918, 41.9686793 ], [ -87.631036, 41.9686235 ], [ -87.6310028, 41.968566 ], [ -87.6309771, 41.9684958 ], [ -87.6309718, 41.968433 ], [ -87.6309816, 41.9683791 ], [ -87.6309967, 41.968335 ], [ -87.6310158, 41.9682987 ], [ -87.6312213, 41.968013 ], [ -87.631315, 41.9678606 ], [ -87.6315016, 41.9675364 ], [ -87.6316618, 41.9671978 ], [ -87.6317654, 41.9669421 ], [ -87.6318226, 41.9667708 ], [ -87.6321126, 41.9666339 ], [ -87.6322158, 41.9665852 ], [ -87.6327966, 41.9664885 ], [ -87.633851, 41.9665171 ], [ -87.6348443, 41.9666766 ], [ -87.6374073, 41.9674737 ], [ -87.6412977, 41.9685469 ], [ -87.643744, 41.9693134 ], [ -87.6439162, 41.969474 ], [ -87.6441262, 41.9696974 ], [ -87.6443245, 41.9699207 ], [ -87.6445651, 41.9702074 ], [ -87.6449056, 41.9706267 ], [ -87.6452153, 41.9710776 ], [ -87.6453377, 41.9712666 ], [ -87.6455429, 41.9716123 ], [ -87.6457357, 41.9719362 ], [ -87.6459138, 41.9722939 ], [ -87.6460621, 41.972603 ], [ -87.6461527, 41.9728475 ], [ -87.6462163, 41.9730968 ], [ -87.6462466, 41.9732516 ], [ -87.6462618, 41.9734065 ], [ -87.6462932, 41.974326 ], [ -87.6463111, 41.9748127 ], [ -87.646325, 41.9753051 ], [ -87.6463355, 41.9756758 ], [ -87.6463524, 41.9761217 ], [ -87.6463605, 41.9765383 ], [ -87.6463698, 41.9768882 ], [ -87.6463879, 41.9770047 ], [ -87.6464226, 41.9771121 ], [ -87.6464875, 41.9772353 ], [ -87.6465462, 41.9773177 ], [ -87.6466621, 41.9774525 ], [ -87.6466807, 41.9774663 ], [ -87.6466968, 41.9774793 ], [ -87.6468362, 41.977574 ], [ -87.6469708, 41.977645 ], [ -87.647052, 41.9776781 ], [ -87.647135, 41.9777073 ], [ -87.647186, 41.977723 ], [ -87.6472369, 41.9777367 ], [ -87.6473124, 41.9777541 ], [ -87.6473567, 41.9777631 ], [ -87.6474013, 41.9777704 ], [ -87.6474555, 41.977777 ], [ -87.6475256, 41.9777831 ], [ -87.647943, 41.9778077 ], [ -87.6483873, 41.9778338 ], [ -87.6484008, 41.9778743 ], [ -87.6484571, 41.9780358 ], [ -87.6486478, 41.9782806 ], [ -87.6495749, 41.9790845 ], [ -87.6497327, 41.9792301 ], [ -87.6501448, 41.9796275 ], [ -87.6502331, 41.9797216 ], [ -87.6505691, 41.9802768 ], [ -87.6505875, 41.9803111 ], [ -87.6506019, 41.9803458 ], [ -87.6506197, 41.9804002 ], [ -87.6506375, 41.9804661 ], [ -87.6506562, 41.9805402 ], [ -87.6506684, 41.9805965 ], [ -87.6506775, 41.9806463 ], [ -87.6506854, 41.9806918 ], [ -87.6506905, 41.9807293 ], [ -87.6506971, 41.9807939 ], [ -87.6507024, 41.9808612 ], [ -87.6507063, 41.9809139 ], [ -87.6507109, 41.9810007 ], [ -87.6507156, 41.9811057 ], [ -87.650719, 41.9812006 ], [ -87.6507249, 41.9813487 ], [ -87.6507271, 41.9814147 ], [ -87.6507309, 41.9815132 ], [ -87.6507345, 41.9816353 ], [ -87.6507404, 41.9818905 ], [ -87.6507442, 41.9820432 ], [ -87.6507478, 41.9821708 ], [ -87.650752, 41.9823166 ], [ -87.6507559, 41.9824533 ], [ -87.6507564, 41.9825949 ], [ -87.6507534, 41.9826796 ], [ -87.6507478, 41.9827815 ], [ -87.6507412, 41.9828692 ], [ -87.6507317, 41.9829595 ], [ -87.6507208, 41.9830516 ], [ -87.6507065, 41.9831568 ], [ -87.6506855, 41.9832854 ], [ -87.6506713, 41.9833634 ], [ -87.6506551, 41.9834404 ], [ -87.6506326, 41.9835412 ], [ -87.6506139, 41.9836213 ], [ -87.6505868, 41.983723 ], [ -87.6505493, 41.9838586 ], [ -87.6505205, 41.9839543 ], [ -87.6504885, 41.9840517 ], [ -87.65046, 41.9841353 ], [ -87.6504173, 41.9842499 ], [ -87.6503868, 41.9843276 ], [ -87.6503514, 41.9844117 ], [ -87.6503049, 41.9845222 ], [ -87.6502667, 41.9846112 ], [ -87.6502258, 41.9846973 ], [ -87.6501807, 41.9847922 ], [ -87.6501286, 41.9848957 ], [ -87.650045, 41.9850571 ], [ -87.6498911, 41.985367 ], [ -87.649372, 41.9863975 ], [ -87.6494137, 41.9864096 ], [ -87.6497732, 41.9856927 ], [ -87.6498486, 41.9857136 ], [ -87.6502822, 41.9858642 ], [ -87.6505812, 41.9859872 ], [ -87.6516992, 41.9867253 ], [ -87.6533883, 41.9879884 ], [ -87.6534207, 41.9880126 ], [ -87.6538211, 41.9883891 ], [ -87.6542362, 41.9889091 ], [ -87.6542206, 41.9889366 ], [ -87.6542141, 41.9889638 ], [ -87.6542126, 41.988981 ], [ -87.6542091, 41.9890203 ], [ -87.6542044, 41.9891044 ], [ -87.6541996, 41.9891887 ], [ -87.6541932, 41.9892682 ], [ -87.6541912, 41.9893187 ], [ -87.6541894, 41.9893829 ], [ -87.654191, 41.9894388 ], [ -87.654194, 41.9894744 ], [ -87.6541964, 41.9894987 ], [ -87.6541994, 41.989519 ], [ -87.6542127, 41.9895324 ], [ -87.6537407, 41.9898812 ], [ -87.6537255, 41.989896 ], [ -87.653713, 41.9899193 ], [ -87.6537137, 41.989948 ], [ -87.6537319, 41.9899974 ], [ -87.6537706, 41.9900672 ], [ -87.6538109, 41.9901449 ], [ -87.6538323, 41.9901964 ], [ -87.6538536, 41.9902303 ], [ -87.6538713, 41.9902567 ], [ -87.6538829, 41.9902696 ], [ -87.6538998, 41.9902752 ], [ -87.6541912, 41.9903064 ], [ -87.6541702, 41.9908409 ], [ -87.6542271, 41.9909037 ], [ -87.654248, 41.9909285 ], [ -87.6543352, 41.9910319 ], [ -87.6543406, 41.991213 ], [ -87.654313, 41.9915883 ], [ -87.6543081, 41.9918765 ], [ -87.6542331, 41.9921847 ], [ -87.6542021, 41.9923118 ], [ -87.6541169, 41.9923395 ], [ -87.6540827, 41.9924175 ], [ -87.6540053, 41.9929774 ], [ -87.6540006, 41.9930497 ], [ -87.6540613, 41.9930976 ], [ -87.6541533, 41.9931106 ], [ -87.6542478, 41.9931117 ], [ -87.6543308, 41.9931163 ], [ -87.6543837, 41.9931757 ], [ -87.6544289, 41.9932436 ], [ -87.654446, 41.9933365 ], [ -87.6544454, 41.993422 ], [ -87.6544027, 41.9934574 ], [ -87.6543964, 41.9934909 ], [ -87.6544136, 41.9935595 ], [ -87.6544119, 41.9937132 ], [ -87.6544115, 41.9937511 ], [ -87.654411, 41.9937967 ], [ -87.654379, 41.9938578 ], [ -87.6542791, 41.9938551 ], [ -87.654238, 41.9938686 ], [ -87.6542099, 41.993914 ], [ -87.6542075, 41.9940261 ], [ -87.6542229, 41.9941035 ], [ -87.6542123, 41.9941417 ], [ -87.6542193, 41.9942252 ], [ -87.6542389, 41.9942665 ], [ -87.654306, 41.9943037 ], [ -87.6543803, 41.9943 ], [ -87.6543902, 41.9945382 ], [ -87.6545385, 41.9945371 ], [ -87.6545424, 41.994642 ], [ -87.6545169, 41.9946714 ], [ -87.6544847, 41.9947473 ], [ -87.6544901, 41.9948157 ], [ -87.6544967, 41.9949189 ], [ -87.6544984, 41.9949664 ], [ -87.6544925, 41.9949977 ], [ -87.6544795, 41.9950191 ], [ -87.6544469, 41.9950705 ], [ -87.6544301, 41.9951231 ], [ -87.6544308, 41.995206 ], [ -87.6544465, 41.995327 ], [ -87.6544732, 41.9954465 ], [ -87.6545192, 41.9955213 ], [ -87.654561, 41.995576 ], [ -87.6545846, 41.9956447 ], [ -87.6545464, 41.9957766 ], [ -87.6544981, 41.9958764 ], [ -87.6544519, 41.9959281 ], [ -87.6544096, 41.9959396 ], [ -87.6543959, 41.9959434 ], [ -87.6543499, 41.9959182 ], [ -87.6542986, 41.9959067 ], [ -87.6542424, 41.9959298 ], [ -87.654221, 41.9959766 ], [ -87.6542282, 41.9961141 ], [ -87.6542437, 41.9962465 ], [ -87.6542352, 41.9963015 ], [ -87.6542757, 41.9966078 ], [ -87.6543022, 41.9967244 ], [ -87.6543657, 41.9972861 ], [ -87.6543669, 41.9972972 ], [ -87.6543977, 41.9976569 ], [ -87.6544841, 41.9980987 ], [ -87.6545434, 41.9982231 ], [ -87.6545589, 41.9982372 ], [ -87.6546455, 41.998341 ], [ -87.654709, 41.9984058 ], [ -87.6549993, 41.9988301 ], [ -87.6551754, 41.9990638 ], [ -87.6553699, 41.9992346 ], [ -87.6555867, 41.9995709 ], [ -87.6556043, 41.999699 ], [ -87.6556583, 41.9998274 ], [ -87.6557137, 41.9998893 ], [ -87.6557675, 42.0001553 ], [ -87.6559728, 42.0007064 ], [ -87.6559561, 42.0008013 ], [ -87.6559207, 42.0010194 ], [ -87.6560035, 42.0012869 ], [ -87.6561294, 42.0015318 ], [ -87.6561764, 42.0016232 ], [ -87.6562221, 42.0017059 ], [ -87.656223, 42.0018495 ], [ -87.6562494, 42.0020375 ], [ -87.65626, 42.0020962 ], [ -87.6563091, 42.0022908 ], [ -87.6563754, 42.0025208 ], [ -87.6564231, 42.0026089 ], [ -87.6564184, 42.002702 ], [ -87.6564023, 42.0027721 ], [ -87.6564123, 42.0028515 ], [ -87.6564779, 42.0031295 ], [ -87.6565172, 42.0032958 ], [ -87.6565839, 42.0034715 ], [ -87.656647, 42.0037785 ], [ -87.6566607, 42.003829 ], [ -87.6566824, 42.0039085 ], [ -87.6567221, 42.0040785 ], [ -87.6567321, 42.0042313 ], [ -87.656734, 42.0042965 ], [ -87.6567023, 42.0043711 ], [ -87.6567298, 42.0045667 ], [ -87.6568205, 42.0048093 ], [ -87.6568989, 42.005019 ], [ -87.6570343, 42.0053342 ], [ -87.6570735, 42.0055362 ], [ -87.6570605, 42.0056574 ], [ -87.6570585, 42.005709 ], [ -87.6570569, 42.0057489 ], [ -87.6570589, 42.005828 ], [ -87.6570882, 42.0059193 ], [ -87.6570932, 42.0059372 ], [ -87.6571271, 42.0060595 ], [ -87.6571364, 42.0061753 ], [ -87.6571233, 42.0062934 ], [ -87.6558361, 42.0063094 ], [ -87.6554517, 42.0066187 ], [ -87.6557025, 42.0068135 ], [ -87.6561308, 42.0072212 ], [ -87.6563457, 42.0074259 ], [ -87.6566, 42.0077218 ], [ -87.6568003, 42.0079845 ], [ -87.6569754, 42.00825 ], [ -87.6571181, 42.0084238 ], [ -87.6572496, 42.0085931 ], [ -87.6574654, 42.0089196 ], [ -87.657635, 42.0091368 ], [ -87.6578519, 42.0093584 ], [ -87.6580256, 42.0095641 ], [ -87.6582252, 42.0097912 ], [ -87.6584025, 42.0099178 ], [ -87.6583431, 42.0099606 ], [ -87.6584303, 42.0099922 ], [ -87.6585454, 42.010044 ], [ -87.6586925, 42.0101255 ], [ -87.6587967, 42.010263 ], [ -87.6588667, 42.0103626 ], [ -87.6589556, 42.0104527 ], [ -87.659163, 42.01061 ], [ -87.6594245, 42.0108268 ], [ -87.659555, 42.0109526 ], [ -87.6596342, 42.0111003 ], [ -87.6596784, 42.0111702 ], [ -87.6597417, 42.0112197 ], [ -87.6598324, 42.0112776 ], [ -87.6598458, 42.0112919 ], [ -87.6599593, 42.0114134 ], [ -87.6602487, 42.0116937 ], [ -87.6604445, 42.0118658 ], [ -87.660637, 42.0120501 ], [ -87.6607225, 42.0121542 ], [ -87.6607689, 42.0122209 ], [ -87.6608052, 42.0122664 ], [ -87.6608727, 42.0122459 ], [ -87.6609588, 42.0124274 ], [ -87.661018, 42.0125534 ], [ -87.6610527, 42.0126325 ], [ -87.6610582, 42.0127047 ], [ -87.6610581, 42.0127699 ], [ -87.6611303, 42.0127688 ], [ -87.6611599, 42.0128823 ], [ -87.6611788, 42.012956 ], [ -87.6611896, 42.0129812 ], [ -87.6612118, 42.0130332 ], [ -87.6612678, 42.0131254 ], [ -87.6613279, 42.0132341 ], [ -87.6613444, 42.0133113 ], [ -87.6613562, 42.0134624 ], [ -87.6614285, 42.01346 ], [ -87.6614287, 42.0135254 ], [ -87.6614585, 42.0136135 ], [ -87.6615107, 42.0136775 ], [ -87.6615856, 42.0139608 ], [ -87.6617179, 42.0140715 ], [ -87.6617401, 42.0141374 ], [ -87.6617694, 42.0143139 ], [ -87.661808, 42.0144434 ], [ -87.6618884, 42.014511 ], [ -87.6619138, 42.0147037 ], [ -87.6619165, 42.0147769 ], [ -87.6618991, 42.0148215 ], [ -87.6618969, 42.0149073 ], [ -87.6619096, 42.0149745 ], [ -87.6620571, 42.014972 ], [ -87.6620925, 42.0151258 ], [ -87.6621111, 42.0152532 ], [ -87.6620996, 42.0153351 ], [ -87.662108, 42.0154083 ], [ -87.6621272, 42.015468 ], [ -87.6621755, 42.0155442 ], [ -87.6622137, 42.0156033 ], [ -87.6622737, 42.0157365 ], [ -87.6622833, 42.0158498 ], [ -87.6622716, 42.0159407 ], [ -87.6622549, 42.0160109 ], [ -87.6622319, 42.0160507 ], [ -87.6621934, 42.0160849 ], [ -87.6621541, 42.0161032 ], [ -87.6621088, 42.0160976 ], [ -87.6620796, 42.0160745 ], [ -87.6620351, 42.0160651 ], [ -87.6620066, 42.0160702 ], [ -87.661961, 42.0160923 ], [ -87.6619451, 42.0161168 ], [ -87.6619474, 42.0161397 ], [ -87.6619918, 42.0162176 ], [ -87.6621286, 42.0164548 ], [ -87.662172, 42.0164861 ], [ -87.6622244, 42.0164845 ], [ -87.6622734, 42.0164641 ], [ -87.6623013, 42.0164183 ], [ -87.662316, 42.016392 ], [ -87.6623477, 42.0163751 ], [ -87.6624091, 42.0163835 ], [ -87.6624539, 42.0164094 ], [ -87.6625102, 42.0164478 ], [ -87.6625643, 42.0165057 ], [ -87.6626232, 42.0165803 ], [ -87.6626579, 42.0166582 ], [ -87.6627274, 42.0168289 ], [ -87.6627343, 42.0168561 ], [ -87.6627532, 42.0169307 ], [ -87.6627549, 42.0170241 ], [ -87.6627557, 42.0170662 ], [ -87.6627187, 42.0170887 ], [ -87.6626703, 42.0170643 ], [ -87.66262, 42.0170486 ], [ -87.6625322, 42.0170935 ], [ -87.6625659, 42.0172022 ], [ -87.662645, 42.0173747 ], [ -87.6627368, 42.0174547 ], [ -87.6627929, 42.0174785 ], [ -87.6628558, 42.0174618 ], [ -87.6629056, 42.0174248 ], [ -87.6629147, 42.0173957 ], [ -87.6629512, 42.0173695 ], [ -87.6629971, 42.0173648 ], [ -87.663133, 42.0173639 ], [ -87.663137, 42.0174526 ], [ -87.6631499, 42.0177368 ], [ -87.6632407, 42.0177894 ], [ -87.6632371, 42.0178443 ], [ -87.6632365, 42.0179022 ], [ -87.6632761, 42.0179717 ], [ -87.6633244, 42.0180215 ], [ -87.6633389, 42.018097 ], [ -87.6633165, 42.0182145 ], [ -87.6633205, 42.0182689 ], [ -87.6632844, 42.0182944 ], [ -87.6632182, 42.0183279 ], [ -87.6632206, 42.0184358 ], [ -87.6632983, 42.0185316 ], [ -87.663346, 42.018623 ], [ -87.6635994, 42.0187359 ], [ -87.6637769, 42.018986 ], [ -87.6638205, 42.0191069 ], [ -87.6638482, 42.0192014 ], [ -87.6638494, 42.0193399 ], [ -87.6638113, 42.0193755 ], [ -87.663641, 42.0193808 ], [ -87.6636431, 42.0195134 ], [ -87.6638102, 42.0195142 ], [ -87.6640106, 42.0201852 ], [ -87.663761, 42.0201988 ], [ -87.6637958, 42.0203596 ], [ -87.6637185, 42.0203792 ], [ -87.6638144, 42.0204842 ], [ -87.6638696, 42.0207375 ], [ -87.6640026, 42.0213485 ], [ -87.6642044, 42.0212589 ], [ -87.6643586, 42.0214705 ], [ -87.6643873, 42.0214976 ], [ -87.6644198, 42.0215009 ], [ -87.6644782, 42.021485 ], [ -87.6645587, 42.0216042 ], [ -87.6646195, 42.0217006 ], [ -87.6646174, 42.0217537 ], [ -87.664615, 42.0217897 ], [ -87.6645906, 42.0218119 ], [ -87.6645806, 42.0218474 ], [ -87.6646448, 42.0220296 ], [ -87.6647678, 42.0222224 ], [ -87.6647885, 42.0222354 ], [ -87.6648372, 42.0222831 ], [ -87.6648668, 42.022293 ], [ -87.664902, 42.0223006 ], [ -87.6649345, 42.0223148 ], [ -87.6650235, 42.022436 ], [ -87.6650778, 42.0225215 ], [ -87.6650782, 42.0225221 ], [ -87.6651227, 42.0226135 ], [ -87.6651493, 42.0227589 ], [ -87.6650707, 42.0229471 ], [ -87.6663973, 42.0229574 ], [ -87.6770684, 42.0230396 ], [ -87.6769892, 42.0226011 ], [ -87.6731196, 42.0193842 ], [ -87.6737258, 42.0193878 ], [ -87.674248, 42.019396 ], [ -87.6783404, 42.0194298 ], [ -87.680448, 42.019447 ], [ -87.6846452, 42.0194884 ], [ -87.6901786, 42.0195323 ], [ -87.7073071, 42.0191756 ], [ -87.7088881, 42.0191465 ], [ -87.7090647, 42.0118696 ], [ -87.70908, 42.011485 ], [ -87.7091634, 42.0107442 ], [ -87.709218, 42.009447 ], [ -87.709227, 42.009116 ], [ -87.709242, 42.008525 ], [ -87.70928, 42.007063 ], [ -87.709289, 42.006747 ], [ -87.709299, 42.006373 ], [ -87.7093, 42.006329 ], [ -87.709327, 42.005323 ], [ -87.709344, 42.004918 ], [ -87.709347, 42.004658 ], [ -87.709352, 42.004158 ], [ -87.709358, 42.003929 ], [ -87.709362, 42.003792 ], [ -87.709354, 41.9980595 ], [ -87.709349, 41.997848 ], [ -87.7093409, 41.9973809 ], [ -87.7106454, 41.9973646 ], [ -87.7116906, 41.9973545 ], [ -87.7130548, 41.9973399 ], [ -87.7155163, 41.9973135 ], [ -87.7179677, 41.9972868 ], [ -87.7180515, 41.9972863 ], [ -87.7183458, 41.9972808 ], [ -87.7184835, 41.9972809 ], [ -87.7264159, 41.9972507 ], [ -87.726629, 41.99725 ], [ -87.727179, 41.99725 ], [ -87.727274, 41.99725 ], [ -87.727363, 41.99725 ], [ -87.727672, 41.99725 ], [ -87.728599, 41.997252 ], [ -87.728909, 41.997253 ], [ -87.729153, 41.997252 ], [ -87.729886, 41.99725 ], [ -87.730131, 41.99725 ], [ -87.730373, 41.997249 ], [ -87.731102, 41.997246 ], [ -87.731345, 41.997246 ], [ -87.731587, 41.997245 ], [ -87.732316, 41.997243 ], [ -87.732559, 41.997243 ], [ -87.732802, 41.997243 ], [ -87.733531, 41.997243 ], [ -87.733775, 41.997243 ], [ -87.734018, 41.997243 ], [ -87.734747, 41.997243 ], [ -87.734991, 41.997243 ], [ -87.735233, 41.997243 ], [ -87.735961, 41.997243 ], [ -87.736204, 41.997244 ], [ -87.736447, 41.997244 ], [ -87.737176, 41.997245 ], [ -87.73742, 41.997246 ], [ -87.737654, 41.997246 ], [ -87.738358, 41.997248 ], [ -87.738593, 41.997249 ], [ -87.738675, 41.997249 ], [ -87.738924, 41.997249 ], [ -87.739007, 41.99725 ], [ -87.739174, 41.99725 ], [ -87.739678, 41.997252 ], [ -87.739846, 41.997253 ], [ -87.740088, 41.997254 ], [ -87.740817, 41.997257 ], [ -87.74106, 41.997258 ], [ -87.741303, 41.997259 ], [ -87.742033, 41.997262 ], [ -87.742277, 41.997263 ], [ -87.742519, 41.997263 ], [ -87.743245, 41.997266 ], [ -87.743488, 41.997268 ], [ -87.743731, 41.997269 ], [ -87.744462, 41.997272 ], [ -87.744706, 41.997274 ], [ -87.744949, 41.997274 ], [ -87.745678, 41.997277 ], [ -87.745922, 41.997278 ], [ -87.746164, 41.997279 ], [ -87.74689, 41.997282 ], [ -87.748928, 41.99729 ], [ -87.751143, 41.997298 ], [ -87.752881, 41.997303 ], [ -87.76227, 42.001687 ], [ -87.762204, 42.001876 ], [ -87.761958, 42.002637 ], [ -87.761953, 42.002657 ], [ -87.7619364, 42.0027455 ], [ -87.7618941, 42.0031795 ], [ -87.761893, 42.003183 ], [ -87.7618182, 42.0046474 ], [ -87.7617943, 42.0052041 ], [ -87.7616668, 42.0082785 ], [ -87.7629285, 42.0082905 ], [ -87.7674743, 42.0083317 ], [ -87.7675491, 42.0046641 ], [ -87.7654809, 42.003698 ], [ -87.7657363, 42.0033936 ], [ -87.7657829, 42.0033378 ], [ -87.7658803, 42.0033832 ], [ -87.7675743, 42.0041582 ], [ -87.7677857, 42.0042573 ], [ -87.7678582, 42.0042885 ], [ -87.769393, 42.004954 ], [ -87.769545, 42.005253 ], [ -87.770004, 42.006151 ], [ -87.770157, 42.006451 ], [ -87.7704311, 42.0063424 ], [ -87.7706107, 42.0066871 ], [ -87.7707297, 42.0069156 ], [ -87.7708571, 42.0071601 ], [ -87.7709621, 42.0073616 ], [ -87.7711469, 42.0077164 ], [ -87.7713079, 42.0080255 ], [ -87.7713442, 42.0080951 ], [ -87.7714133, 42.0082277 ], [ -87.7714392, 42.0082776 ], [ -87.7716816, 42.0087428 ], [ -87.7719366, 42.0092323 ], [ -87.7720595, 42.0094703 ], [ -87.7724111, 42.0101514 ], [ -87.7731225, 42.0115291 ], [ -87.7732704, 42.0118104 ], [ -87.7733483, 42.0119587 ], [ -87.7735277, 42.011961 ], [ -87.7739373, 42.0119664 ], [ -87.7741731, 42.0119672 ], [ -87.774598, 42.0119688 ], [ -87.7747381, 42.0119693 ], [ -87.7748779, 42.0119699 ], [ -87.7750425, 42.0119705 ], [ -87.7751921, 42.0119711 ], [ -87.7752071, 42.0119712 ], [ -87.7753593, 42.0119719 ], [ -87.7755008, 42.0119725 ], [ -87.775646, 42.0119732 ], [ -87.7757943, 42.0119738 ], [ -87.7759593, 42.0119749 ], [ -87.7760632, 42.0119756 ], [ -87.7762149, 42.0119765 ], [ -87.7763592, 42.011978 ], [ -87.7764922, 42.0119792 ], [ -87.7766335, 42.0119803 ], [ -87.776983, 42.0119832 ], [ -87.7770434, 42.0119845 ], [ -87.7770361, 42.0129196 ], [ -87.7769485, 42.0156119 ], [ -87.7791284, 42.0155978 ], [ -87.7791849, 42.0138475 ], [ -87.7792502, 42.0125206 ], [ -87.7792493, 42.011996 ], [ -87.779282, 42.011996 ], [ -87.7795991, 42.0119965 ], [ -87.7799745, 42.011997 ], [ -87.7804354, 42.0119981 ], [ -87.780632, 42.0119973 ], [ -87.7818305, 42.0119996 ], [ -87.7820236, 42.0120014 ], [ -87.7825279, 42.012002 ], [ -87.7826751, 42.0120022 ], [ -87.7829017, 42.0120025 ], [ -87.7831213, 42.0120028 ], [ -87.7833703, 42.0120031 ], [ -87.7842073, 42.0120042 ], [ -87.7843503, 42.0120044 ], [ -87.7847006, 42.0120033 ], [ -87.7848442, 42.0120026 ], [ -87.7852039, 42.0120017 ], [ -87.7854463, 42.0120011 ], [ -87.7855677, 42.0120008 ], [ -87.7856333, 42.0120006 ], [ -87.7865965, 42.0119983 ], [ -87.7867327, 42.011998 ], [ -87.787089, 42.0119971 ], [ -87.7873265, 42.0119964 ], [ -87.7874759, 42.0119962 ], [ -87.7875423, 42.0119963 ], [ -87.7876971, 42.0119966 ], [ -87.7880485, 42.0119999 ], [ -87.7885292, 42.0120001 ], [ -87.7887285, 42.0120023 ], [ -87.7886168, 42.0118744 ], [ -87.7883444, 42.0115482 ], [ -87.7882609, 42.0114519 ], [ -87.7881184, 42.011282 ], [ -87.7879417, 42.0110758 ], [ -87.787636, 42.0107246 ], [ -87.7870884, 42.0100821 ], [ -87.7867196, 42.0096525 ], [ -87.7866588, 42.0095814 ], [ -87.7865665, 42.0094733 ], [ -87.7864785, 42.0093703 ], [ -87.7864496, 42.0093365 ], [ -87.7863938, 42.0092708 ], [ -87.786315, 42.009178 ], [ -87.7862077, 42.0090518 ], [ -87.7861601, 42.0089957 ], [ -87.7860872, 42.0089102 ], [ -87.7859267, 42.008722 ], [ -87.7858209, 42.008598 ], [ -87.7857954, 42.0085681 ], [ -87.785724, 42.008485 ], [ -87.7856362, 42.0083827 ], [ -87.785544, 42.0082754 ], [ -87.7854634, 42.0081816 ], [ -87.7853709, 42.0080739 ], [ -87.7852409, 42.0079257 ], [ -87.7851603, 42.0078297 ], [ -87.7850293, 42.0076775 ], [ -87.7846893, 42.007276 ], [ -87.7844746, 42.0070253 ], [ -87.7844111, 42.0069511 ], [ -87.7843805, 42.0069153 ], [ -87.7843247, 42.0068499 ], [ -87.784226, 42.0067342 ], [ -87.7841338, 42.0066263 ], [ -87.7840465, 42.006524 ], [ -87.7839573, 42.0064194 ], [ -87.7838656, 42.0063119 ], [ -87.7837926, 42.0062264 ], [ -87.7837005, 42.0061185 ], [ -87.7836077, 42.0060097 ], [ -87.783458, 42.0058342 ], [ -87.7833762, 42.0057383 ], [ -87.7832157, 42.0055496 ], [ -87.7831565, 42.0054848 ], [ -87.7830044, 42.0053173 ], [ -87.7829518, 42.0052652 ], [ -87.7828308, 42.0051453 ], [ -87.7828031, 42.0051179 ], [ -87.7827035, 42.0050281 ], [ -87.7826176, 42.0049507 ], [ -87.7824555, 42.0048149 ], [ -87.7822381, 42.0046508 ], [ -87.7822225, 42.004639 ], [ -87.7819923, 42.0044914 ], [ -87.7820629, 42.0044584 ], [ -87.7825438, 42.0042542 ], [ -87.7828962, 42.0040923 ], [ -87.790327, 42.0007333 ], [ -87.7907381, 42.0005592 ], [ -87.7911292, 42.001 ], [ -87.7971464, 42.0009531 ], [ -87.7971544, 42.0000226 ], [ -87.7994051, 42.0000029 ], [ -87.7996079, 42.0009553 ], [ -87.8010958, 42.0009549 ], [ -87.8010919, 42.0015516 ], [ -87.8053289, 42.0015063 ], [ -87.8053213, 42.000871 ], [ -87.8067298, 42.0008461 ], [ -87.8065485, 42.018966 ], [ -87.8138802, 42.0188045 ], [ -87.8163372, 42.0187496 ], [ -87.8175612, 42.0187223 ], [ -87.8187738, 42.018694 ], [ -87.821223, 42.0186382 ], [ -87.8212222, 42.0155353 ], [ -87.820551, 42.0155432 ], [ -87.8200702, 42.0155468 ], [ -87.8201033, 42.0139316 ], [ -87.8201057, 42.013013 ], [ -87.8201187, 42.0119655 ], [ -87.8197686, 42.0119724 ], [ -87.8197511, 42.0113883 ], [ -87.821253, 42.011357 ], [ -87.8214013, 41.9968801 ], [ -87.821414, 41.996851 ], [ -87.821465, 41.996659 ], [ -87.821609, 41.996126 ], [ -87.821619, 41.996083 ], [ -87.821666, 41.99589 ], [ -87.821713, 41.99571 ], [ -87.821715, 41.995706 ], [ -87.821818, 41.995204 ], [ -87.821823, 41.995164 ], [ -87.82185, 41.994981 ], [ -87.821905, 41.994653 ], [ -87.822072, 41.993669 ], [ -87.822128, 41.993342 ], [ -87.822151, 41.993215 ], [ -87.822152, 41.993211 ], [ -87.822202, 41.992831 ], [ -87.822219, 41.992704 ], [ -87.822244, 41.992513 ], [ -87.822323, 41.991941 ], [ -87.82235, 41.991751 ], [ -87.822371, 41.991591 ], [ -87.822437, 41.991111 ], [ -87.822459, 41.990952 ], [ -87.822478, 41.990805 ], [ -87.822537, 41.990364 ], [ -87.822557, 41.990218 ], [ -87.822587, 41.989993 ], [ -87.822679, 41.989318 ], [ -87.82271, 41.989094 ], [ -87.822751, 41.988785 ], [ -87.822875, 41.987858 ], [ -87.822917, 41.98755 ], [ -87.822936, 41.987404 ], [ -87.822947, 41.987329 ], [ -87.822977, 41.987107 ], [ -87.822995, 41.986966 ], [ -87.822996, 41.986964 ], [ -87.823016, 41.986821 ], [ -87.823036, 41.986667 ], [ -87.82306, 41.986492 ], [ -87.823067, 41.986446 ], [ -87.823097, 41.986224 ], [ -87.823124, 41.98601 ], [ -87.823129, 41.98597 ], [ -87.823152, 41.985796 ], [ -87.82317, 41.985661 ], [ -87.823225, 41.985256 ], [ -87.8233502, 41.9844822 ], [ -87.8234729, 41.9844973 ], [ -87.8241733, 41.9845837 ], [ -87.8261071, 41.9848756 ], [ -87.827684, 41.985118 ], [ -87.827945, 41.985155 ], [ -87.828189, 41.98519 ], [ -87.828924, 41.985295 ], [ -87.829169, 41.985331 ], [ -87.829412, 41.985365 ], [ -87.830141, 41.985468 ], [ -87.830385, 41.985503 ], [ -87.830631, 41.985537 ], [ -87.831369, 41.985642 ], [ -87.831615, 41.985677 ], [ -87.831859, 41.985712 ], [ -87.83209, 41.985745 ], [ -87.8330256, 41.9858713 ], [ -87.834745, 41.98611 ], [ -87.834993, 41.986144 ], [ -87.834996, 41.986144 ], [ -87.835241, 41.986179 ], [ -87.835399, 41.986201 ], [ -87.835873, 41.986267 ], [ -87.836032, 41.98629 ], [ -87.836149, 41.986306 ], [ -87.836302, 41.986328 ], [ -87.8366256, 41.9863941 ], [ -87.837867, 41.986552 ], [ -87.8404066, 41.9869416 ], [ -87.8411957, 41.9870576 ], [ -87.841946, 41.987167 ], [ -87.843204, 41.987361 ], [ -87.843946, 41.987471 ], [ -87.844998, 41.987623 ], [ -87.845053, 41.987634 ], [ -87.845762, 41.987739 ], [ -87.846529, 41.987853 ], [ -87.84713, 41.987942 ], [ -87.84736, 41.987976 ], [ -87.848382, 41.988131 ], [ -87.848935, 41.988211 ], [ -87.849537, 41.988299 ], [ -87.849649, 41.988313 ], [ -87.849987, 41.988357 ], [ -87.8501, 41.988372 ], [ -87.850702, 41.988438 ], [ -87.851257, 41.988485 ], [ -87.851327, 41.988492 ], [ -87.851768, 41.98852 ], [ -87.85273, 41.988561 ], [ -87.853168, 41.988577 ], [ -87.853425, 41.98859 ], [ -87.853858, 41.988616 ], [ -87.854132, 41.98865 ], [ -87.854607, 41.988718 ], [ -87.854732, 41.988741 ], [ -87.85483, 41.98876 ], [ -87.8552039, 41.9888458 ], [ -87.855531, 41.988953 ], [ -87.855599, 41.988975 ], [ -87.855725, 41.989016 ], [ -87.8558124, 41.989041 ], [ -87.8556814, 41.9887242 ], [ -87.8556169, 41.9885647 ], [ -87.8554951, 41.988263 ], [ -87.8555039, 41.9879142 ], [ -87.8556006, 41.9876024 ], [ -87.8557857, 41.9872 ], [ -87.8560714, 41.9865613 ], [ -87.8564895, 41.985536 ], [ -87.8566878, 41.9849952 ], [ -87.856734, 41.9848231 ], [ -87.8566541, 41.9842741 ], [ -87.85652, 41.9839591 ], [ -87.8561981, 41.9831457 ], [ -87.8560071, 41.9825338 ], [ -87.8558056, 41.9820184 ], [ -87.855726, 41.9817177 ], [ -87.8558499, 41.9810831 ], [ -87.8564209, 41.9802149 ], [ -87.8567503, 41.9799571 ], [ -87.8571033, 41.9797197 ], [ -87.8574222, 41.9794697 ], [ -87.8576994, 41.9792723 ], [ -87.8579927, 41.9789923 ], [ -87.8591073, 41.9779424 ], [ -87.8605554, 41.9766439 ], [ -87.8609979, 41.9763356 ], [ -87.8613959, 41.9759391 ], [ -87.8616996, 41.9756093 ], [ -87.8618676, 41.9752704 ], [ -87.8620155, 41.9748442 ], [ -87.8620832, 41.974499 ], [ -87.8620894, 41.9741529 ], [ -87.862051, 41.9738637 ], [ -87.8674848, 41.973737 ], [ -87.8674968, 41.9740068 ], [ -87.8678432, 41.9740012 ], [ -87.8678392, 41.9738201 ], [ -87.8685902, 41.9738095 ], [ -87.8685921, 41.9739761 ], [ -87.8758962, 41.973922 ], [ -87.875884, 41.9766078 ], [ -87.873799, 41.97673 ], [ -87.875999, 41.9830296 ], [ -87.8780239, 41.9887699 ], [ -87.878662, 41.9905977 ], [ -87.8803548, 41.9952298 ], [ -87.884532, 41.995132 ], [ -87.8845335, 41.9982212 ], [ -87.8845401, 41.9982345 ], [ -87.884564, 41.9982469 ], [ -87.8858584, 41.998547 ], [ -87.8881949, 41.9990474 ], [ -87.891225, 41.999571 ], [ -87.892298, 41.999708 ], [ -87.89258, 41.999766 ], [ -87.892867, 41.999856 ], [ -87.8970522, 42.0004544 ], [ -87.8970844, 42.0021766 ], [ -87.893082, 42.002252 ], [ -87.890131, 42.00232 ], [ -87.8899524, 42.0032401 ], [ -87.8918738, 42.0040327 ], [ -87.8941307, 42.0040489 ], [ -87.8941187, 42.005474 ], [ -87.894946, 42.005807 ], [ -87.895416, 42.00602 ], [ -87.896121, 42.006347 ], [ -87.896601, 42.00657 ], [ -87.897292, 42.006873 ], [ -87.8980177, 42.007128 ], [ -87.898609, 42.007335 ], [ -87.899307, 42.007538 ], [ -87.899973, 42.007722 ], [ -87.901106, 42.008016 ], [ -87.902303, 42.008338 ], [ -87.9043261, 42.0088996 ], [ -87.9077104, 42.0087665 ], [ -87.9076905, 42.0056511 ], [ -87.9076877, 42.005204 ], [ -87.9076874, 42.0051583 ], [ -87.9090785, 42.0051476 ], [ -87.911266, 42.005129 ], [ -87.911746, 42.005129 ], [ -87.913008, 42.0051179 ], [ -87.9130253, 42.0062567 ], [ -87.9132537, 42.0062569 ], [ -87.9132942, 42.0085962 ], [ -87.9137817, 42.0085885 ], [ -87.91378, 42.0084483 ], [ -87.9137739, 42.0081599 ], [ -87.9137263, 42.0081599 ], [ -87.9137191, 42.0073065 ], [ -87.913692, 42.0062572 ], [ -87.9136951, 42.0061267 ], [ -87.9137288, 42.0060058 ], [ -87.9137472, 42.0051416 ], [ -87.9147378, 42.005134 ], [ -87.92062, 42.0051438 ], [ -87.9206223, 42.0046885 ], [ -87.9215169, 42.0046834 ], [ -87.9230615, 42.0063633 ], [ -87.9258211, 42.007401 ], [ -87.929227, 42.004986 ], [ -87.92926, 42.004955 ], [ -87.929333, 42.004832 ], [ -87.929491, 42.004884 ], [ -87.929601, 42.004889 ], [ -87.929617, 42.004891 ], [ -87.930366, 42.004989 ], [ -87.933092, 42.005396 ], [ -87.933071, 42.005525 ], [ -87.933256, 42.00809 ], [ -87.933274, 42.008184 ], [ -87.935212, 42.008159 ], [ -87.935011, 42.00109 ], [ -87.9352556, 42.0008945 ], [ -87.9400876, 42.0008044 ] ], [ [ -87.8465588, 41.966415 ], [ -87.84654, 41.971903 ], [ -87.8415729, 41.9719756 ], [ -87.841583, 41.970159 ], [ -87.8367752, 41.9702314 ], [ -87.8366627, 41.9702331 ], [ -87.8366544, 41.9713725 ], [ -87.8379566, 41.9713567 ], [ -87.8379368, 41.9738384 ], [ -87.84155, 41.973788 ], [ -87.8415523, 41.9746906 ], [ -87.8366331, 41.9747747 ], [ -87.8366377, 41.9753068 ], [ -87.8337619, 41.9753518 ], [ -87.8337589, 41.9752439 ], [ -87.8335921, 41.9752467 ], [ -87.8335862, 41.9749199 ], [ -87.8334462, 41.9749205 ], [ -87.8334014, 41.9739145 ], [ -87.8317273, 41.9739463 ], [ -87.8317226, 41.9730577 ], [ -87.8267245, 41.9731263 ], [ -87.826735, 41.974034 ], [ -87.8241333, 41.9741011 ], [ -87.8237813, 41.9741102 ], [ -87.823442, 41.974119 ], [ -87.822248, 41.974149 ], [ -87.8194136, 41.9742259 ], [ -87.819401, 41.974223 ], [ -87.819435, 41.973221 ], [ -87.8190813, 41.9732206 ], [ -87.819077, 41.9731278 ], [ -87.8189644, 41.9731298 ], [ -87.8189773, 41.970618 ], [ -87.8184183, 41.9706302 ], [ -87.8175195, 41.9706487 ], [ -87.8169486, 41.9706602 ], [ -87.8169481, 41.9706823 ], [ -87.816952, 41.970728 ], [ -87.816949, 41.970934 ], [ -87.816949, 41.971003 ], [ -87.816948, 41.971116 ], [ -87.816945, 41.971454 ], [ -87.816945, 41.971568 ], [ -87.816943, 41.971749 ], [ -87.816937, 41.972293 ], [ -87.816929, 41.973201 ], [ -87.816917, 41.974289 ], [ -87.8153017, 41.974334 ], [ -87.8116993, 41.9744309 ], [ -87.808046, 41.974518 ], [ -87.8070348, 41.974536 ], [ -87.807063, 41.973495 ], [ -87.8071573, 41.968261 ], [ -87.805791, 41.968278 ], [ -87.80466, 41.968284 ], [ -87.8025319, 41.9682963 ], [ -87.8025214, 41.9687612 ], [ -87.7880142, 41.9688639 ], [ -87.7880143, 41.9688565 ], [ -87.7880151, 41.968765 ], [ -87.7880176, 41.9685002 ], [ -87.7880184, 41.9684137 ], [ -87.7879079, 41.9684151 ], [ -87.7869791, 41.9684271 ], [ -87.7869279, 41.9684278 ], [ -87.7867975, 41.9684295 ], [ -87.7867343, 41.9684301 ], [ -87.7867502, 41.9660901 ], [ -87.7867777, 41.9636004 ], [ -87.7867982, 41.9634922 ], [ -87.7868173, 41.9634532 ], [ -87.7868653, 41.9633846 ], [ -87.786911, 41.9629885 ], [ -87.7868994, 41.9620762 ], [ -87.7868157, 41.9602051 ], [ -87.7869557, 41.9602028 ], [ -87.7941616, 41.9600801 ], [ -87.7942767, 41.9600575 ], [ -87.8013402, 41.9567116 ], [ -87.807291, 41.953866 ], [ -87.8072889, 41.9537203 ], [ -87.807269, 41.952765 ], [ -87.8219647, 41.9523896 ], [ -87.8318069, 41.9521662 ], [ -87.8318109, 41.9524986 ], [ -87.831815, 41.953782 ], [ -87.8318093, 41.9545463 ], [ -87.831822, 41.955473 ], [ -87.831821, 41.955478 ], [ -87.8318398, 41.9558187 ], [ -87.831872, 41.955925 ], [ -87.831967, 41.956377 ], [ -87.831975, 41.95645 ], [ -87.831991, 41.956549 ], [ -87.832002, 41.956609 ], [ -87.832075, 41.956979 ], [ -87.83223, 41.957594 ], [ -87.832342, 41.958017 ], [ -87.832493, 41.958628 ], [ -87.832604, 41.959076 ], [ -87.832639, 41.959272 ], [ -87.8326719, 41.9594283 ], [ -87.836673, 41.959381 ], [ -87.8367062, 41.959885 ], [ -87.8366781, 41.9665988 ], [ -87.836771, 41.9665971 ], [ -87.8369192, 41.9665944 ], [ -87.8372607, 41.9665882 ], [ -87.8373263, 41.966587 ], [ -87.8375344, 41.9665832 ], [ -87.8379302, 41.966576 ], [ -87.8381751, 41.9665715 ], [ -87.8383878, 41.9665676 ], [ -87.8384963, 41.9665657 ], [ -87.8385929, 41.9665639 ], [ -87.838899, 41.9665583 ], [ -87.8391637, 41.9665535 ], [ -87.8395799, 41.9665459 ], [ -87.8397936, 41.966542 ], [ -87.8403969, 41.9665287 ], [ -87.8406908, 41.966523 ], [ -87.8415182, 41.9665068 ], [ -87.8416217, 41.9665048 ], [ -87.8417132, 41.966503 ], [ -87.8427498, 41.9664828 ], [ -87.8428342, 41.9664812 ], [ -87.8433704, 41.9664708 ], [ -87.8434969, 41.9664683 ], [ -87.8438094, 41.9664622 ], [ -87.8440478, 41.9664575 ], [ -87.8445881, 41.966447 ], [ -87.8447118, 41.9664446 ], [ -87.8452608, 41.9664339 ], [ -87.8458118, 41.9664231 ], [ -87.8459653, 41.9664201 ], [ -87.8459879, 41.9664197 ], [ -87.8463838, 41.966414 ], [ -87.8464881, 41.9664143 ], [ -87.8465588, 41.966415 ] ], [ [ -87.8351004, 41.9804952 ], [ -87.8350959, 41.9808355 ], [ -87.834477, 41.9808459 ], [ -87.8342341, 41.9808542 ], [ -87.8342411, 41.9813014 ], [ -87.8350899, 41.9812864 ], [ -87.8350716, 41.9826747 ], [ -87.8335959, 41.9826667 ], [ -87.833584, 41.9835711 ], [ -87.8332111, 41.9835679 ], [ -87.8332105, 41.9836118 ], [ -87.8282368, 41.9836876 ], [ -87.8282574, 41.9819175 ], [ -87.8252713, 41.9819628 ], [ -87.8252976, 41.9829991 ], [ -87.8236459, 41.9830238 ], [ -87.8237799, 41.9819857 ], [ -87.8238429, 41.9819842 ], [ -87.8244848, 41.9770458 ], [ -87.8244219, 41.9770469 ], [ -87.8245484, 41.9760744 ], [ -87.8317456, 41.9759507 ], [ -87.8336223, 41.9759185 ], [ -87.8336189, 41.9768906 ], [ -87.831749, 41.9769225 ], [ -87.8296042, 41.9769591 ], [ -87.8296082, 41.9774031 ], [ -87.8300374, 41.9773961 ], [ -87.8300521, 41.9779884 ], [ -87.8300253, 41.9779889 ], [ -87.8300294, 41.9784181 ], [ -87.8286389, 41.9784395 ], [ -87.8286374, 41.9787694 ], [ -87.8286944, 41.9787683 ], [ -87.8286962, 41.9791196 ], [ -87.8281745, 41.9791232 ], [ -87.8279906, 41.9791195 ], [ -87.8279899, 41.9792918 ], [ -87.8286957, 41.9792857 ], [ -87.8286928, 41.9801907 ], [ -87.828858, 41.9801879 ], [ -87.8288595, 41.9806004 ], [ -87.8351004, 41.9804952 ] ], [ [ -87.6961788, 41.698956 ], [ -87.6912035, 41.6989802 ], [ -87.6909766, 41.692205 ], [ -87.6921002, 41.6921831 ], [ -87.6920885, 41.6917686 ], [ -87.6920858, 41.6916738 ], [ -87.6959171, 41.6916338 ], [ -87.6961788, 41.698956 ] ] ] } },
{ "type": "Feature", "properties": { "Store_Location": "Houston" }, "geometry": { "type": "MultiPolygon", "coordinates": [ [ [ [ -95.2682133, 29.9545607 ], [ -95.2683068, 29.9546296 ], [ -95.2683939, 29.9546797 ], [ -95.2684883, 29.9547207 ], [ -95.2685962, 29.954753 ], [ -95.2686995, 29.9547709 ], [ -95.2688104, 29.9547763 ], [ -95.2689214, 29.9547669 ], [ -95.269017, 29.9547458 ], [ -95.2691357, 29.9546993 ], [ -95.2692374, 29.9546353 ], [ -95.2694643, 29.954426 ], [ -95.2695412, 29.954332 ], [ -95.2696444, 29.9542321 ], [ -95.2697416, 29.9541557 ], [ -95.2698714, 29.9540741 ], [ -95.269971, 29.954032 ], [ -95.2700397, 29.9539939 ], [ -95.2701969, 29.9539392 ], [ -95.2703932, 29.953893 ], [ -95.2705705, 29.9538693 ], [ -95.2707851, 29.9538609 ], [ -95.2710404, 29.953876 ], [ -95.2718255, 29.954019 ], [ -95.2723999, 29.9540924 ], [ -95.2728611, 29.9541273 ], [ -95.2733268, 29.9541355 ], [ -95.2736817, 29.9541224 ], [ -95.2741481, 29.9540664 ], [ -95.2744915, 29.9540057 ], [ -95.274782, 29.95395 ], [ -95.2754029, 29.9538092 ], [ -95.275643, 29.9538063 ], [ -95.2758748, 29.9538372 ], [ -95.2760257, 29.9538767 ], [ -95.2762625, 29.9539602 ], [ -95.276389, 29.9540254 ], [ -95.2764886, 29.9540946 ], [ -95.2765991, 29.9541959 ], [ -95.2766763, 29.9542883 ], [ -95.2775882, 29.9552536 ], [ -95.2776999, 29.9553494 ], [ -95.2778197, 29.9554355 ], [ -95.2779468, 29.9555113 ], [ -95.2780804, 29.9555759 ], [ -95.2782458, 29.9556388 ], [ -95.2790325, 29.9558968 ], [ -95.2811409, 29.9565175 ], [ -95.2812518, 29.9565572 ], [ -95.2813373, 29.9566035 ], [ -95.2813927, 29.9566264 ], [ -95.2815388, 29.9567258 ], [ -95.2819799, 29.9569721 ], [ -95.2834562, 29.9577329 ], [ -95.283494, 29.957752 ], [ -95.2835889, 29.9577872 ], [ -95.2837629, 29.9578373 ], [ -95.285432, 29.957829 ], [ -95.2854335, 29.9578332 ], [ -95.2854343, 29.9580807 ], [ -95.2859455, 29.9581693 ], [ -95.2861429, 29.9582287 ], [ -95.2863715, 29.9583692 ], [ -95.2867015, 29.9585139 ], [ -95.2868354, 29.9585873 ], [ -95.2866518, 29.9587733 ], [ -95.2864716, 29.9594623 ], [ -95.2854391, 29.961792 ], [ -95.2832096, 29.9667625 ], [ -95.2830751, 29.9667643 ], [ -95.2830677, 29.9668621 ], [ -95.2830735, 29.9670346 ], [ -95.2834159, 29.9670313 ], [ -95.2832946, 29.9673156 ], [ -95.2829789, 29.9673169 ], [ -95.2828349, 29.9675949 ], [ -95.2826285, 29.9682062 ], [ -95.2830106, 29.968209 ], [ -95.282696, 29.9688678 ], [ -95.2822187, 29.9689052 ], [ -95.2822181, 29.9690282 ], [ -95.2816295, 29.9703271 ], [ -95.2814279, 29.9707719 ], [ -95.2805709, 29.972797 ], [ -95.2805433, 29.9728623 ], [ -95.2795998, 29.9748627 ], [ -95.2791197, 29.9759038 ], [ -95.2790665, 29.9760555 ], [ -95.2788986, 29.9764206 ], [ -95.2785423, 29.9771087 ], [ -95.2780971, 29.9778466 ], [ -95.2775572, 29.978563 ], [ -95.2771976, 29.9792207 ], [ -95.2769849, 29.9796858 ], [ -95.276775, 29.9799077 ], [ -95.2765068, 29.9807092 ], [ -95.2763508, 29.9813682 ], [ -95.2762845, 29.9819149 ], [ -95.2760217, 29.9825569 ], [ -95.2770685, 29.9845007 ], [ -95.2766324, 29.9855677 ], [ -95.2761697, 29.9866602 ], [ -95.2757262, 29.9876244 ], [ -95.277094, 29.9880448 ], [ -95.2782319, 29.9880115 ], [ -95.2782093, 29.9906195 ], [ -95.2781893, 29.99075 ], [ -95.2781908, 29.9963531 ], [ -95.2780567, 29.9966629 ], [ -95.2779893, 29.996792 ], [ -95.2778796, 29.9969545 ], [ -95.2777631, 29.9970886 ], [ -95.2775995, 29.9972355 ], [ -95.2774147, 29.9973618 ], [ -95.277258, 29.997439 ], [ -95.2770629, 29.9975083 ], [ -95.277091, 30.0003288 ], [ -95.2771014, 30.0008555 ], [ -95.2771351, 30.0014371 ], [ -95.2771332, 30.0016999 ], [ -95.2792041, 30.0016618 ], [ -95.2812711, 30.0016475 ], [ -95.2825464, 30.0016527 ], [ -95.2839209, 30.0016208 ], [ -95.284482, 30.0016245 ], [ -95.2844822, 30.0051942 ], [ -95.2844993, 30.0052323 ], [ -95.2845291, 30.0068384 ], [ -95.2868603, 30.0068309 ], [ -95.2868501, 30.0047432 ], [ -95.2909161, 30.0047462 ], [ -95.2932635, 30.0047368 ], [ -95.2932798, 30.0056522 ], [ -95.2938169, 30.0056516 ], [ -95.2938203, 30.0060916 ], [ -95.2958114, 30.0060892 ], [ -95.2958053, 30.0053926 ], [ -95.2952687, 30.0054014 ], [ -95.2952663, 30.0051793 ], [ -95.2957893, 30.005152 ], [ -95.2957944, 30.0047214 ], [ -95.2952762, 30.0047276 ], [ -95.295276, 30.0045948 ], [ -95.2957924, 30.0046084 ], [ -95.2958024, 30.0033222 ], [ -95.2958337, 30.0013585 ], [ -95.2968164, 30.001344 ], [ -95.2974826, 30.0013471 ], [ -95.299091, 30.0013259 ], [ -95.3012568, 30.0012974 ], [ -95.3017327, 30.0012991 ], [ -95.3018467, 30.0012994 ], [ -95.3029691, 30.0012635 ], [ -95.303241, 30.0012746 ], [ -95.3035093, 30.0013145 ], [ -95.3037334, 30.0013712 ], [ -95.3039141, 30.0014338 ], [ -95.3044488, 30.0016495 ], [ -95.3057293, 30.0021962 ], [ -95.3077264, 30.0029736 ], [ -95.3102697, 30.0039852 ], [ -95.3111379, 30.0043712 ], [ -95.3118423, 30.0045299 ], [ -95.3121875, 30.0046228 ], [ -95.3124387, 30.0047027 ], [ -95.3143919, 30.0053636 ], [ -95.3171027, 30.0063785 ], [ -95.3171276, 30.0064064 ], [ -95.3182859, 30.0068503 ], [ -95.3195603, 30.0073569 ], [ -95.3195615, 30.0073454 ], [ -95.3195875, 30.0073492 ], [ -95.3212772, 30.0080618 ], [ -95.323647, 30.0089955 ], [ -95.3250233, 30.0095309 ], [ -95.3262328, 30.0099899 ], [ -95.3279928, 30.0106369 ], [ -95.3300334, 30.0114308 ], [ -95.3300335, 30.0114414 ], [ -95.3309935, 30.0115712 ], [ -95.3333429, 30.0119908 ], [ -95.3333673, 30.0119838 ], [ -95.3405695, 30.0132797 ], [ -95.3406236, 30.0132775 ], [ -95.3411396, 30.0133606 ], [ -95.3411683, 30.0134065 ], [ -95.342069, 30.0135248 ], [ -95.3433206, 30.0137313 ], [ -95.3433786, 30.0137798 ], [ -95.3540638, 30.0155662 ], [ -95.3621245, 30.017069 ], [ -95.372113, 30.0188137 ], [ -95.373307, 30.0190445 ], [ -95.380135, 30.0202175 ], [ -95.3799456, 30.0197615 ], [ -95.3797953, 30.0193309 ], [ -95.3796732, 30.0190624 ], [ -95.3793466, 30.0184447 ], [ -95.3790728, 30.0179634 ], [ -95.378617, 30.017181 ], [ -95.3773886, 30.0152802 ], [ -95.3770288, 30.0146716 ], [ -95.3754833, 30.0120638 ], [ -95.3740522, 30.0095797 ], [ -95.3739378, 30.0093401 ], [ -95.3736906, 30.0086675 ], [ -95.3729121, 30.0062029 ], [ -95.3723028, 30.0043912 ], [ -95.3719571, 30.0037776 ], [ -95.3717063, 30.0027932 ], [ -95.3712284, 30.001305 ], [ -95.3714842, 30.0011731 ], [ -95.375769, 29.9988466 ], [ -95.3734724, 29.9956814 ], [ -95.370474, 29.9988383 ], [ -95.3702777, 29.9981866 ], [ -95.3695434, 29.9958739 ], [ -95.3686771, 29.9932554 ], [ -95.3674, 29.9889905 ], [ -95.3657385, 29.9840576 ], [ -95.3650382, 29.9819413 ], [ -95.3647053, 29.9809724 ], [ -95.3646407, 29.979922 ], [ -95.3642484, 29.9708997 ], [ -95.3641185, 29.967679 ], [ -95.3640357, 29.966341 ], [ -95.3639934, 29.9660598 ], [ -95.3639277, 29.9658025 ], [ -95.3638331, 29.9655092 ], [ -95.3637814, 29.9653812 ], [ -95.3637178, 29.9652571 ], [ -95.3634568, 29.9648112 ], [ -95.3632181, 29.9644261 ], [ -95.3626945, 29.9637058 ], [ -95.3621523, 29.9629138 ], [ -95.3618758, 29.9625374 ], [ -95.361678, 29.9622329 ], [ -95.3613559, 29.9616856 ], [ -95.3611972, 29.9613964 ], [ -95.3610974, 29.9611564 ], [ -95.3607973, 29.9605234 ], [ -95.3606669, 29.9600884 ], [ -95.3603843, 29.9590461 ], [ -95.3602991, 29.9585993 ], [ -95.3585318, 29.9512563 ], [ -95.3584046, 29.9508611 ], [ -95.3583929, 29.9506705 ], [ -95.357525, 29.9468552 ], [ -95.356314, 29.9414547 ], [ -95.356056, 29.9400482 ], [ -95.3562563, 29.9398065 ], [ -95.3562653, 29.9393972 ], [ -95.3563498, 29.9386008 ], [ -95.3563191, 29.9385737 ], [ -95.3563748, 29.9369378 ], [ -95.3563716, 29.9368102 ], [ -95.3563192, 29.9356542 ], [ -95.3562473, 29.9345532 ], [ -95.3562248, 29.934061 ], [ -95.3561408, 29.9314661 ], [ -95.3560467, 29.9295078 ], [ -95.3560005, 29.9277802 ], [ -95.3560309, 29.9276549 ], [ -95.355974, 29.9261166 ], [ -95.35592, 29.9250214 ], [ -95.3559009, 29.9241724 ], [ -95.3558351, 29.922727 ], [ -95.3557607, 29.9205359 ], [ -95.3557647, 29.9203951 ], [ -95.3556704, 29.9168774 ], [ -95.3556487, 29.9167435 ], [ -95.3555337, 29.9132928 ], [ -95.3554998, 29.9131019 ], [ -95.3554498, 29.9116287 ], [ -95.3553947, 29.9096556 ], [ -95.3553206, 29.907748 ], [ -95.3553564, 29.9077429 ], [ -95.3552792, 29.9058676 ], [ -95.355261, 29.9058678 ], [ -95.3552301, 29.9048023 ], [ -95.355225, 29.9045791 ], [ -95.3552464, 29.904414 ], [ -95.3551837, 29.9024471 ], [ -95.3551657, 29.9023696 ], [ -95.3551539, 29.902245 ], [ -95.3550862, 29.9005454 ], [ -95.3550315, 29.8988047 ], [ -95.3550024, 29.898607 ], [ -95.3549803, 29.8981808 ], [ -95.3548552, 29.8950174 ], [ -95.3548446, 29.894202 ], [ -95.3548665, 29.8926796 ], [ -95.3549715, 29.8897303 ], [ -95.3550326, 29.8873134 ], [ -95.3550964, 29.8856928 ], [ -95.3551148, 29.8842929 ], [ -95.3551539, 29.8835707 ], [ -95.355221, 29.881085 ], [ -95.3553068, 29.8796429 ], [ -95.3553186, 29.8788568 ], [ -95.3553317, 29.8786936 ], [ -95.3553586, 29.8775054 ], [ -95.3553422, 29.8773539 ], [ -95.3552955, 29.8771375 ], [ -95.3550287, 29.8766063 ], [ -95.3549162, 29.8763543 ], [ -95.3546403, 29.8758369 ], [ -95.3545797, 29.8757705 ], [ -95.3544502, 29.8755658 ], [ -95.3541866, 29.8750355 ], [ -95.3540764, 29.8747877 ], [ -95.3538854, 29.8744843 ], [ -95.35337, 29.8735218 ], [ -95.3532674, 29.8733535 ], [ -95.3529464, 29.8727384 ], [ -95.3648405, 29.8725294 ], [ -95.3661606, 29.8778312 ], [ -95.366337, 29.8784653 ], [ -95.3663951, 29.8786251 ], [ -95.3666963, 29.8796298 ], [ -95.3667211, 29.8797978 ], [ -95.3668862, 29.8803491 ], [ -95.3676479, 29.8833718 ], [ -95.3677394, 29.8837911 ], [ -95.3677163, 29.883791 ], [ -95.3679749, 29.8848025 ], [ -95.3680386, 29.884975 ], [ -95.3686012, 29.8872337 ], [ -95.3687516, 29.8877966 ], [ -95.3689626, 29.8886903 ], [ -95.3693106, 29.8900823 ], [ -95.3694354, 29.8906881 ], [ -95.3697431, 29.8920249 ], [ -95.3697577, 29.8923402 ], [ -95.3698325, 29.8926638 ], [ -95.3708152, 29.8925071 ], [ -95.3712323, 29.8924601 ], [ -95.3711316, 29.892059 ], [ -95.3724529, 29.8905799 ], [ -95.3733846, 29.8895607 ], [ -95.3732187, 29.8895663 ], [ -95.373203, 29.8859394 ], [ -95.3731061, 29.8859389 ], [ -95.3731069, 29.8858754 ], [ -95.3759964, 29.8858557 ], [ -95.3759789, 29.8852765 ], [ -95.3759601, 29.8833282 ], [ -95.3760103, 29.8831658 ], [ -95.3759906, 29.8807468 ], [ -95.37527, 29.8807583 ], [ -95.3752794, 29.8792951 ], [ -95.3745447, 29.8793008 ], [ -95.374544, 29.8782638 ], [ -95.3745439, 29.8781267 ], [ -95.382605, 29.8780278 ], [ -95.3848406, 29.8779776 ], [ -95.3878579, 29.8780163 ], [ -95.3864667, 29.8757341 ], [ -95.3863815, 29.8756738 ], [ -95.3867422, 29.8755903 ], [ -95.3911784, 29.8755523 ], [ -95.3914039, 29.8755584 ], [ -95.3948085, 29.8755317 ], [ -95.3966527, 29.8754964 ], [ -95.4003119, 29.8754621 ], [ -95.4007466, 29.875458 ], [ -95.4010204, 29.8754554 ], [ -95.4022582, 29.8754439 ], [ -95.4049572, 29.8754188 ], [ -95.4056191, 29.8754122 ], [ -95.4059975, 29.8754079 ], [ -95.4070382, 29.8753989 ], [ -95.4085688, 29.8753845 ], [ -95.4085701, 29.8768223 ], [ -95.4086042, 29.8788479 ], [ -95.4086072, 29.8819573 ], [ -95.4086236, 29.8830085 ], [ -95.4086099, 29.8831693 ], [ -95.4086462, 29.8854499 ], [ -95.4086704, 29.8874315 ], [ -95.4086858, 29.8905296 ], [ -95.4087042, 29.8913808 ], [ -95.4086809, 29.8913801 ], [ -95.4086829, 29.8918515 ], [ -95.4087235, 29.8956262 ], [ -95.4087142, 29.8958476 ], [ -95.4087539, 29.8965391 ], [ -95.408771, 29.8981797 ], [ -95.4087592, 29.8983573 ], [ -95.4087634, 29.8986536 ], [ -95.4087419, 29.8988917 ], [ -95.4087005, 29.8990813 ], [ -95.4085636, 29.8995133 ], [ -95.408537, 29.8996912 ], [ -95.4085308, 29.8998405 ], [ -95.4085864, 29.9019197 ], [ -95.4086083, 29.903145 ], [ -95.408653, 29.9043792 ], [ -95.4086465, 29.9045466 ], [ -95.4086617, 29.9056153 ], [ -95.4086966, 29.9069709 ], [ -95.4086711, 29.907218 ], [ -95.4086963, 29.9074788 ], [ -95.4087268, 29.9091712 ], [ -95.4087864, 29.9110357 ], [ -95.4088064, 29.9116607 ], [ -95.4088456, 29.9135126 ], [ -95.408846, 29.9137414 ], [ -95.4088321, 29.9139787 ], [ -95.4087408, 29.9145978 ], [ -95.4087275, 29.9147619 ], [ -95.4087255, 29.915039 ], [ -95.4087243, 29.9151958 ], [ -95.4062584, 29.9152406 ], [ -95.4051127, 29.9153056 ], [ -95.4045589, 29.915337 ], [ -95.404261, 29.9153658 ], [ -95.4027202, 29.9153979 ], [ -95.3973126, 29.9154848 ], [ -95.3967154, 29.9154774 ], [ -95.3967151, 29.9154897 ], [ -95.3952418, 29.9154843 ], [ -95.3928423, 29.9154928 ], [ -95.3928663, 29.9174565 ], [ -95.3928639, 29.9183529 ], [ -95.3928789, 29.9198944 ], [ -95.3929153, 29.9219253 ], [ -95.3929226, 29.9246361 ], [ -95.3929425, 29.9252292 ], [ -95.3929714, 29.9255451 ], [ -95.3929845, 29.9273857 ], [ -95.393055, 29.9307754 ], [ -95.3930585, 29.931339 ], [ -95.3909931, 29.9313489 ], [ -95.3910025, 29.9319104 ], [ -95.3889143, 29.9318904 ], [ -95.3888704, 29.9291906 ], [ -95.3868444, 29.9292232 ], [ -95.386868, 29.9318514 ], [ -95.3855675, 29.9319072 ], [ -95.3846331, 29.9319743 ], [ -95.3838036, 29.9320719 ], [ -95.3828557, 29.9322216 ], [ -95.3819816, 29.9323825 ], [ -95.3811597, 29.9325633 ], [ -95.3805998, 29.9326746 ], [ -95.3809002, 29.9338723 ], [ -95.3813056, 29.9355708 ], [ -95.3815555, 29.9365684 ], [ -95.3814679, 29.9365693 ], [ -95.3815152, 29.9367694 ], [ -95.3818962, 29.9382915 ], [ -95.3819921, 29.9385884 ], [ -95.3821447, 29.9392027 ], [ -95.382216, 29.9395734 ], [ -95.3831989, 29.9434528 ], [ -95.3840926, 29.9470507 ], [ -95.3845003, 29.9486522 ], [ -95.3845779, 29.9489455 ], [ -95.3848017, 29.9496809 ], [ -95.3853487, 29.9517462 ], [ -95.3852533, 29.9517494 ], [ -95.38585, 29.9540613 ], [ -95.3875463, 29.9540343 ], [ -95.388001, 29.954056 ], [ -95.3931551, 29.9539986 ], [ -95.3933691, 29.9539806 ], [ -95.3950844, 29.9539526 ], [ -95.3951217, 29.9557523 ], [ -95.3969793, 29.9557304 ], [ -95.397749, 29.9557356 ], [ -95.4001684, 29.9557264 ], [ -95.4005292, 29.9556904 ], [ -95.4014135, 29.9556801 ], [ -95.4013702, 29.9536586 ], [ -95.4013719, 29.952942 ], [ -95.4013515, 29.9515849 ], [ -95.4013506, 29.95153 ], [ -95.4061569, 29.9514748 ], [ -95.4082951, 29.9514361 ], [ -95.4098784, 29.9514074 ], [ -95.412252, 29.9513823 ], [ -95.4168645, 29.9513161 ], [ -95.4177109, 29.9512865 ], [ -95.417863, 29.9517285 ], [ -95.4180253, 29.9528263 ], [ -95.418226, 29.9549747 ], [ -95.418347, 29.9565305 ], [ -95.4184562, 29.9585105 ], [ -95.4184916, 29.962184 ], [ -95.4185064, 29.9626837 ], [ -95.4185625, 29.9633002 ], [ -95.4186335, 29.9637675 ], [ -95.4187111, 29.964142 ], [ -95.4191224, 29.9658651 ], [ -95.4183049, 29.9658616 ], [ -95.418327, 29.9669188 ], [ -95.4183668, 29.9680135 ], [ -95.4190459, 29.9680042 ], [ -95.4197175, 29.9708509 ], [ -95.4198634, 29.9714208 ], [ -95.4206862, 29.9748522 ], [ -95.4208235, 29.9755109 ], [ -95.4209223, 29.9760541 ], [ -95.4213156, 29.9782986 ], [ -95.4218206, 29.9810666 ], [ -95.4220394, 29.9824281 ], [ -95.4222941, 29.9837916 ], [ -95.4223946, 29.9842983 ], [ -95.4225507, 29.9849776 ], [ -95.422684, 29.9856796 ], [ -95.4227455, 29.9861222 ], [ -95.4229741, 29.9872215 ], [ -95.4231104, 29.9877746 ], [ -95.4232712, 29.9886344 ], [ -95.4234064, 29.9894898 ], [ -95.42372, 29.9913421 ], [ -95.4238631, 29.992265 ], [ -95.424809, 29.9974684 ], [ -95.4250191, 29.9984458 ], [ -95.4250571, 29.998708 ], [ -95.4252442, 29.998963 ], [ -95.4250926, 29.999045 ], [ -95.4251991, 29.9996677 ], [ -95.4257213, 30.002402 ], [ -95.4259428, 30.0033317 ], [ -95.4263824, 30.0056204 ], [ -95.4264889, 30.0062829 ], [ -95.4269413, 30.0087827 ], [ -95.4270769, 30.0087876 ], [ -95.4272641, 30.0098264 ], [ -95.4273916, 30.0107231 ], [ -95.4275069, 30.0119088 ], [ -95.4273195, 30.0119069 ], [ -95.427684, 30.0156003 ], [ -95.4278109, 30.0170243 ], [ -95.4280047, 30.0189879 ], [ -95.4280116, 30.0192171 ], [ -95.4280307, 30.0193178 ], [ -95.4280685, 30.0197095 ], [ -95.4280745, 30.0204955 ], [ -95.4281288, 30.0210583 ], [ -95.4282966, 30.022328 ], [ -95.4283765, 30.0228371 ], [ -95.4283919, 30.0231139 ], [ -95.4284657, 30.0237387 ], [ -95.4285205, 30.0248484 ], [ -95.4285056, 30.025273 ], [ -95.4285336, 30.0257507 ], [ -95.4285262, 30.0261221 ], [ -95.4285542, 30.027648 ], [ -95.428536, 30.028084 ], [ -95.4286382, 30.0288164 ], [ -95.4286346, 30.0296218 ], [ -95.4285858, 30.0296243 ], [ -95.4285725, 30.0308514 ], [ -95.4286016, 30.0353069 ], [ -95.428618, 30.035765 ], [ -95.428621, 30.035826 ], [ -95.428633, 30.036169 ], [ -95.428634, 30.036193 ], [ -95.428513, 30.036187 ], [ -95.428513, 30.036198 ], [ -95.428613, 30.037095 ], [ -95.428675, 30.037654 ], [ -95.428742, 30.038264 ], [ -95.428749, 30.038324 ], [ -95.428762, 30.038437 ], [ -95.428785, 30.038631 ], [ -95.428835, 30.039061 ], [ -95.428868, 30.039348 ], [ -95.428876, 30.039481 ], [ -95.428887, 30.03966 ], [ -95.428974, 30.040289 ], [ -95.429104, 30.040826 ], [ -95.429142, 30.040979 ], [ -95.42917, 30.041096 ], [ -95.429256, 30.041734 ], [ -95.42932, 30.041785 ], [ -95.429344, 30.041911 ], [ -95.430007, 30.045167 ], [ -95.430041, 30.04548 ], [ -95.430026, 30.045505 ], [ -95.429747, 30.045701 ], [ -95.429587, 30.045778 ], [ -95.429544, 30.045799 ], [ -95.429393, 30.045872 ], [ -95.429364, 30.045888 ], [ -95.429228, 30.045961 ], [ -95.42849, 30.046406 ], [ -95.42827, 30.046113 ], [ -95.428155, 30.045959 ], [ -95.427954, 30.046073 ], [ -95.427943, 30.046079 ], [ -95.427956, 30.046102 ], [ -95.42769, 30.046267 ], [ -95.427811, 30.046462 ], [ -95.427857, 30.046564 ], [ -95.427838, 30.046606 ], [ -95.42782, 30.046624 ], [ -95.427642, 30.046742 ], [ -95.427115, 30.047086 ], [ -95.427023, 30.047163 ], [ -95.426734, 30.047221 ], [ -95.426596, 30.04728 ], [ -95.42649, 30.047414 ], [ -95.426512, 30.047474 ], [ -95.426701, 30.047838 ], [ -95.4273, 30.048814 ], [ -95.427434, 30.049639 ], [ -95.427541, 30.049691 ], [ -95.427426, 30.049923 ], [ -95.427575, 30.052043 ], [ -95.427653, 30.052012 ], [ -95.427962, 30.051913 ], [ -95.428239, 30.051847 ], [ -95.428433, 30.051817 ], [ -95.428621, 30.051798 ], [ -95.428791, 30.051793 ], [ -95.428896, 30.05179 ], [ -95.42916, 30.0518 ], [ -95.429332, 30.051823 ], [ -95.429496, 30.051852 ], [ -95.429665, 30.051893 ], [ -95.43015, 30.052035 ], [ -95.430178, 30.052222 ], [ -95.43047, 30.052478 ], [ -95.430628, 30.052628 ], [ -95.430829, 30.052834 ], [ -95.431033, 30.053059 ], [ -95.431226, 30.053292 ], [ -95.431788, 30.055254 ], [ -95.429891, 30.056258 ], [ -95.430958, 30.057731 ], [ -95.429807, 30.058363 ], [ -95.430348, 30.061402 ], [ -95.430729, 30.063499 ], [ -95.428971, 30.063689 ], [ -95.428963, 30.063597 ], [ -95.428855, 30.063614 ], [ -95.428649, 30.063624 ], [ -95.425929, 30.064075 ], [ -95.426016, 30.064186 ], [ -95.426026, 30.064197 ], [ -95.426407, 30.064621 ], [ -95.426862, 30.065198 ], [ -95.427174, 30.065746 ], [ -95.427196, 30.065748 ], [ -95.427495, 30.066204 ], [ -95.427507, 30.066221 ], [ -95.427519, 30.066238 ], [ -95.427531, 30.066255 ], [ -95.427544, 30.066272 ], [ -95.427557, 30.066289 ], [ -95.427571, 30.066305 ], [ -95.427584, 30.066322 ], [ -95.427598, 30.066338 ], [ -95.427613, 30.066354 ], [ -95.427627, 30.066369 ], [ -95.427642, 30.066385 ], [ -95.427671, 30.066413 ], [ -95.428241, 30.066959 ], [ -95.428261, 30.066979 ], [ -95.428271, 30.066989 ], [ -95.428281, 30.067 ], [ -95.428291, 30.06701 ], [ -95.4283, 30.067021 ], [ -95.42831, 30.067032 ], [ -95.428319, 30.067043 ], [ -95.428328, 30.067055 ], [ -95.428337, 30.067066 ], [ -95.428345, 30.067078 ], [ -95.428353, 30.067089 ], [ -95.42836, 30.067101 ], [ -95.428366, 30.067112 ], [ -95.428372, 30.067124 ], [ -95.428379, 30.067135 ], [ -95.428385, 30.067147 ], [ -95.428392, 30.067158 ], [ -95.428398, 30.06717 ], [ -95.428404, 30.067182 ], [ -95.42841, 30.067194 ], [ -95.428416, 30.067206 ], [ -95.428421, 30.067218 ], [ -95.428426, 30.06723 ], [ -95.428432, 30.067242 ], [ -95.42845, 30.067287 ], [ -95.428477, 30.067352 ], [ -95.428503, 30.067416 ], [ -95.428541, 30.067509 ], [ -95.428704, 30.067938 ], [ -95.428757, 30.06807 ], [ -95.428772, 30.068103 ], [ -95.428788, 30.068135 ], [ -95.428804, 30.068168 ], [ -95.428821, 30.068199 ], [ -95.428839, 30.068231 ], [ -95.428857, 30.068262 ], [ -95.428876, 30.068293 ], [ -95.428895, 30.068324 ], [ -95.42892, 30.068362 ], [ -95.428935, 30.068385 ], [ -95.428955, 30.068414 ], [ -95.428975, 30.068443 ], [ -95.428995, 30.068472 ], [ -95.429017, 30.068505 ], [ -95.429053, 30.068561 ], [ -95.425169, 30.070938 ], [ -95.423122, 30.072034 ], [ -95.42322, 30.07216 ], [ -95.422932, 30.072272 ], [ -95.422966, 30.072402 ], [ -95.423015, 30.072541 ], [ -95.423067, 30.072655 ], [ -95.423143, 30.072785 ], [ -95.423248, 30.072926 ], [ -95.423312, 30.072996 ], [ -95.423383, 30.073064 ], [ -95.423501, 30.073161 ], [ -95.423654, 30.073247 ], [ -95.423393, 30.073403 ], [ -95.423439, 30.073462 ], [ -95.426289, 30.077191 ], [ -95.42696, 30.078093 ], [ -95.427124, 30.078307 ], [ -95.427598, 30.078126 ], [ -95.429428, 30.077419 ], [ -95.42938, 30.077307 ], [ -95.429264, 30.077146 ], [ -95.427219, 30.074307 ], [ -95.425721, 30.072247 ], [ -95.425388, 30.071793 ], [ -95.426758, 30.071053 ], [ -95.427207, 30.070814 ], [ -95.427655, 30.070576 ], [ -95.427846, 30.070473 ], [ -95.428795, 30.069962 ], [ -95.428968, 30.06987 ], [ -95.429111, 30.069794 ], [ -95.429147, 30.069842 ], [ -95.429893, 30.069428 ], [ -95.429934, 30.069409 ], [ -95.429957, 30.069391 ], [ -95.431052, 30.068782 ], [ -95.431513, 30.068523 ], [ -95.432054, 30.068219 ], [ -95.43211, 30.068235 ], [ -95.432121, 30.068237 ], [ -95.432132, 30.06824 ], [ -95.432185, 30.068248 ], [ -95.432252, 30.068254 ], [ -95.432277, 30.068255 ], [ -95.432327, 30.068254 ], [ -95.432378, 30.068249 ], [ -95.432437, 30.068244 ], [ -95.432496, 30.068224 ], [ -95.432548, 30.068206 ], [ -95.432678, 30.068161 ], [ -95.432697, 30.068187 ], [ -95.43274, 30.068245 ], [ -95.432766, 30.068279 ], [ -95.432784, 30.068304 ], [ -95.432946, 30.068522 ], [ -95.432958, 30.068539 ], [ -95.43299, 30.068583 ], [ -95.433252, 30.068944 ], [ -95.434263, 30.068816 ], [ -95.43431, 30.069112 ], [ -95.43432, 30.069173 ], [ -95.434404, 30.069697 ], [ -95.434497, 30.070124 ], [ -95.434616, 30.070103 ], [ -95.434798, 30.070068 ], [ -95.4344356, 30.0696927 ], [ -95.434218, 30.0683319 ], [ -95.4341269, 30.0678348 ], [ -95.4338344, 30.0659734 ], [ -95.4335095, 30.0642624 ], [ -95.43247, 30.0584625 ], [ -95.4321697, 30.0568892 ], [ -95.4323679, 30.0568637 ], [ -95.4321866, 30.0562951 ], [ -95.4320288, 30.0563254 ], [ -95.4318437, 30.0553192 ], [ -95.4312568, 30.0532857 ], [ -95.4306455, 30.0505762 ], [ -95.430587, 30.0500726 ], [ -95.4304349, 30.0497309 ], [ -95.4303319, 30.0483037 ], [ -95.4302288, 30.0475792 ], [ -95.4301169, 30.0469564 ], [ -95.4299383, 30.0458314 ], [ -95.4300541, 30.0457731 ], [ -95.4300581, 30.0455044 ], [ -95.429913, 30.0440415 ], [ -95.4295738, 30.0419559 ], [ -95.4292864, 30.0417226 ], [ -95.4292015, 30.0410918 ], [ -95.4290054, 30.0402851 ], [ -95.4289195, 30.0396581 ], [ -95.4289145, 30.0395788 ], [ -95.4288999, 30.039346 ], [ -95.4285476, 30.036217 ], [ -95.4286675, 30.0362223 ], [ -95.4286339, 30.0353067 ], [ -95.4286051, 30.0308733 ], [ -95.428617, 30.0296502 ], [ -95.4286668, 30.029647 ], [ -95.4286698, 30.0288148 ], [ -95.4285677, 30.0280828 ], [ -95.4285858, 30.0276483 ], [ -95.4285578, 30.0261221 ], [ -95.4285652, 30.0257506 ], [ -95.4285371, 30.025271 ], [ -95.428551, 30.0248259 ], [ -95.428522, 30.0242383 ], [ -95.4284972, 30.0237367 ], [ -95.4284235, 30.0231118 ], [ -95.428408, 30.0228346 ], [ -95.428328, 30.0223246 ], [ -95.4281602, 30.0210556 ], [ -95.4281061, 30.0204943 ], [ -95.4281001, 30.0197082 ], [ -95.4280622, 30.0193155 ], [ -95.4280431, 30.0192148 ], [ -95.4280362, 30.0189856 ], [ -95.4278424, 30.017022 ], [ -95.4277155, 30.0155981 ], [ -95.4273538, 30.0119347 ], [ -95.4275412, 30.0119367 ], [ -95.427416, 30.0106549 ], [ -95.4272954, 30.0098226 ], [ -95.4271041, 30.0087611 ], [ -95.4269685, 30.0087562 ], [ -95.4265201, 30.0062786 ], [ -95.4264136, 30.0056161 ], [ -95.4259739, 30.0033267 ], [ -95.4257524, 30.002397 ], [ -95.4252303, 29.9996634 ], [ -95.4251295, 29.9990574 ], [ -95.4252881, 29.9989717 ], [ -95.4250875, 29.9986984 ], [ -95.4250505, 29.9984424 ], [ -95.4248663, 29.9975389 ], [ -95.4238944, 29.992261 ], [ -95.4237513, 29.9913383 ], [ -95.4234376, 29.9894855 ], [ -95.4233024, 29.9886302 ], [ -95.4231415, 29.9877694 ], [ -95.4230051, 29.9872161 ], [ -95.4227768, 29.9861181 ], [ -95.4227153, 29.9856757 ], [ -95.4225817, 29.9849726 ], [ -95.4224257, 29.9842934 ], [ -95.4223253, 29.9837871 ], [ -95.4220706, 29.9824237 ], [ -95.4218174, 29.9808538 ], [ -95.4208546, 29.9755063 ], [ -95.4207172, 29.9748473 ], [ -95.4190783, 29.9680048 ], [ -95.4197204, 29.9680089 ], [ -95.4210675, 29.9740665 ], [ -95.424149, 29.9739993 ], [ -95.4284078, 29.9739448 ], [ -95.4284013, 29.9734817 ], [ -95.428417, 29.9731483 ], [ -95.427324, 29.9721464 ], [ -95.426908, 29.9717883 ], [ -95.4264167, 29.9713934 ], [ -95.426024, 29.9711081 ], [ -95.4255372, 29.9707361 ], [ -95.425415, 29.9706316 ], [ -95.4250391, 29.9703403 ], [ -95.4248137, 29.9701483 ], [ -95.4245603, 29.9699038 ], [ -95.4243895, 29.9697205 ], [ -95.4241967, 29.9694927 ], [ -95.4239544, 29.9691367 ], [ -95.4237863, 29.9688563 ], [ -95.4236564, 29.968606 ], [ -95.4234948, 29.9682511 ], [ -95.4233879, 29.9679641 ], [ -95.425822, 29.9679818 ], [ -95.4282888, 29.9679605 ], [ -95.428315, 29.9694571 ], [ -95.4283503, 29.9694782 ], [ -95.4285388, 29.9695907 ], [ -95.4290367, 29.9698881 ], [ -95.4294513, 29.9700759 ], [ -95.4294516, 29.970076 ], [ -95.4299982, 29.9700775 ], [ -95.4300214, 29.9700775 ], [ -95.4300317, 29.9700776 ], [ -95.4300321, 29.9700426 ], [ -95.430033, 29.9699611 ], [ -95.4300395, 29.9693511 ], [ -95.4300538, 29.9680191 ], [ -95.4300542, 29.9679858 ], [ -95.4304867, 29.9679999 ], [ -95.4341153, 29.968009 ], [ -95.4348007, 29.9680268 ], [ -95.4365789, 29.9680477 ], [ -95.4366086, 29.9668019 ], [ -95.4365891, 29.9655222 ], [ -95.4364791, 29.9600268 ], [ -95.4358482, 29.9600219 ], [ -95.4355102, 29.9600294 ], [ -95.4350837, 29.9600046 ], [ -95.4346619, 29.9599418 ], [ -95.4339577, 29.9597861 ], [ -95.4335869, 29.9597386 ], [ -95.4333071, 29.959718 ], [ -95.4329334, 29.9597107 ], [ -95.4309521, 29.9597303 ], [ -95.4309489, 29.9594815 ], [ -95.4309354, 29.9584369 ], [ -95.4292771, 29.9584514 ], [ -95.4291995, 29.9584521 ], [ -95.4270164, 29.9584603 ], [ -95.4245376, 29.9584696 ], [ -95.4244841, 29.9552613 ], [ -95.424491, 29.9549325 ], [ -95.4244691, 29.9542802 ], [ -95.4244559, 29.9524848 ], [ -95.4244186, 29.9506719 ], [ -95.4244016, 29.9491042 ], [ -95.4248969, 29.9491034 ], [ -95.4249038, 29.9491028 ], [ -95.4249059, 29.9490732 ], [ -95.4259859, 29.9490839 ], [ -95.4265998, 29.9490753 ], [ -95.4266574, 29.9506031 ], [ -95.4267579, 29.9508529 ], [ -95.426716, 29.9536535 ], [ -95.4272999, 29.9536488 ], [ -95.4277498, 29.9536286 ], [ -95.4278638, 29.9536055 ], [ -95.428319, 29.9533895 ], [ -95.4284049, 29.953337 ], [ -95.4292536, 29.9524994 ], [ -95.4292226, 29.9509743 ], [ -95.4276042, 29.9509909 ], [ -95.427587, 29.9502685 ], [ -95.4275807, 29.948996 ], [ -95.4280141, 29.9489504 ], [ -95.4280209, 29.9489796 ], [ -95.4282836, 29.9489584 ], [ -95.4284733, 29.9489276 ], [ -95.4298875, 29.9488976 ], [ -95.4300464, 29.9488803 ], [ -95.4307808, 29.9488693 ], [ -95.4307952, 29.9496152 ], [ -95.4309909, 29.9494881 ], [ -95.4313801, 29.9488694 ], [ -95.4315404, 29.9486441 ], [ -95.4319487, 29.9482472 ], [ -95.4325658, 29.9476795 ], [ -95.4325606, 29.9469603 ], [ -95.4331788, 29.9465056 ], [ -95.4336227, 29.946248 ], [ -95.4338072, 29.9459854 ], [ -95.4352573, 29.9460146 ], [ -95.4369249, 29.945999 ], [ -95.4411321, 29.9459431 ], [ -95.4413111, 29.9459315 ], [ -95.4449554, 29.9458745 ], [ -95.4465874, 29.9458667 ], [ -95.4469123, 29.9458471 ], [ -95.4490649, 29.9458327 ], [ -95.4490493, 29.9438086 ], [ -95.4500468, 29.9438023 ], [ -95.4500456, 29.9432374 ], [ -95.4490407, 29.9432421 ], [ -95.449, 29.9413533 ], [ -95.4489815, 29.9399457 ], [ -95.4482393, 29.939979 ], [ -95.4466395, 29.9401209 ], [ -95.4451942, 29.9401371 ], [ -95.4442813, 29.9401309 ], [ -95.4343969, 29.9401349 ], [ -95.4343935, 29.938944 ], [ -95.4343656, 29.9381308 ], [ -95.4343531, 29.9370953 ], [ -95.4339232, 29.9370828 ], [ -95.433569, 29.9370873 ], [ -95.4332266, 29.9371046 ], [ -95.4326785, 29.9371487 ], [ -95.4324783, 29.937019 ], [ -95.4324511, 29.9369292 ], [ -95.4320146, 29.9369901 ], [ -95.4320306, 29.9371101 ], [ -95.4318962, 29.9372884 ], [ -95.4268051, 29.9386158 ], [ -95.4245672, 29.9386454 ], [ -95.4240894, 29.9386795 ], [ -95.417861, 29.9387548 ], [ -95.4178111, 29.9368073 ], [ -95.4177627, 29.934068 ], [ -95.4177469, 29.9338728 ], [ -95.4177113, 29.9318173 ], [ -95.4177245, 29.9315439 ], [ -95.4177197, 29.9285207 ], [ -95.4144376, 29.9285776 ], [ -95.4124012, 29.9285961 ], [ -95.4124309, 29.9276434 ], [ -95.412489, 29.9273467 ], [ -95.4125565, 29.9262498 ], [ -95.4126993, 29.9239295 ], [ -95.412737, 29.9235564 ], [ -95.4128969, 29.9210075 ], [ -95.4129361, 29.9205091 ], [ -95.4130016, 29.9193826 ], [ -95.413094, 29.9177439 ], [ -95.4130582, 29.9154878 ], [ -95.413019, 29.9148111 ], [ -95.4129956, 29.913677 ], [ -95.4129766, 29.9110924 ], [ -95.4129755, 29.910946 ], [ -95.4129985, 29.9109454 ], [ -95.4129578, 29.9089508 ], [ -95.4129335, 29.9087476 ], [ -95.4128623, 29.9050994 ], [ -95.4136166, 29.9047672 ], [ -95.4137582, 29.9047093 ], [ -95.4140501, 29.9046127 ], [ -95.4141996, 29.9045741 ], [ -95.4145048, 29.9045167 ], [ -95.4148151, 29.9044863 ], [ -95.4150348, 29.9044778 ], [ -95.4149616, 29.9003603 ], [ -95.4149857, 29.90022 ], [ -95.416675, 29.9001713 ], [ -95.4166375, 29.8993171 ], [ -95.4169743, 29.8993243 ], [ -95.416937, 29.8981555 ], [ -95.4201508, 29.8980807 ], [ -95.4225491, 29.8980555 ], [ -95.4250872, 29.8980085 ], [ -95.4262423, 29.8980011 ], [ -95.4263727, 29.8979992 ], [ -95.4279163, 29.8979762 ], [ -95.4290067, 29.89796 ], [ -95.4296421, 29.8979769 ], [ -95.4306529, 29.8979661 ], [ -95.4314148, 29.897961 ], [ -95.4314313, 29.8977811 ], [ -95.4314103, 29.8962963 ], [ -95.4314085, 29.8934435 ], [ -95.4313905, 29.8933914 ], [ -95.4313726, 29.8925138 ], [ -95.4313481, 29.8908631 ], [ -95.4313263, 29.8882166 ], [ -95.4312622, 29.8854254 ], [ -95.433546, 29.8853897 ], [ -95.4407718, 29.8851942 ], [ -95.4455676, 29.8850909 ], [ -95.4455657, 29.8850368 ], [ -95.4501579, 29.8849095 ], [ -95.4507269, 29.8848937 ], [ -95.4509052, 29.8848744 ], [ -95.4510416, 29.88487 ], [ -95.4515577, 29.8853908 ], [ -95.4517106, 29.8855521 ], [ -95.4517157, 29.8855486 ], [ -95.4518352, 29.8856505 ], [ -95.4521844, 29.8860233 ], [ -95.4534126, 29.8872818 ], [ -95.453901, 29.8877701 ], [ -95.4545225, 29.8883682 ], [ -95.456094, 29.8899876 ], [ -95.4565839, 29.8903879 ], [ -95.4573922, 29.8909104 ], [ -95.4578617, 29.8912718 ], [ -95.4602522, 29.8912941 ], [ -95.4610762, 29.8912905 ], [ -95.4610421, 29.8901229 ], [ -95.4634983, 29.8900927 ], [ -95.4635106, 29.8919444 ], [ -95.464903, 29.8919224 ], [ -95.4675682, 29.8918518 ], [ -95.4676056, 29.8917217 ], [ -95.4676529, 29.8913822 ], [ -95.4676368, 29.8912289 ], [ -95.4674104, 29.8907154 ], [ -95.4673996, 29.8906477 ], [ -95.4671903, 29.8901847 ], [ -95.4671283, 29.8896155 ], [ -95.4670815, 29.8884527 ], [ -95.4669877, 29.8879826 ], [ -95.4668512, 29.8874271 ], [ -95.4668204, 29.8871521 ], [ -95.4668813, 29.8868936 ], [ -95.4669196, 29.8868298 ], [ -95.4673164, 29.8863998 ], [ -95.4675828, 29.8859272 ], [ -95.4678085, 29.8854135 ], [ -95.4679883, 29.8848948 ], [ -95.4683208, 29.8848919 ], [ -95.4692305, 29.8848814 ], [ -95.4694171, 29.8848718 ], [ -95.4728039, 29.8848331 ], [ -95.4737717, 29.8848282 ], [ -95.4740799, 29.8848574 ], [ -95.4746116, 29.8848535 ], [ -95.4746115, 29.8848477 ], [ -95.4747701, 29.8848466 ], [ -95.4747705, 29.8848338 ], [ -95.4756551, 29.8848347 ], [ -95.4765528, 29.8848111 ], [ -95.4770639, 29.8848086 ], [ -95.4806392, 29.8847915 ], [ -95.4805592, 29.8802722 ], [ -95.4805284, 29.8773016 ], [ -95.4805089, 29.8771506 ], [ -95.4804809, 29.8743678 ], [ -95.4850393, 29.8789259 ], [ -95.4855018, 29.8786557 ], [ -95.4869714, 29.8778802 ], [ -95.4871659, 29.8777883 ], [ -95.4882776, 29.8772086 ], [ -95.4863728, 29.873856 ], [ -95.4864577, 29.8738258 ], [ -95.4865769, 29.8738126 ], [ -95.4866951, 29.8738232 ], [ -95.4868646, 29.8738682 ], [ -95.4869762, 29.8739199 ], [ -95.4870747, 29.8739894 ], [ -95.4871492, 29.8740659 ], [ -95.4878785, 29.8749858 ], [ -95.4880717, 29.8751521 ], [ -95.4882794, 29.8752805 ], [ -95.4884792, 29.8753664 ], [ -95.4886767, 29.875412 ], [ -95.4887959, 29.8754247 ], [ -95.4894481, 29.8754467 ], [ -95.4897815, 29.8754875 ], [ -95.4898756, 29.8755057 ], [ -95.4902946, 29.8756524 ], [ -95.4907259, 29.8759121 ], [ -95.4914847, 29.8765148 ], [ -95.4915754, 29.8765528 ], [ -95.4918616, 29.8766332 ], [ -95.492026, 29.8766601 ], [ -95.4921797, 29.876673 ], [ -95.4942753, 29.8766683 ], [ -95.4942769, 29.8767962 ], [ -95.4942804, 29.877073 ], [ -95.4942845, 29.8773976 ], [ -95.4942882, 29.8776941 ], [ -95.4943106, 29.8783298 ], [ -95.4942994, 29.8790527 ], [ -95.4943067, 29.880068 ], [ -95.4943034, 29.8805425 ], [ -95.4942755, 29.8846075 ], [ -95.494279, 29.8847852 ], [ -95.492174, 29.8847887 ], [ -95.4898351, 29.8848124 ], [ -95.4882849, 29.8848116 ], [ -95.4853919, 29.8848346 ], [ -95.4850909, 29.8848417 ], [ -95.4851149, 29.8854437 ], [ -95.4851133, 29.885641 ], [ -95.4851661, 29.8868774 ], [ -95.4851873, 29.888154 ], [ -95.4851893, 29.8903867 ], [ -95.4851916, 29.8906861 ], [ -95.4851938, 29.8908489 ], [ -95.4851961, 29.8910142 ], [ -95.4851983, 29.8911756 ], [ -95.4852004, 29.8913357 ], [ -95.4852027, 29.8915036 ], [ -95.4852052, 29.8916876 ], [ -95.4852076, 29.8918615 ], [ -95.4852099, 29.8920317 ], [ -95.4852122, 29.8921983 ], [ -95.4852145, 29.892366 ], [ -95.4852167, 29.8925317 ], [ -95.4852189, 29.8926921 ], [ -95.4852212, 29.8928584 ], [ -95.4852243, 29.8930833 ], [ -95.4852291, 29.8934417 ], [ -95.4852298, 29.8934909 ], [ -95.4908567, 29.8942706 ], [ -95.490829, 29.8935581 ], [ -95.4908269, 29.8925132 ], [ -95.4908232, 29.8906942 ], [ -95.4927807, 29.8906911 ], [ -95.4927912, 29.8913157 ], [ -95.4945869, 29.8913033 ], [ -95.4949269, 29.8913269 ], [ -95.4956006, 29.8913224 ], [ -95.4956497, 29.8928847 ], [ -95.4956299, 29.8943551 ], [ -95.4956556, 29.8950651 ], [ -95.4957023, 29.8995576 ], [ -95.4957898, 29.9053775 ], [ -95.4957625, 29.9066759 ], [ -95.4958361, 29.9118665 ], [ -95.4958693, 29.9123709 ], [ -95.4958561, 29.9147012 ], [ -95.495656, 29.9147009 ], [ -95.4956773, 29.9159869 ], [ -95.4956448, 29.9162881 ], [ -95.4955924, 29.9165708 ], [ -95.4955281, 29.9168437 ], [ -95.4953388, 29.9174499 ], [ -95.4951398, 29.9178741 ], [ -95.4949508, 29.9181956 ], [ -95.4944389, 29.9189774 ], [ -95.4936628, 29.9200591 ], [ -95.494047, 29.9202797 ], [ -95.4949808, 29.9209823 ], [ -95.497728, 29.9230859 ], [ -95.4978899, 29.9231875 ], [ -95.4986855, 29.9238002 ], [ -95.5024183, 29.9266166 ], [ -95.5026063, 29.9267839 ], [ -95.5038669, 29.9277342 ], [ -95.5041002, 29.9278815 ], [ -95.5061661, 29.929471 ], [ -95.5078916, 29.9308017 ], [ -95.5085586, 29.9314315 ], [ -95.5087951, 29.9316147 ], [ -95.5090047, 29.9318095 ], [ -95.5112184, 29.9339048 ], [ -95.5134845, 29.9356243 ], [ -95.5138881, 29.9359743 ], [ -95.5142602, 29.936258 ], [ -95.5162226, 29.9376639 ], [ -95.5162225, 29.9379671 ], [ -95.5165649, 29.9379728 ], [ -95.5167257, 29.9380749 ], [ -95.5169287, 29.9382295 ], [ -95.5173901, 29.938536 ], [ -95.5175476, 29.9386564 ], [ -95.5181569, 29.9391746 ], [ -95.5195813, 29.9402559 ], [ -95.5211875, 29.9412939 ], [ -95.5222704, 29.9420931 ], [ -95.5239302, 29.9433552 ], [ -95.5240984, 29.9435344 ], [ -95.5242397, 29.9436634 ], [ -95.5243167, 29.9437552 ], [ -95.5244856, 29.9439285 ], [ -95.5247204, 29.9441225 ], [ -95.5249794, 29.9442926 ], [ -95.5252413, 29.9444303 ], [ -95.5254824, 29.9445152 ], [ -95.525673, 29.9445577 ], [ -95.5265024, 29.9453075 ], [ -95.5273962, 29.9461772 ], [ -95.5281608, 29.9476279 ], [ -95.5298793, 29.950608 ], [ -95.5346759, 29.9592089 ], [ -95.5379812, 29.9649567 ], [ -95.5385057, 29.96584 ], [ -95.5398648, 29.9682432 ], [ -95.5415455, 29.9711775 ], [ -95.5428285, 29.9734391 ], [ -95.5441821, 29.9734629 ], [ -95.5456108, 29.9734731 ], [ -95.545526, 29.9714456 ], [ -95.5457268, 29.9714673 ], [ -95.545968, 29.9714757 ], [ -95.5470983, 29.9714559 ], [ -95.5470734, 29.9700915 ], [ -95.5495938, 29.9700763 ], [ -95.5495021, 29.96833 ], [ -95.5523019, 29.9682844 ], [ -95.5525194, 29.9680728 ], [ -95.5525924, 29.9679865 ], [ -95.5527209, 29.9678037 ], [ -95.552776, 29.9677079 ], [ -95.552867, 29.9675088 ], [ -95.5529315, 29.967302 ], [ -95.5529699, 29.9670793 ], [ -95.5529785, 29.9668993 ], [ -95.552966, 29.9664795 ], [ -95.5529485, 29.9658913 ], [ -95.5529417, 29.9656625 ], [ -95.553279, 29.9657987 ], [ -95.5533657, 29.9658517 ], [ -95.5545601, 29.9665911 ], [ -95.5549693, 29.9668543 ], [ -95.5562913, 29.967677 ], [ -95.5564039, 29.9709604 ], [ -95.5577964, 29.9709575 ], [ -95.5579975, 29.9709564 ], [ -95.5580015, 29.9711475 ], [ -95.5606139, 29.9711454 ], [ -95.5606623, 29.972939 ], [ -95.5619456, 29.9724052 ], [ -95.5631861, 29.9743939 ], [ -95.5636104, 29.975126 ], [ -95.5622259, 29.9756139 ], [ -95.5622602, 29.9793402 ], [ -95.5622476, 29.9795103 ], [ -95.5622519, 29.9797417 ], [ -95.5622465, 29.9799424 ], [ -95.5622516, 29.9801239 ], [ -95.5622457, 29.982269 ], [ -95.56212, 29.983693 ], [ -95.562159, 29.985254 ], [ -95.562219, 29.985248 ], [ -95.562414, 29.985248 ], [ -95.562547, 29.985281 ], [ -95.562882, 29.985325 ], [ -95.56312, 29.985334 ], [ -95.565084, 29.984462 ], [ -95.565034, 29.983438 ], [ -95.566863, 29.983391 ], [ -95.56695, 29.983388 ], [ -95.567036, 29.983386 ], [ -95.567185, 29.983383 ], [ -95.567459, 29.983376 ], [ -95.567554, 29.983373 ], [ -95.567791, 29.982962 ], [ -95.56763, 29.982673 ], [ -95.567702, 29.982673 ], [ -95.568102, 29.983278 ], [ -95.5693457, 29.9849373 ], [ -95.5697902, 29.9855304 ], [ -95.569939, 29.985874 ], [ -95.57059, 29.986748 ], [ -95.573371, 29.99057 ], [ -95.574886, 29.992699 ], [ -95.575318, 29.993307 ], [ -95.575514, 29.993508 ], [ -95.577152, 29.994901 ], [ -95.577617, 29.995298 ], [ -95.577978, 29.995626 ], [ -95.578318, 29.995935 ], [ -95.579088, 29.996656 ], [ -95.578541, 29.996659 ], [ -95.577933, 29.9969132 ], [ -95.5780181, 29.9974727 ], [ -95.578866, 29.9973331 ], [ -95.5792796, 29.997777 ], [ -95.5784309, 29.9978768 ], [ -95.5785057, 29.9984458 ], [ -95.5797855, 29.9983218 ], [ -95.580533, 29.9991681 ], [ -95.5782658, 29.999391 ], [ -95.5789674, 30.0023535 ], [ -95.5791754, 30.002342 ], [ -95.5808109, 30.00221 ], [ -95.5811436, 30.0021888 ], [ -95.5817902, 30.0033999 ], [ -95.5818015, 30.0036421 ], [ -95.5799443, 30.0036921 ], [ -95.5799832, 30.0065568 ], [ -95.5809399, 30.0065523 ], [ -95.5809694, 30.0047386 ], [ -95.5820092, 30.0047068 ], [ -95.5819841, 30.0036373 ], [ -95.583496, 30.003619 ], [ -95.583793, 30.003566 ], [ -95.583923, 30.003523 ], [ -95.584019, 30.003483 ], [ -95.584054, 30.003555 ], [ -95.584252, 30.003803 ], [ -95.584827, 30.004614 ], [ -95.585147, 30.005064 ], [ -95.5857132, 30.0057869 ], [ -95.587289, 30.0085964 ], [ -95.5883224, 30.0104395 ], [ -95.589593, 30.0126868 ], [ -95.5900149, 30.0133887 ], [ -95.5903554, 30.0139158 ], [ -95.5914487, 30.0155709 ], [ -95.595628, 30.0220679 ], [ -95.5962151, 30.0230265 ], [ -95.5972357, 30.0247199 ], [ -95.5978462, 30.025722 ], [ -95.5978699, 30.025761 ], [ -95.5980806, 30.0261068 ], [ -95.5989233, 30.0275756 ], [ -95.6003832, 30.0302626 ], [ -95.6015113, 30.0323526 ], [ -95.6016173, 30.0325471 ], [ -95.6026878, 30.0345119 ], [ -95.603396, 30.0358128 ], [ -95.6037027, 30.0363432 ], [ -95.604115, 30.036937 ], [ -95.604173, 30.03703 ], [ -95.6044, 30.037357 ], [ -95.604713, 30.038009 ], [ -95.605315, 30.03917 ], [ -95.605517, 30.039472 ], [ -95.605544, 30.039515 ], [ -95.606039, 30.040339 ], [ -95.606113, 30.040553 ], [ -95.6065755, 30.0410384 ], [ -95.608212, 30.042756 ], [ -95.610105, 30.044696 ], [ -95.612526, 30.047837 ], [ -95.612765, 30.048223 ], [ -95.613077, 30.048693 ], [ -95.613336, 30.04908 ], [ -95.6136, 30.049416 ], [ -95.613814, 30.049724 ], [ -95.614244, 30.050323 ], [ -95.6144715, 30.05075 ], [ -95.614635, 30.051057 ], [ -95.6148343, 30.0514337 ], [ -95.615055, 30.051851 ], [ -95.6152171, 30.0522001 ], [ -95.615554, 30.052926 ], [ -95.615583, 30.052968 ], [ -95.6159789, 30.0541047 ], [ -95.6153816, 30.054112 ], [ -95.603358, 30.054141 ], [ -95.596842, 30.054253 ], [ -95.590147, 30.054369 ], [ -95.5867306, 30.0545321 ], [ -95.5809545, 30.0545704 ], [ -95.578413, 30.054541 ], [ -95.5781395, 30.0547977 ], [ -95.569971, 30.062465 ], [ -95.566297, 30.065854 ], [ -95.560575, 30.070922 ], [ -95.560457, 30.071026 ], [ -95.559588, 30.071773 ], [ -95.5587882, 30.0724835 ], [ -95.557017, 30.074057 ], [ -95.556941, 30.074124 ], [ -95.556787, 30.074173 ], [ -95.556115, 30.074797 ], [ -95.556332, 30.0746869 ], [ -95.55622, 30.075005 ], [ -95.561461, 30.079396 ], [ -95.5640633, 30.0817364 ], [ -95.5570952, 30.0853496 ], [ -95.5538766, 30.0872616 ], [ -95.5531965, 30.0877808 ], [ -95.5526468, 30.0883454 ], [ -95.5522868, 30.0887845 ], [ -95.5489861, 30.0916596 ], [ -95.5487184, 30.0918038 ], [ -95.5480988, 30.0920669 ], [ -95.5466798, 30.0932858 ], [ -95.5465218, 30.093393 ], [ -95.5463614, 30.0933966 ], [ -95.5461605, 30.0934028 ], [ -95.5456986, 30.0934052 ], [ -95.5454455, 30.0934741 ], [ -95.544264, 30.094479 ], [ -95.5397057, 30.0985292 ], [ -95.5398997, 30.0986817 ], [ -95.544083, 30.095014 ], [ -95.544781, 30.094356 ], [ -95.545311, 30.093875 ], [ -95.545443, 30.093689 ], [ -95.545614, 30.093572 ], [ -95.545689, 30.093525 ], [ -95.545882, 30.093567 ], [ -95.546122, 30.093553 ], [ -95.546224, 30.093558 ], [ -95.546534, 30.093535 ], [ -95.546696, 30.093426 ], [ -95.547026, 30.093226 ], [ -95.5479865, 30.0923538 ], [ -95.548793, 30.09202 ], [ -95.549033, 30.091884 ], [ -95.552453, 30.088813 ], [ -95.552752, 30.08846 ], [ -95.553291, 30.087867 ], [ -95.553514, 30.087688 ], [ -95.553629, 30.087595 ], [ -95.5539919, 30.0873391 ], [ -95.5569206, 30.0857749 ], [ -95.5577394, 30.0853376 ], [ -95.5580354, 30.0851795 ], [ -95.5610911, 30.0835473 ], [ -95.5616747, 30.0832356 ], [ -95.5634248, 30.0823009 ], [ -95.564385, 30.081788 ], [ -95.564275, 30.081679 ], [ -95.564351, 30.081614 ], [ -95.56428, 30.081547 ], [ -95.5616597, 30.0791985 ], [ -95.556591, 30.074837 ], [ -95.5569451, 30.074715 ], [ -95.557245, 30.07441 ], [ -95.560685, 30.071307 ], [ -95.560849, 30.071159 ], [ -95.5664979, 30.0659199 ], [ -95.5683991, 30.0642716 ], [ -95.568763, 30.0639562 ], [ -95.5716372, 30.0614642 ], [ -95.572115, 30.06105 ], [ -95.572229, 30.060945 ], [ -95.572625, 30.060578 ], [ -95.5771679, 30.0563343 ], [ -95.5788645, 30.0547494 ], [ -95.5797106, 30.0547487 ], [ -95.590113, 30.05474 ], [ -95.595471, 30.054678 ], [ -95.596849, 30.054663 ], [ -95.5970584, 30.0546606 ], [ -95.6019462, 30.0546042 ], [ -95.603349, 30.054588 ], [ -95.6205909, 30.0540961 ], [ -95.6203777, 30.0461512 ], [ -95.6204505, 30.0460058 ], [ -95.6597636, 30.0452722 ], [ -95.6597571, 30.0450992 ], [ -95.622103, 30.0459417 ], [ -95.6204301, 30.0459795 ], [ -95.6203467, 30.0461512 ], [ -95.6205595, 30.0540741 ], [ -95.6163553, 30.0541362 ], [ -95.6161354, 30.0533292 ], [ -95.6160349, 30.0529027 ], [ -95.615993, 30.052725 ], [ -95.6157148, 30.0520621 ], [ -95.615635, 30.051872 ], [ -95.615164, 30.050941 ], [ -95.614616, 30.050152 ], [ -95.614584, 30.050089 ], [ -95.614194, 30.049539 ], [ -95.613977, 30.049233 ], [ -95.6138069, 30.0489928 ], [ -95.613684, 30.048819 ], [ -95.613492, 30.048515 ], [ -95.613148, 30.048029 ], [ -95.612997, 30.0477599 ], [ -95.612945, 30.047639 ], [ -95.6128076, 30.0474361 ], [ -95.612202, 30.046542 ], [ -95.611275, 30.04531 ], [ -95.610479, 30.044454 ], [ -95.610235, 30.044222 ], [ -95.608526, 30.04256 ], [ -95.607531, 30.041655 ], [ -95.606921, 30.041009 ], [ -95.60642, 30.040347 ], [ -95.605919, 30.039591 ], [ -95.605601, 30.039008 ], [ -95.6051957, 30.0383325 ], [ -95.604944, 30.037913 ], [ -95.604863, 30.0376336 ], [ -95.604631, 30.037351 ], [ -95.604593, 30.037282 ], [ -95.604399, 30.036918 ], [ -95.60437, 30.036848 ], [ -95.60402, 30.036013 ], [ -95.603695, 30.035481 ], [ -95.603649, 30.035401 ], [ -95.602521, 30.033203 ], [ -95.60239, 30.032887 ], [ -95.601666, 30.031614 ], [ -95.601234, 30.030854 ], [ -95.601141, 30.030685 ], [ -95.600815, 30.030135 ], [ -95.600386, 30.029246 ], [ -95.600059, 30.028315 ], [ -95.5988, 30.026235 ], [ -95.598555, 30.025862 ], [ -95.597697, 30.024486 ], [ -95.595121, 30.020233 ], [ -95.5930777, 30.0168561 ], [ -95.5935473, 30.0167018 ], [ -95.5963003, 30.0166526 ], [ -95.5962493, 30.0131065 ], [ -95.5960504, 30.0131115 ], [ -95.592011, 30.0131999 ], [ -95.591825, 30.0132262 ], [ -95.5916941, 30.013267 ], [ -95.591606, 30.0133348 ], [ -95.591383, 30.013397 ], [ -95.5911869, 30.0129164 ], [ -95.5933022, 30.0128959 ], [ -95.5932858, 30.010706 ], [ -95.5931967, 30.0107072 ], [ -95.5931918, 30.0106463 ], [ -95.5931703, 30.0099263 ], [ -95.5929718, 30.0100169 ], [ -95.592621, 30.0101645 ], [ -95.5919255, 30.0106572 ], [ -95.5915883, 30.0108961 ], [ -95.5904961, 30.0091204 ], [ -95.5903582, 30.0088896 ], [ -95.589871, 30.0091135 ], [ -95.5891389, 30.0094803 ], [ -95.5889597, 30.0092285 ], [ -95.5897698, 30.0089493 ], [ -95.5902815, 30.0087231 ], [ -95.5902311, 30.0086432 ], [ -95.589839, 30.0079637 ], [ -95.5899543, 30.007239 ], [ -95.5897531, 30.006879 ], [ -95.5889163, 30.0054157 ], [ -95.5882431, 30.005418 ], [ -95.5882389, 30.0047061 ], [ -95.5862865, 30.0047232 ], [ -95.5856279, 30.004729 ], [ -95.585193, 30.00416 ], [ -95.584663, 30.003413 ], [ -95.584521, 30.003206 ], [ -95.583158, 30.001535 ], [ -95.583379, 30.001451 ], [ -95.583387, 30.001447 ], [ -95.583719, 30.001258 ], [ -95.583739, 30.001243 ], [ -95.583967, 30.001071 ], [ -95.584268, 30.000817 ], [ -95.584621, 30.000471 ], [ -95.5853908, 29.9997377 ], [ -95.585292, 29.9996554 ], [ -95.5851408, 29.9995294 ], [ -95.5842769, 29.9983156 ], [ -95.584304, 29.9983017 ], [ -95.5840234, 29.9979122 ], [ -95.5839234, 29.997652 ], [ -95.5838743, 29.9973614 ], [ -95.5838692, 29.9967953 ], [ -95.58757, 29.996739 ], [ -95.587707, 29.996739 ], [ -95.587733, 29.996739 ], [ -95.588463, 29.996748 ], [ -95.589483, 29.996757 ], [ -95.590062, 29.996757 ], [ -95.590514, 29.996757 ], [ -95.5910477, 29.9967578 ], [ -95.591425, 29.996757 ], [ -95.593337, 29.996782 ], [ -95.59553, 29.996742 ], [ -95.595681, 29.99674 ], [ -95.59651, 29.996751 ], [ -95.596859, 29.996752 ], [ -95.596962, 29.99674 ], [ -95.598628, 29.996722 ], [ -95.599051, 29.996729 ], [ -95.600044, 29.996732 ], [ -95.600672, 29.996728 ], [ -95.601215, 29.99671 ], [ -95.602571, 29.996702 ], [ -95.604219, 29.996689 ], [ -95.604223, 29.996908 ], [ -95.6042111, 29.9973158 ], [ -95.6048351, 29.9974979 ], [ -95.6048157, 29.9975358 ], [ -95.6057366, 29.9979992 ], [ -95.605998, 29.997743 ], [ -95.6061205, 29.9976399 ], [ -95.6064211, 29.9973977 ], [ -95.6063259, 29.9970996 ], [ -95.6064987, 29.9966716 ], [ -95.6115277, 29.996592 ], [ -95.6129355, 29.9965946 ], [ -95.612609, 29.9975451 ], [ -95.6135463, 29.9979117 ], [ -95.6133932, 29.9983287 ], [ -95.6130029, 29.9989712 ], [ -95.6127393, 29.9993901 ], [ -95.6121985, 29.999905 ], [ -95.6116484, 30.0003313 ], [ -95.6114006, 30.0005954 ], [ -95.609413, 30.00216 ], [ -95.608918, 30.002824 ], [ -95.608581, 30.003361 ], [ -95.608297, 30.003888 ], [ -95.607991, 30.004731 ], [ -95.60783, 30.005583 ], [ -95.607862, 30.006228 ], [ -95.607853, 30.006418 ], [ -95.607815, 30.006697 ], [ -95.6078245, 30.0070165 ], [ -95.6078294, 30.0089006 ], [ -95.6065988, 30.0089057 ], [ -95.6066014, 30.0094177 ], [ -95.6066084, 30.0100324 ], [ -95.6072505, 30.0100332 ], [ -95.6078534, 30.0100246 ], [ -95.607861, 30.010861 ], [ -95.607954, 30.012691 ], [ -95.607956, 30.012718 ], [ -95.6079092, 30.0127771 ], [ -95.607856, 30.012824 ], [ -95.6050577, 30.012869 ], [ -95.60507, 30.0136951 ], [ -95.605082, 30.014635 ], [ -95.6078987, 30.0145725 ], [ -95.607968, 30.013947 ], [ -95.609257, 30.012872 ], [ -95.608227, 30.012833 ], [ -95.608223, 30.012724 ], [ -95.608132, 30.010865 ], [ -95.608143, 30.010179 ], [ -95.608106, 30.009158 ], [ -95.608106, 30.006849 ], [ -95.60806, 30.006682 ], [ -95.608473, 30.006665 ], [ -95.608475, 30.006228 ], [ -95.608152, 30.006228 ], [ -95.608177, 30.005626 ], [ -95.608366, 30.004835 ], [ -95.608674, 30.004065 ], [ -95.608926, 30.003598 ], [ -95.609363, 30.00297 ], [ -95.609772, 30.002354 ], [ -95.609944, 30.002173 ], [ -95.610455, 30.001767 ], [ -95.610653, 30.001647 ], [ -95.611805, 30.000568 ], [ -95.613132, 29.999275 ], [ -95.613161, 29.999223 ], [ -95.613736, 29.998457 ], [ -95.613838, 29.998177 ], [ -95.6138758, 29.998033 ], [ -95.6142595, 29.99658 ], [ -95.615382, 29.9965634 ], [ -95.6159372, 29.9965523 ], [ -95.6181174, 29.9965499 ], [ -95.6186194, 29.9965382 ], [ -95.6193586, 29.9964435 ], [ -95.6198211, 29.9963382 ], [ -95.6204034, 29.9961756 ], [ -95.6207195, 29.9960518 ], [ -95.6216285, 29.9968325 ], [ -95.6224609, 29.9960891 ], [ -95.6237646, 29.9971604 ], [ -95.6249647, 29.9960911 ], [ -95.6244779, 29.9956748 ], [ -95.6246619, 29.9954886 ], [ -95.6256234, 29.994622 ], [ -95.6247934, 29.9939124 ], [ -95.6244537, 29.9942184 ], [ -95.6238455, 29.9947609 ], [ -95.6221726, 29.9933509 ], [ -95.6218696, 29.9931418 ], [ -95.6217181, 29.9932772 ], [ -95.6206904, 29.9941959 ], [ -95.6209973, 29.9944923 ], [ -95.6203151, 29.9948371 ], [ -95.6175144, 29.9962577 ], [ -95.615839, 29.9948256 ], [ -95.6148168, 29.9939413 ], [ -95.614728, 29.993864 ], [ -95.6146026, 29.9937586 ], [ -95.6139121, 29.9943383 ], [ -95.6136069, 29.9945961 ], [ -95.61158, 29.996338 ], [ -95.610447, 29.996318 ], [ -95.607168, 29.996412 ], [ -95.60647, 29.996426 ], [ -95.60633, 29.996427 ], [ -95.605832, 29.996444 ], [ -95.604201, 29.996498 ], [ -95.604044, 29.996498 ], [ -95.602904, 29.996519 ], [ -95.602521, 29.996526 ], [ -95.60061, 29.996542 ], [ -95.599058, 29.996547 ], [ -95.596982, 29.996555 ], [ -95.59686, 29.996566 ], [ -95.596586, 29.996564 ], [ -95.595689, 29.996557 ], [ -95.593342, 29.996564 ], [ -95.591417, 29.99652 ], [ -95.590949, 29.996514 ], [ -95.590526, 29.99651 ], [ -95.59005, 29.996489 ], [ -95.589471, 29.996499 ], [ -95.58848, 29.996516 ], [ -95.58771, 29.99653 ], [ -95.58756, 29.996509 ], [ -95.584008, 29.996453 ], [ -95.583653, 29.996466 ], [ -95.582089, 29.9965063 ], [ -95.5820922, 29.9956977 ], [ -95.5800245, 29.994391 ], [ -95.5783739, 29.9955669 ], [ -95.578109, 29.995271 ], [ -95.57774, 29.994961 ], [ -95.575574, 29.993136 ], [ -95.575218, 29.992627 ], [ -95.5741, 29.991032 ], [ -95.574065, 29.990984 ], [ -95.573347, 29.989991 ], [ -95.571483, 29.987414 ], [ -95.570239, 29.985637 ], [ -95.568624, 29.983337 ], [ -95.568428, 29.983058 ], [ -95.568163, 29.982685 ], [ -95.568243, 29.982684 ], [ -95.568386, 29.982683 ], [ -95.568737, 29.982681 ], [ -95.56902, 29.982679 ], [ -95.568859, 29.982464 ], [ -95.5682465, 29.9815986 ], [ -95.5694507, 29.9813728 ], [ -95.5690186, 29.980626 ], [ -95.568589, 29.980622 ], [ -95.568252, 29.980774 ], [ -95.567646, 29.979926 ], [ -95.567153, 29.980257 ], [ -95.567058, 29.980321 ], [ -95.565176, 29.976954 ], [ -95.564241, 29.974923 ], [ -95.563512, 29.973725 ], [ -95.563664, 29.973574 ], [ -95.563729, 29.9715841 ], [ -95.5628111, 29.9715928 ], [ -95.562619, 29.971325 ], [ -95.5637185, 29.9712751 ], [ -95.5637657, 29.969599 ], [ -95.561533, 29.9697 ], [ -95.56146, 29.968534 ], [ -95.560683, 29.968564 ], [ -95.560561, 29.967107 ], [ -95.559554, 29.967108 ], [ -95.559554, 29.967714 ], [ -95.558946, 29.967714 ], [ -95.558926, 29.967103 ], [ -95.556418, 29.967072 ], [ -95.556214, 29.967476 ], [ -95.55629, 29.967588 ], [ -95.5562907, 29.967638 ], [ -95.5550314, 29.9668505 ], [ -95.5601974, 29.9668508 ], [ -95.5617789, 29.9668297 ], [ -95.5637303, 29.9668314 ], [ -95.5636465, 29.9635165 ], [ -95.5635993, 29.9612502 ], [ -95.5635984, 29.9610173 ], [ -95.5636034, 29.9606763 ], [ -95.5636348, 29.9585481 ], [ -95.5629523, 29.9583593 ], [ -95.5609004, 29.9583895 ], [ -95.5542848, 29.9585259 ], [ -95.5542739, 29.9558575 ], [ -95.5571112, 29.9567017 ], [ -95.5571088, 29.9564477 ], [ -95.5558719, 29.9560776 ], [ -95.5538933, 29.955507 ], [ -95.5547056, 29.9547692 ], [ -95.5568891, 29.9528336 ], [ -95.5529622, 29.9528949 ], [ -95.5529784, 29.9552382 ], [ -95.5515255, 29.9547872 ], [ -95.5515025, 29.9530225 ], [ -95.5514972, 29.9517927 ], [ -95.5514769, 29.9508029 ], [ -95.551474, 29.9498561 ], [ -95.5498272, 29.9498542 ], [ -95.5498165, 29.9487193 ], [ -95.5494053, 29.9487463 ], [ -95.5469554, 29.9487649 ], [ -95.5469238, 29.9471072 ], [ -95.5469044, 29.9437811 ], [ -95.5468733, 29.9408033 ], [ -95.5468838, 29.938492 ], [ -95.5468803, 29.9375862 ], [ -95.5465625, 29.9375861 ], [ -95.5451208, 29.9375858 ], [ -95.5351135, 29.9375836 ], [ -95.5253141, 29.9375815 ], [ -95.5253116, 29.9372403 ], [ -95.5250845, 29.9372912 ], [ -95.5224335, 29.9375372 ], [ -95.5228401, 29.938254 ], [ -95.5261778, 29.9441384 ], [ -95.5273456, 29.9460925 ], [ -95.5267851, 29.9455432 ], [ -95.5265253, 29.9452886 ], [ -95.5256888, 29.9445323 ], [ -95.5254919, 29.944489 ], [ -95.5252553, 29.9444057 ], [ -95.5249967, 29.9442696 ], [ -95.5247406, 29.9441014 ], [ -95.5245335, 29.9439326 ], [ -95.524438, 29.9438413 ], [ -95.5242643, 29.943646 ], [ -95.5241276, 29.9435212 ], [ -95.523951, 29.9433345 ], [ -95.522291, 29.9420723 ], [ -95.521207, 29.9412723 ], [ -95.5196011, 29.9402345 ], [ -95.5181784, 29.9391545 ], [ -95.5175691, 29.9386363 ], [ -95.5174101, 29.9385147 ], [ -95.5169486, 29.9382082 ], [ -95.5167455, 29.9380534 ], [ -95.5165756, 29.9379456 ], [ -95.5162541, 29.9379402 ], [ -95.5162542, 29.9376511 ], [ -95.5140773, 29.9360848 ], [ -95.5139088, 29.9359536 ], [ -95.5135052, 29.9356035 ], [ -95.512683, 29.934992 ], [ -95.5124248, 29.9347861 ], [ -95.5112391, 29.933884 ], [ -95.5090279, 29.9317908 ], [ -95.5088159, 29.931594 ], [ -95.5085818, 29.9314129 ], [ -95.5079138, 29.930782 ], [ -95.5061883, 29.9294514 ], [ -95.5061365, 29.9294018 ], [ -95.504792, 29.9283713 ], [ -95.504121, 29.9278607 ], [ -95.5038876, 29.9277134 ], [ -95.50244, 29.9265966 ], [ -95.4979106, 29.9231668 ], [ -95.4977536, 29.9230688 ], [ -95.4949678, 29.9209361 ], [ -95.4940678, 29.920259 ], [ -95.493705, 29.9200497 ], [ -95.4939593, 29.9196553 ], [ -95.494466, 29.9189915 ], [ -95.4949783, 29.9182091 ], [ -95.4951684, 29.9178856 ], [ -95.4953687, 29.9174586 ], [ -95.4955589, 29.9168498 ], [ -95.4956235, 29.9165759 ], [ -95.495676, 29.9162923 ], [ -95.4957089, 29.915988 ], [ -95.495688, 29.9147285 ], [ -95.4958561, 29.9147287 ], [ -95.4958615, 29.9147288 ], [ -95.4959898, 29.9147316 ], [ -95.4960275, 29.9147324 ], [ -95.4964803, 29.9147272 ], [ -95.4965325, 29.9147266 ], [ -95.4970844, 29.9147202 ], [ -95.501514, 29.9146953 ], [ -95.5075991, 29.9146608 ], [ -95.5094562, 29.9146265 ], [ -95.5077512, 29.9117077 ], [ -95.5077376, 29.9116839 ], [ -95.5064206, 29.9093621 ], [ -95.505987, 29.9085878 ], [ -95.5054582, 29.9076016 ], [ -95.505458, 29.9076012 ], [ -95.5054553, 29.9075964 ], [ -95.5052794, 29.9072806 ], [ -95.5051857, 29.9071127 ], [ -95.5051065, 29.9069707 ], [ -95.5051031, 29.9069646 ], [ -95.5050193, 29.9068144 ], [ -95.5049384, 29.9066693 ], [ -95.5048341, 29.9064824 ], [ -95.5047666, 29.9063598 ], [ -95.5047241, 29.9062826 ], [ -95.5046976, 29.9062344 ], [ -95.5045895, 29.9060467 ], [ -95.5045059, 29.9059006 ], [ -95.5044301, 29.905768 ], [ -95.5044219, 29.9057536 ], [ -95.5043374, 29.9056059 ], [ -95.5042543, 29.9054609 ], [ -95.504169, 29.9053107 ], [ -95.5040857, 29.9051643 ], [ -95.5039949, 29.9050057 ], [ -95.5039023, 29.9048438 ], [ -95.5038119, 29.904685 ], [ -95.5037288, 29.9045384 ], [ -95.5036428, 29.9043888 ], [ -95.5035586, 29.9042395 ], [ -95.5034761, 29.9040939 ], [ -95.503385, 29.9039314 ], [ -95.5032977, 29.9037738 ], [ -95.5032829, 29.9037485 ], [ -95.5032032, 29.9036121 ], [ -95.503113, 29.9034515 ], [ -95.5030268, 29.9033015 ], [ -95.5029426, 29.9031531 ], [ -95.5029172, 29.9031079 ], [ -95.5028554, 29.902998 ], [ -95.5028072, 29.9029133 ], [ -95.5027982, 29.902899 ], [ -95.5025816, 29.9025155 ], [ -95.5023831, 29.9021657 ], [ -95.502382, 29.9021638 ], [ -95.5023231, 29.9020599 ], [ -95.502036, 29.9015538 ], [ -95.5019221, 29.9013578 ], [ -95.5019049, 29.9013282 ], [ -95.5018685, 29.9012657 ], [ -95.5018678, 29.9012645 ], [ -95.5013825, 29.9003854 ], [ -95.500982, 29.89966 ], [ -95.5009816, 29.8996592 ], [ -95.5008849, 29.8995012 ], [ -95.4960748, 29.8909772 ], [ -95.4956698, 29.8902727 ], [ -95.4956689, 29.8902711 ], [ -95.4956686, 29.8902705 ], [ -95.4961276, 29.8902644 ], [ -95.4961277, 29.8902644 ], [ -95.4964848, 29.8902596 ], [ -95.4964849, 29.8902596 ], [ -95.4965208, 29.8902591 ], [ -95.496539, 29.8902589 ], [ -95.4966648, 29.8902572 ], [ -95.4966649, 29.8902572 ], [ -95.4968675, 29.8902545 ], [ -95.4970485, 29.8902519 ], [ -95.4970486, 29.8902519 ], [ -95.4970888, 29.8902513 ], [ -95.4971168, 29.8902509 ], [ -95.4972471, 29.890249 ], [ -95.4972472, 29.890249 ], [ -95.4974384, 29.8902463 ], [ -95.4974385, 29.8902463 ], [ -95.4974751, 29.8902458 ], [ -95.4975124, 29.8902452 ], [ -95.497518, 29.8902451 ], [ -95.4976192, 29.8902437 ], [ -95.4976193, 29.8902437 ], [ -95.4978155, 29.8902409 ], [ -95.4978156, 29.8902409 ], [ -95.498006, 29.8902381 ], [ -95.4980061, 29.8902381 ], [ -95.4980437, 29.8902376 ], [ -95.498192, 29.8902355 ], [ -95.4981921, 29.8902355 ], [ -95.4983831, 29.8902327 ], [ -95.4983832, 29.8902327 ], [ -95.4984215, 29.8902322 ], [ -95.4985723, 29.89023 ], [ -95.4987655, 29.8902272 ], [ -95.4987982, 29.8902268 ], [ -95.4989535, 29.8902245 ], [ -95.4989536, 29.8902245 ], [ -95.4991323, 29.890222 ], [ -95.4991324, 29.890222 ], [ -95.4993259, 29.8902192 ], [ -95.499326, 29.8902192 ], [ -95.4993646, 29.8902186 ], [ -95.4993927, 29.8902182 ], [ -95.4994175, 29.8902179 ], [ -95.4995169, 29.8902165 ], [ -95.499517, 29.8902165 ], [ -95.4997024, 29.8902143 ], [ -95.4997025, 29.8902143 ], [ -95.4997396, 29.8902138 ], [ -95.4998934, 29.890212 ], [ -95.4998935, 29.890212 ], [ -95.500079, 29.8902098 ], [ -95.5000791, 29.8902098 ], [ -95.5002814, 29.8902074 ], [ -95.5002815, 29.8902074 ], [ -95.500418, 29.8902043 ], [ -95.5004181, 29.8902043 ], [ -95.5004182, 29.8902043 ], [ -95.5004183, 29.8902043 ], [ -95.500473, 29.890203 ], [ -95.5004731, 29.890203 ], [ -95.5006788, 29.8902011 ], [ -95.5008698, 29.8901987 ], [ -95.5008699, 29.8901987 ], [ -95.5010827, 29.8901961 ], [ -95.5010828, 29.8901961 ], [ -95.5012913, 29.8901936 ], [ -95.5012914, 29.8901936 ], [ -95.5014968, 29.890191 ], [ -95.5014969, 29.890191 ], [ -95.5016679, 29.8901889 ], [ -95.501668, 29.8901889 ], [ -95.5018434, 29.8901868 ], [ -95.5020194, 29.8901846 ], [ -95.5020195, 29.8901846 ], [ -95.5022098, 29.8901823 ], [ -95.5022099, 29.8901823 ], [ -95.5023922, 29.8901799 ], [ -95.5023923, 29.8901799 ], [ -95.5027467, 29.8901753 ], [ -95.5028033, 29.8901745 ], [ -95.5028097, 29.8901744 ], [ -95.5028169, 29.8901743 ], [ -95.5030315, 29.8901715 ], [ -95.5030316, 29.8901715 ], [ -95.5030383, 29.8901714 ], [ -95.5035276, 29.8901626 ], [ -95.5035277, 29.8901626 ], [ -95.5039161, 29.8901587 ], [ -95.5039162, 29.8901587 ], [ -95.5041031, 29.8901584 ], [ -95.5041032, 29.8901584 ], [ -95.5041442, 29.8901583 ], [ -95.5041443, 29.8901583 ], [ -95.5043195, 29.890158 ], [ -95.5043196, 29.890158 ], [ -95.5044604, 29.8901562 ], [ -95.5044605, 29.8901562 ], [ -95.5044606, 29.8901561 ], [ -95.5044607, 29.8901561 ], [ -95.5044608, 29.8901561 ], [ -95.5044611, 29.8901561 ], [ -95.5044612, 29.8901561 ], [ -95.5045167, 29.8901554 ], [ -95.5045168, 29.8901554 ], [ -95.5047106, 29.8901529 ], [ -95.5047107, 29.8901529 ], [ -95.5049078, 29.8901503 ], [ -95.5050971, 29.8901478 ], [ -95.5050972, 29.8901478 ], [ -95.5053012, 29.8901452 ], [ -95.5053013, 29.8901452 ], [ -95.5054984, 29.8901426 ], [ -95.5054985, 29.8901426 ], [ -95.5056929, 29.8901401 ], [ -95.5059098, 29.8901372 ], [ -95.5059099, 29.8901372 ], [ -95.5059429, 29.8901368 ], [ -95.50619, 29.8901336 ], [ -95.5062512, 29.8901328 ], [ -95.5062513, 29.8901328 ], [ -95.5066707, 29.8901273 ], [ -95.5066708, 29.8901273 ], [ -95.506713, 29.8901268 ], [ -95.5067417, 29.8901264 ], [ -95.5068898, 29.8901245 ], [ -95.5068899, 29.8901245 ], [ -95.50689, 29.8901245 ], [ -95.5068902, 29.8901245 ], [ -95.5068903, 29.8901245 ], [ -95.5068904, 29.8901245 ], [ -95.5068905, 29.8901245 ], [ -95.5068906, 29.8901245 ], [ -95.5069539, 29.8901237 ], [ -95.5070025, 29.890123 ], [ -95.5070476, 29.8901224 ], [ -95.5070447, 29.8891456 ], [ -95.5070413, 29.8880059 ], [ -95.5070407, 29.8878142 ], [ -95.5070406, 29.8878037 ], [ -95.507035, 29.8859174 ], [ -95.5070398, 29.8838653 ], [ -95.5070415, 29.8831307 ], [ -95.5070468, 29.8797334 ], [ -95.5070448, 29.8782269 ], [ -95.5070443, 29.877834 ], [ -95.5070443, 29.8778071 ], [ -95.5070436, 29.8773131 ], [ -95.5070417, 29.8758369 ], [ -95.5070405, 29.8748866 ], [ -95.5070484, 29.8745339 ], [ -95.5070499, 29.8744622 ], [ -95.50705, 29.8744604 ], [ -95.50705, 29.8744583 ], [ -95.5069, 29.8744368 ], [ -95.5068999, 29.8744368 ], [ -95.5066567, 29.8744025 ], [ -95.5066566, 29.8744025 ], [ -95.5064866, 29.8743781 ], [ -95.5064866, 29.874378 ], [ -95.506308, 29.8743519 ], [ -95.5063079, 29.8743519 ], [ -95.5061198, 29.8743241 ], [ -95.5061197, 29.8743241 ], [ -95.5059476, 29.8742998 ], [ -95.5059475, 29.8742998 ], [ -95.5057625, 29.8742733 ], [ -95.5057624, 29.8742733 ], [ -95.5055699, 29.8742451 ], [ -95.5053818, 29.8742186 ], [ -95.5052004, 29.8741929 ], [ -95.5052003, 29.8741928 ], [ -95.505015, 29.8741661 ], [ -95.5050149, 29.8741661 ], [ -95.5048226, 29.8741384 ], [ -95.5048225, 29.8741384 ], [ -95.5046367, 29.874112 ], [ -95.5046366, 29.874112 ], [ -95.5044497, 29.8740832 ], [ -95.5044496, 29.8740832 ], [ -95.5044442, 29.8740824 ], [ -95.5044441, 29.8740824 ], [ -95.5042629, 29.8740564 ], [ -95.5042628, 29.8740564 ], [ -95.5040681, 29.8740285 ], [ -95.504068, 29.8740285 ], [ -95.5038872, 29.8740026 ], [ -95.5038871, 29.8740026 ], [ -95.5037012, 29.873976 ], [ -95.5037011, 29.873976 ], [ -95.5035206, 29.8739501 ], [ -95.5035205, 29.8739501 ], [ -95.5033358, 29.8739239 ], [ -95.5033357, 29.8739239 ], [ -95.5031552, 29.8738982 ], [ -95.5031551, 29.8738982 ], [ -95.5029613, 29.8738707 ], [ -95.5029612, 29.8738707 ], [ -95.5027771, 29.8738446 ], [ -95.5027771, 29.8738445 ], [ -95.502777, 29.8738445 ], [ -95.5025991, 29.873818 ], [ -95.502599, 29.8738179 ], [ -95.5024163, 29.8737906 ], [ -95.5024162, 29.8737906 ], [ -95.5023185, 29.873776 ], [ -95.5023185, 29.8737736 ], [ -95.5023096, 29.8733596 ], [ -95.5023091, 29.8732221 ], [ -95.5023071, 29.873129 ], [ -95.5023005, 29.8728235 ], [ -95.502297, 29.8726586 ], [ -95.5022928, 29.8724367 ], [ -95.5022894, 29.8722583 ], [ -95.5022861, 29.87208 ], [ -95.5022829, 29.8719061 ], [ -95.5022795, 29.8717277 ], [ -95.5022758, 29.8715281 ], [ -95.502272, 29.8713283 ], [ -95.502268, 29.8711121 ], [ -95.5022615, 29.8707657 ], [ -95.5022566, 29.8705682 ], [ -95.5022494, 29.8701667 ], [ -95.5022479, 29.8700929 ], [ -95.5022418, 29.869793 ], [ -95.5022381, 29.869612 ], [ -95.5022347, 29.869445 ], [ -95.5022315, 29.869286 ], [ -95.5022282, 29.8691208 ], [ -95.5022249, 29.8689576 ], [ -95.502219, 29.8687964 ], [ -95.5022152, 29.8686301 ], [ -95.502213, 29.8684642 ], [ -95.5022108, 29.8683 ], [ -95.5022086, 29.8681358 ], [ -95.5022063, 29.8679618 ], [ -95.5022042, 29.8677977 ], [ -95.502202, 29.8676335 ], [ -95.5021927, 29.8674675 ], [ -95.5021906, 29.8673033 ], [ -95.5021884, 29.8671212 ], [ -95.5021864, 29.8669587 ], [ -95.5021825, 29.8666445 ], [ -95.5021825, 29.8666436 ], [ -95.5021718, 29.8657836 ], [ -95.5021701, 29.8656461 ], [ -95.5069207, 29.8655986 ], [ -95.5072257, 29.8655946 ], [ -95.5104507, 29.865569 ], [ -95.5108231, 29.8656091 ], [ -95.5156786, 29.8655638 ], [ -95.5166099, 29.8655551 ], [ -95.5200215, 29.8655231 ], [ -95.5205616, 29.865518 ], [ -95.5219359, 29.8655084 ], [ -95.5243131, 29.8654919 ], [ -95.5245044, 29.8654906 ], [ -95.5244004, 29.8609617 ], [ -95.5245685, 29.8609631 ], [ -95.5250685, 29.8609673 ], [ -95.5256371, 29.8613312 ], [ -95.5259978, 29.861562 ], [ -95.5266946, 29.8623197 ], [ -95.5284593, 29.8627304 ], [ -95.5300701, 29.8637328 ], [ -95.5300718, 29.8638535 ], [ -95.5301355, 29.8638936 ], [ -95.5324925, 29.8653776 ], [ -95.5324926, 29.8653827 ], [ -95.5331679, 29.8658074 ], [ -95.5332159, 29.8658358 ], [ -95.5332656, 29.8658618 ], [ -95.5333437, 29.8658961 ], [ -95.5334248, 29.8659243 ], [ -95.5335085, 29.8659464 ], [ -95.533594, 29.8659621 ], [ -95.5336766, 29.8659771 ], [ -95.5337575, 29.865998 ], [ -95.533836, 29.8660248 ], [ -95.5339117, 29.8660572 ], [ -95.5339841, 29.866095 ], [ -95.5340526, 29.8661379 ], [ -95.5340732, 29.866152 ], [ -95.5340763, 29.8663122 ], [ -95.5340806, 29.8663151 ], [ -95.5349009, 29.866856 ], [ -95.5350101, 29.8669281 ], [ -95.5355236, 29.8669975 ], [ -95.535658, 29.8670156 ], [ -95.5361786, 29.8671181 ], [ -95.5365522, 29.8671969 ], [ -95.5366237, 29.867212 ], [ -95.5372289, 29.8673395 ], [ -95.5374831, 29.8673467 ], [ -95.5375582, 29.8673469 ], [ -95.5375945, 29.8673469 ], [ -95.5376608, 29.8673465 ], [ -95.5376721, 29.8673502 ], [ -95.5377932, 29.8673925 ], [ -95.5378846, 29.8674853 ], [ -95.5378955, 29.8674963 ], [ -95.5379661, 29.8675657 ], [ -95.5381211, 29.867718 ], [ -95.5382134, 29.8678193 ], [ -95.5382712, 29.8678686 ], [ -95.5383482, 29.8679568 ], [ -95.538409, 29.8679946 ], [ -95.5385572, 29.8680301 ], [ -95.5385768, 29.8680348 ], [ -95.5387716, 29.8680017 ], [ -95.5389734, 29.8679707 ], [ -95.5391987, 29.8679355 ], [ -95.5393573, 29.8678921 ], [ -95.5393857, 29.8678843 ], [ -95.539438, 29.8678699 ], [ -95.5395654, 29.8678508 ], [ -95.5396413, 29.8678383 ], [ -95.5397071, 29.86784 ], [ -95.5397135, 29.8678402 ], [ -95.539903, 29.8678452 ], [ -95.5401858, 29.8678742 ], [ -95.540188, 29.8678745 ], [ -95.5401933, 29.867875 ], [ -95.5405717, 29.8679139 ], [ -95.5409194, 29.8680231 ], [ -95.5413663, 29.8680248 ], [ -95.5421494, 29.8680001 ], [ -95.5421615, 29.8680053 ], [ -95.542347, 29.8680854 ], [ -95.5425312, 29.8681723 ], [ -95.5426138, 29.8682089 ], [ -95.5426205, 29.8682043 ], [ -95.5427512, 29.8681188 ], [ -95.5428864, 29.8680386 ], [ -95.5430257, 29.867964 ], [ -95.5431688, 29.8678951 ], [ -95.5433154, 29.867832 ], [ -95.5434652, 29.8677749 ], [ -95.5436188, 29.8677236 ], [ -95.5436348, 29.8677185 ], [ -95.5437201, 29.8676913 ], [ -95.5452626, 29.8671984 ], [ -95.5456224, 29.8671336 ], [ -95.5464384, 29.8670073 ], [ -95.5464569, 29.8670051 ], [ -95.5468293, 29.8669611 ], [ -95.5468804, 29.8669542 ], [ -95.5478054, 29.8668292 ], [ -95.5490636, 29.8667045 ], [ -95.5498895, 29.8665683 ], [ -95.5503556, 29.86649 ], [ -95.5504363, 29.8664855 ], [ -95.5506704, 29.8664702 ], [ -95.5507007, 29.8664682 ], [ -95.5509302, 29.8664532 ], [ -95.5509793, 29.8664878 ], [ -95.5511574, 29.8666134 ], [ -95.551146, 29.8665788 ], [ -95.552222, 29.867364 ], [ -95.5587133, 29.8719908 ], [ -95.5589751, 29.8719088 ], [ -95.5599292, 29.8726211 ], [ -95.5648327, 29.8760527 ], [ -95.5673701, 29.8778305 ], [ -95.5675685, 29.8779676 ], [ -95.5677216, 29.8777887 ], [ -95.5705087, 29.8797672 ], [ -95.5705525, 29.8797572 ], [ -95.5712676, 29.8797279 ], [ -95.5722085, 29.8796899 ], [ -95.5726315, 29.8797003 ], [ -95.5727616, 29.8797056 ], [ -95.572869, 29.8797117 ], [ -95.5729757, 29.8797192 ], [ -95.5730816, 29.8797282 ], [ -95.5732084, 29.8797371 ], [ -95.5733347, 29.8797476 ], [ -95.5734604, 29.8797597 ], [ -95.5735855, 29.8797734 ], [ -95.5737099, 29.8797887 ], [ -95.5738336, 29.8798055 ], [ -95.5739566, 29.8798239 ], [ -95.5740789, 29.8798439 ], [ -95.5742003, 29.8798654 ], [ -95.5743209, 29.8798884 ], [ -95.5749587, 29.8800675 ], [ -95.5751557, 29.880115 ], [ -95.5754539, 29.880189 ], [ -95.5762259, 29.880383 ], [ -95.5768579, 29.8803928 ], [ -95.5769386, 29.8803933 ], [ -95.577671, 29.8803979 ], [ -95.5782036, 29.8803838 ], [ -95.5785026, 29.8803919 ], [ -95.579455, 29.8803612 ], [ -95.5799487, 29.8803549 ], [ -95.58049, 29.8803487 ], [ -95.5804893, 29.8803725 ], [ -95.5809901, 29.880368 ], [ -95.5815033, 29.8803624 ], [ -95.5815029, 29.8803357 ], [ -95.5818019, 29.8803274 ], [ -95.5820253, 29.8803291 ], [ -95.5825782, 29.8803137 ], [ -95.5830684, 29.8802968 ], [ -95.5832723, 29.8802998 ], [ -95.5835433, 29.8803038 ], [ -95.5839848, 29.8803041 ], [ -95.5845907, 29.8802936 ], [ -95.584593, 29.8802936 ], [ -95.5864914, 29.8802739 ], [ -95.5866432, 29.8802697 ], [ -95.5870536, 29.8802584 ], [ -95.5874344, 29.8802601 ], [ -95.5878268, 29.8802455 ], [ -95.5917287, 29.8802104 ], [ -95.5917209, 29.8801603 ], [ -95.5924508, 29.8801432 ], [ -95.5924482, 29.8801853 ], [ -95.5930805, 29.8801908 ], [ -95.5941411, 29.8801754 ], [ -95.5943838, 29.8801324 ], [ -95.5980534, 29.8800833 ], [ -95.598052, 29.8801264 ], [ -95.5992217, 29.880113 ], [ -95.5994827, 29.8801243 ], [ -95.599913, 29.8800788 ], [ -95.6005073, 29.8800565 ], [ -95.6012021, 29.8800065 ], [ -95.6017694, 29.8799521 ], [ -95.60229, 29.8799314 ], [ -95.6042675, 29.8797943 ], [ -95.6046472, 29.8797837 ], [ -95.6053966, 29.8797354 ], [ -95.6059168, 29.8797466 ], [ -95.6082844, 29.8797052 ], [ -95.6087186, 29.879688 ], [ -95.6094932, 29.8796947 ], [ -95.6132896, 29.8796608 ], [ -95.6132898, 29.8796751 ], [ -95.6146894, 29.8796548 ], [ -95.6146891, 29.8797373 ], [ -95.6157697, 29.8797193 ], [ -95.6157693, 29.8796368 ], [ -95.6182487, 29.8796124 ], [ -95.6205105, 29.8796017 ], [ -95.6205579, 29.8796425 ], [ -95.6205735, 29.8831726 ], [ -95.6205668, 29.8838475 ], [ -95.6205779, 29.8843561 ], [ -95.6205862, 29.8859944 ], [ -95.6205734, 29.887613 ], [ -95.6206043, 29.8895985 ], [ -95.6206209, 29.8950964 ], [ -95.6206151, 29.8969311 ], [ -95.6206148, 29.8970311 ], [ -95.6205776, 29.8978874 ], [ -95.6205147, 29.8993341 ], [ -95.6205153, 29.8994015 ], [ -95.6205181, 29.8997019 ], [ -95.620316, 29.9042866 ], [ -95.6202448, 29.9055289 ], [ -95.6202587, 29.9058171 ], [ -95.6199139, 29.9145079 ], [ -95.6196773, 29.9146444 ], [ -95.6194825, 29.9145092 ], [ -95.6191947, 29.9147081 ], [ -95.6198481, 29.9151844 ], [ -95.6233548, 29.9176503 ], [ -95.6249398, 29.9187454 ], [ -95.6257048, 29.91932 ], [ -95.628328, 29.9211048 ], [ -95.629072, 29.9216809 ], [ -95.6297537, 29.9221636 ], [ -95.6305466, 29.9227483 ], [ -95.6306601, 29.922832 ], [ -95.6307029, 29.9227844 ], [ -95.631103, 29.9230548 ], [ -95.6311467, 29.9230869 ], [ -95.6315024, 29.9233481 ], [ -95.6329023, 29.9252046 ], [ -95.6333789, 29.9255147 ], [ -95.6340188, 29.9259877 ], [ -95.6347195, 29.9264738 ], [ -95.6356062, 29.9270889 ], [ -95.6367676, 29.9278946 ], [ -95.6383081, 29.9289421 ], [ -95.6384655, 29.9290782 ], [ -95.639844, 29.9300454 ], [ -95.6410196, 29.9308703 ], [ -95.6426406, 29.9319773 ], [ -95.6436759, 29.9327148 ], [ -95.64367, 29.9328028 ], [ -95.6438069, 29.9328063 ], [ -95.645052, 29.9336846 ], [ -95.6456022, 29.9340586 ], [ -95.6467586, 29.9349815 ], [ -95.6476397, 29.9356716 ], [ -95.6477669, 29.9357605 ], [ -95.6494808, 29.9369584 ], [ -95.6497116, 29.9371815 ], [ -95.6498824, 29.9372711 ], [ -95.651319, 29.9382775 ], [ -95.6523981, 29.9388555 ], [ -95.6552758, 29.94085 ], [ -95.6554918, 29.9410213 ], [ -95.6619405, 29.945488 ], [ -95.662508, 29.9458347 ], [ -95.6646529, 29.9473372 ], [ -95.6652728, 29.9477548 ], [ -95.6671707, 29.9490888 ], [ -95.6672937, 29.9492321 ], [ -95.6679428, 29.9497167 ], [ -95.6708623, 29.9519994 ], [ -95.6763024, 29.9556845 ], [ -95.6777973, 29.9566511 ], [ -95.678585, 29.9572363 ], [ -95.6803216, 29.9584302 ], [ -95.6861975, 29.9625033 ], [ -95.6869081, 29.9630508 ], [ -95.6876973, 29.963616 ], [ -95.6897502, 29.9639166 ], [ -95.6973324, 29.969162 ], [ -95.6975173, 29.9693047 ], [ -95.6997009, 29.9707955 ], [ -95.700218, 29.9711666 ], [ -95.7007355, 29.9715073 ], [ -95.7012973, 29.9719098 ], [ -95.7039143, 29.9737187 ], [ -95.7040114, 29.9737803 ], [ -95.7045062, 29.9740047 ], [ -95.7054238, 29.9744718 ], [ -95.7085449, 29.9764516 ], [ -95.7094263, 29.9767726 ], [ -95.7106929, 29.9772553 ], [ -95.7107317, 29.9772542 ], [ -95.7110621, 29.9773864 ], [ -95.7140045, 29.9784935 ], [ -95.7156995, 29.9791474 ], [ -95.7161044, 29.9792867 ], [ -95.7166189, 29.9795155 ], [ -95.7165792, 29.9796192 ], [ -95.7165589, 29.9797097 ], [ -95.7165595, 29.9797796 ], [ -95.7165753, 29.9798481 ], [ -95.7173558, 29.9815367 ], [ -95.7172889, 29.9815392 ], [ -95.7186298, 29.9844718 ], [ -95.7189027, 29.9848188 ], [ -95.7201291, 29.9875012 ], [ -95.7201591, 29.9874908 ], [ -95.7215528, 29.9904511 ], [ -95.7229556, 29.9935774 ], [ -95.7245951, 29.9971357 ], [ -95.7246575, 30.0000683 ], [ -95.7246867, 30.0033769 ], [ -95.7246824, 30.0044186 ], [ -95.7247102, 30.0103053 ], [ -95.7246944, 30.0104813 ], [ -95.7247105, 30.0128213 ], [ -95.724853, 30.0157237 ], [ -95.7248687, 30.016671 ], [ -95.7248727, 30.0210955 ], [ -95.7248004, 30.0212974 ], [ -95.7247374, 30.0222809 ], [ -95.7247404, 30.0225616 ], [ -95.7248361, 30.0228085 ], [ -95.7248299, 30.0233889 ], [ -95.7247901, 30.0239239 ], [ -95.7247455, 30.0248131 ], [ -95.7247276, 30.0251707 ], [ -95.7247477, 30.0268919 ], [ -95.7247552, 30.0295435 ], [ -95.7248584, 30.0301011 ], [ -95.7252373, 30.0319453 ], [ -95.7259258, 30.0354576 ], [ -95.7263873, 30.0376136 ], [ -95.7267457, 30.039461 ], [ -95.7268352, 30.0398389 ], [ -95.7269938, 30.0406841 ], [ -95.7274123, 30.0427618 ], [ -95.7275367, 30.0434544 ], [ -95.7277886, 30.0447107 ], [ -95.7278206, 30.0447106 ], [ -95.7278311, 30.0446384 ], [ -95.7276959, 30.0440917 ], [ -95.7275683, 30.0434545 ], [ -95.7274434, 30.042757 ], [ -95.727025, 30.0406795 ], [ -95.7268662, 30.0398337 ], [ -95.7268289, 30.0396863 ], [ -95.7264184, 30.0376086 ], [ -95.7258969, 30.0351554 ], [ -95.7252685, 30.0319406 ], [ -95.7248895, 30.0300965 ], [ -95.7247868, 30.0295413 ], [ -95.7247793, 30.0268918 ], [ -95.7247592, 30.0251713 ], [ -95.7248016, 30.0243251 ], [ -95.7248615, 30.0233899 ], [ -95.7248677, 30.0228041 ], [ -95.7247723, 30.0225576 ], [ -95.7248305, 30.0213056 ], [ -95.7249028, 30.0211036 ], [ -95.7248908, 30.0161369 ], [ -95.7248845, 30.0157229 ], [ -95.7247645, 30.0133751 ], [ -95.724757, 30.0128137 ], [ -95.724739, 30.012374 ], [ -95.7247372, 30.0121092 ], [ -95.7247335, 30.0115766 ], [ -95.724726, 30.0104823 ], [ -95.7247418, 30.0103064 ], [ -95.724714, 30.0044185 ], [ -95.7247183, 30.0033768 ], [ -95.7246891, 30.0000679 ], [ -95.7246815, 29.999912 ], [ -95.7246266, 29.9971301 ], [ -95.7229849, 29.9935673 ], [ -95.7215821, 29.9904409 ], [ -95.7201764, 29.9874552 ], [ -95.7201471, 29.9874654 ], [ -95.7189308, 29.9848058 ], [ -95.7186578, 29.9844587 ], [ -95.7173347, 29.981565 ], [ -95.7174021, 29.9815624 ], [ -95.7166018, 29.9798288 ], [ -95.7165903, 29.9797135 ], [ -95.7166098, 29.9796263 ], [ -95.7166477, 29.9795281 ], [ -95.7167425, 29.9795709 ], [ -95.7169097, 29.9796464 ], [ -95.7170736, 29.9796559 ], [ -95.726002, 29.9830325 ], [ -95.7278411, 29.9837078 ], [ -95.7300447, 29.9845351 ], [ -95.7316955, 29.9851701 ], [ -95.7336766, 29.9859568 ], [ -95.7356605, 29.986804 ], [ -95.7367481, 29.9872864 ], [ -95.7443627, 29.9901909 ], [ -95.7460053, 29.9907085 ], [ -95.7480715, 29.9913907 ], [ -95.750144, 29.9921402 ], [ -95.7602091, 29.9959396 ], [ -95.7606567, 29.9961194 ], [ -95.7707639, 29.9999731 ], [ -95.7716286, 30.0003215 ], [ -95.7763771, 30.0023043 ], [ -95.7765749, 30.0024092 ], [ -95.776723, 30.0025092 ], [ -95.7768353, 30.0026017 ], [ -95.7769367, 30.0027031 ], [ -95.7770266, 30.0028134 ], [ -95.7771189, 30.0029558 ], [ -95.7777262, 30.004032 ], [ -95.7778653, 30.0042208 ], [ -95.7780295, 30.0043932 ], [ -95.7782447, 30.0045671 ], [ -95.7783927, 30.0046618 ], [ -95.7785177, 30.0047293 ], [ -95.7786684, 30.0047975 ], [ -95.7794443, 30.0050917 ], [ -95.7799143, 30.005265 ], [ -95.7801357, 30.0053294 ], [ -95.7803996, 30.0053737 ], [ -95.7807017, 30.0053854 ], [ -95.7809332, 30.0053667 ], [ -95.7811685, 30.0053211 ], [ -95.7818783, 30.0051139 ], [ -95.7823451, 30.0049493 ], [ -95.7824904, 30.0049205 ], [ -95.7827045, 30.0048972 ], [ -95.7829444, 30.004896 ], [ -95.7831685, 30.0049192 ], [ -95.7833698, 30.0049639 ], [ -95.7847557, 30.0054048 ], [ -95.786422, 30.0059349 ], [ -95.7866293, 30.0060032 ], [ -95.7871081, 30.0061611 ], [ -95.789181, 30.0069099 ], [ -95.7991166, 30.0106605 ], [ -95.799135, 30.0124741 ], [ -95.7992163, 30.0124737 ], [ -95.7992272, 30.0135599 ], [ -95.7992894, 30.0197482 ], [ -95.7993136, 30.0221505 ], [ -95.7993567, 30.0264404 ], [ -95.7990227, 30.0274129 ], [ -95.7988546, 30.0286984 ], [ -95.7978972, 30.0356254 ], [ -95.798248, 30.0368462 ], [ -95.7982786, 30.0368394 ], [ -95.7979293, 30.0356237 ], [ -95.798886, 30.0287015 ], [ -95.7990538, 30.0274184 ], [ -95.7993883, 30.0264443 ], [ -95.7992477, 30.0124491 ], [ -95.7991663, 30.0124464 ], [ -95.7991483, 30.0106655 ], [ -95.7995965, 30.010737 ], [ -95.8010519, 30.0113001 ], [ -95.8057095, 30.0131021 ], [ -95.8059628, 30.013201 ], [ -95.8068257, 30.0135378 ], [ -95.8100307, 30.014789 ], [ -95.8126613, 30.0159875 ], [ -95.8128204, 30.0160744 ], [ -95.8129621, 30.0161721 ], [ -95.8130865, 30.01628 ], [ -95.8132123, 30.0164192 ], [ -95.8133461, 30.016618 ], [ -95.8137192, 30.0173176 ], [ -95.8138311, 30.0174834 ], [ -95.8139797, 30.0176679 ], [ -95.8141173, 30.0177988 ], [ -95.8142727, 30.0179143 ], [ -95.8144454, 30.0180131 ], [ -95.8146222, 30.0180895 ], [ -95.8151505, 30.0182569 ], [ -95.8153748, 30.0183614 ], [ -95.8159076, 30.0185575 ], [ -95.8161309, 30.0186146 ], [ -95.816245, 30.0186343 ], [ -95.8164764, 30.0186556 ], [ -95.816695, 30.0186535 ], [ -95.8170188, 30.0186103 ], [ -95.818162, 30.0183227 ], [ -95.8183528, 30.0182909 ], [ -95.818466, 30.0182812 ], [ -95.8186934, 30.0182819 ], [ -95.8188065, 30.0182923 ], [ -95.819029, 30.0183328 ], [ -95.8203089, 30.0187305 ], [ -95.8223727, 30.0194087 ], [ -95.8244291, 30.0201929 ], [ -95.8285748, 30.0219026 ], [ -95.8292159, 30.0222125 ], [ -95.8296062, 30.0223833 ], [ -95.8303558, 30.022679 ], [ -95.8307639, 30.0228535 ], [ -95.8316734, 30.0232079 ], [ -95.832602, 30.0235211 ], [ -95.8353604, 30.024576 ], [ -95.837519, 30.0243965 ], [ -95.8419091, 30.0260611 ], [ -95.8433866, 30.0266326 ], [ -95.8435888, 30.0267242 ], [ -95.8439704, 30.0268753 ], [ -95.844697, 30.0271424 ], [ -95.8452708, 30.0273814 ], [ -95.8461124, 30.0276711 ], [ -95.8493399, 30.0288667 ], [ -95.8496464, 30.0290003 ], [ -95.8503002, 30.0292614 ], [ -95.8516533, 30.0297824 ], [ -95.8549307, 30.0309737 ], [ -95.8548775, 30.0311111 ], [ -95.855335, 30.0312965 ], [ -95.8553454, 30.0309753 ], [ -95.8570922, 30.0316324 ], [ -95.8572946, 30.0317918 ], [ -95.8591631, 30.0324945 ], [ -95.8592877, 30.0325522 ], [ -95.8598976, 30.0327901 ], [ -95.8692472, 30.0363266 ], [ -95.8697216, 30.0364912 ], [ -95.8738655, 30.038058 ], [ -95.8739513, 30.0423547 ], [ -95.8740433, 30.0456574 ], [ -95.874043, 30.0463212 ], [ -95.8740417, 30.0497404 ], [ -95.8741874, 30.0551925 ], [ -95.8741842, 30.0558003 ], [ -95.8742256, 30.0592712 ], [ -95.8742745, 30.0619707 ], [ -95.8742907, 30.0655162 ], [ -95.8744205, 30.0703666 ], [ -95.8743668, 30.0703681 ], [ -95.874388, 30.0709347 ], [ -95.8744417, 30.0709332 ], [ -95.8744449, 30.0711182 ], [ -95.8744683, 30.0735502 ], [ -95.8744717, 30.0766739 ], [ -95.8777724, 30.0766487 ], [ -95.877787, 30.0775153 ], [ -95.8777744, 30.0783998 ], [ -95.8778435, 30.0808368 ], [ -95.8780322, 30.0808404 ], [ -95.8829176, 30.0807717 ], [ -95.885574, 30.0807205 ], [ -95.8866341, 30.0807154 ], [ -95.891647, 30.0806367 ], [ -95.8916714, 30.0825565 ], [ -95.8916176, 30.0825572 ], [ -95.8916778, 30.084474 ], [ -95.8917316, 30.0844734 ], [ -95.8917515, 30.0852539 ], [ -95.8916977, 30.0852538 ], [ -95.89176, 30.0877078 ], [ -95.8919197, 30.0952693 ], [ -95.8956319, 30.0952246 ], [ -95.9018827, 30.0951235 ], [ -95.9018821, 30.095213 ], [ -95.9094107, 30.0951043 ], [ -95.9097103, 30.1094487 ], [ -95.9097419, 30.1094482 ], [ -95.9094417, 30.0950764 ], [ -95.9019139, 30.095185 ], [ -95.9019146, 30.0950956 ], [ -95.8956312, 30.0951971 ], [ -95.8919506, 30.0952411 ], [ -95.8917916, 30.0877072 ], [ -95.89173, 30.0852814 ], [ -95.8917838, 30.0852815 ], [ -95.8917625, 30.0844456 ], [ -95.8917086, 30.0844462 ], [ -95.8916501, 30.0825842 ], [ -95.8917033, 30.0825835 ], [ -95.8916783, 30.0806087 ], [ -95.8829173, 30.0807442 ], [ -95.878033, 30.0808129 ], [ -95.8778741, 30.0808089 ], [ -95.877806, 30.0783996 ], [ -95.8778186, 30.0775153 ], [ -95.8778035, 30.076621 ], [ -95.874503, 30.0766462 ], [ -95.8744814, 30.0747204 ], [ -95.8744968, 30.0731055 ], [ -95.8744766, 30.0711179 ], [ -95.8744728, 30.0709048 ], [ -95.8744185, 30.0709063 ], [ -95.8743994, 30.0703947 ], [ -95.8744528, 30.0703932 ], [ -95.8743223, 30.0655158 ], [ -95.8743061, 30.0619705 ], [ -95.8742572, 30.0592708 ], [ -95.8742159, 30.0558003 ], [ -95.874219, 30.0551922 ], [ -95.8740733, 30.0497401 ], [ -95.874075, 30.0456571 ], [ -95.8739829, 30.0423541 ], [ -95.8738992, 30.0380408 ], [ -95.8697337, 30.0364658 ], [ -95.8692593, 30.0363012 ], [ -95.8599104, 30.0327649 ], [ -95.8593016, 30.0325275 ], [ -95.8591768, 30.0324697 ], [ -95.8573067, 30.0317664 ], [ -95.8571123, 30.03161 ], [ -95.8553151, 30.0309339 ], [ -95.8553047, 30.0312539 ], [ -95.8549164, 30.0310965 ], [ -95.8549701, 30.0309582 ], [ -95.8516658, 30.0297571 ], [ -95.8503132, 30.0292363 ], [ -95.84966, 30.0289755 ], [ -95.8493532, 30.0288417 ], [ -95.8461246, 30.0276457 ], [ -95.8454094, 30.0274038 ], [ -95.8447096, 30.0271172 ], [ -95.8439831, 30.0268502 ], [ -95.8436027, 30.0266994 ], [ -95.8434001, 30.0266077 ], [ -95.8419218, 30.0260359 ], [ -95.8380573, 30.0245706 ], [ -95.8375316, 30.0243713 ], [ -95.8353658, 30.024548 ], [ -95.8326141, 30.0234957 ], [ -95.8316855, 30.0231825 ], [ -95.8307774, 30.0228286 ], [ -95.8303692, 30.0226541 ], [ -95.8296219, 30.0223594 ], [ -95.8292358, 30.0221904 ], [ -95.8285883, 30.0218778 ], [ -95.8244423, 30.0201679 ], [ -95.8223846, 30.0193832 ], [ -95.8203198, 30.0187047 ], [ -95.8190441, 30.018308 ], [ -95.818831, 30.0182676 ], [ -95.8187226, 30.0182564 ], [ -95.8185046, 30.0182519 ], [ -95.8182876, 30.0182716 ], [ -95.8180753, 30.0183151 ], [ -95.8169983, 30.0185863 ], [ -95.8168796, 30.018607 ], [ -95.8166387, 30.0186286 ], [ -95.8163967, 30.0186234 ], [ -95.8161573, 30.0185916 ], [ -95.8160399, 30.0185658 ], [ -95.8158118, 30.018495 ], [ -95.8153873, 30.0183362 ], [ -95.8151692, 30.0182335 ], [ -95.8145648, 30.0180367 ], [ -95.8143623, 30.017936 ], [ -95.81416, 30.0177962 ], [ -95.813969, 30.0176112 ], [ -95.8137943, 30.0173783 ], [ -95.8137248, 30.0172677 ], [ -95.8133746, 30.0166061 ], [ -95.8132714, 30.0164467 ], [ -95.8131857, 30.016341 ], [ -95.81309, 30.0162426 ], [ -95.8129831, 30.0161515 ], [ -95.8128639, 30.0160678 ], [ -95.8126483, 30.0159499 ], [ -95.8100444, 30.0147643 ], [ -95.8057224, 30.013077 ], [ -95.7996059, 30.0107105 ], [ -95.7991223, 30.0106334 ], [ -95.7891931, 30.0068845 ], [ -95.7871198, 30.0061356 ], [ -95.786433, 30.0059091 ], [ -95.7834085, 30.0049463 ], [ -95.7831441, 30.0048876 ], [ -95.7829462, 30.0048686 ], [ -95.7827631, 30.004867 ], [ -95.7825757, 30.0048811 ], [ -95.7823957, 30.0049094 ], [ -95.7819813, 30.0050426 ], [ -95.7818666, 30.0050883 ], [ -95.7811593, 30.0052948 ], [ -95.7809603, 30.0053349 ], [ -95.7807335, 30.0053568 ], [ -95.7804364, 30.0053497 ], [ -95.7801438, 30.0053029 ], [ -95.7799261, 30.0052395 ], [ -95.7794567, 30.0050664 ], [ -95.7786816, 30.0047725 ], [ -95.7785334, 30.0047054 ], [ -95.7783804, 30.0046212 ], [ -95.7782645, 30.0045457 ], [ -95.7780525, 30.0043744 ], [ -95.7778909, 30.0042046 ], [ -95.7777538, 30.0040186 ], [ -95.7771472, 30.0029436 ], [ -95.7770532, 30.0027985 ], [ -95.7769615, 30.0026861 ], [ -95.7768581, 30.0025827 ], [ -95.7767436, 30.0024883 ], [ -95.776593, 30.0023866 ], [ -95.7763905, 30.0022795 ], [ -95.7713646, 30.0001807 ], [ -95.7707767, 29.999948 ], [ -95.769624, 29.9995104 ], [ -95.7676419, 29.9987305 ], [ -95.7642726, 29.9974686 ], [ -95.761264, 29.996321 ], [ -95.7602225, 29.9959147 ], [ -95.7501564, 29.9921149 ], [ -95.7480831, 29.9913651 ], [ -95.7460162, 29.9906827 ], [ -95.7443744, 29.9901653 ], [ -95.7367607, 29.9872612 ], [ -95.7356747, 29.9867794 ], [ -95.7336901, 29.9859319 ], [ -95.7317084, 29.985145 ], [ -95.7300572, 29.9845098 ], [ -95.7278535, 29.9836825 ], [ -95.7260114, 29.9830061 ], [ -95.7244949, 29.9824329 ], [ -95.7180678, 29.9800036 ], [ -95.7170681, 29.9796257 ], [ -95.7169113, 29.9796189 ], [ -95.7166264, 29.9795021 ], [ -95.7161488, 29.9792898 ], [ -95.715707, 29.979134 ], [ -95.714012, 29.9784801 ], [ -95.7110696, 29.977373 ], [ -95.7107392, 29.9772408 ], [ -95.7107004, 29.9772419 ], [ -95.7094338, 29.9767592 ], [ -95.7085524, 29.9764382 ], [ -95.7054313, 29.9744584 ], [ -95.7045137, 29.9739913 ], [ -95.7040189, 29.9737669 ], [ -95.7013048, 29.9718964 ], [ -95.700743, 29.9714939 ], [ -95.7002255, 29.9711532 ], [ -95.6997084, 29.9707821 ], [ -95.6975248, 29.9692913 ], [ -95.6973399, 29.9691486 ], [ -95.6897577, 29.9639032 ], [ -95.6877048, 29.9636026 ], [ -95.6869156, 29.9630374 ], [ -95.686205, 29.9624899 ], [ -95.6803291, 29.9584168 ], [ -95.6785925, 29.9572229 ], [ -95.6778048, 29.9566377 ], [ -95.6763099, 29.9556711 ], [ -95.6723423, 29.9529835 ], [ -95.6708698, 29.951986 ], [ -95.6673012, 29.9492187 ], [ -95.6671782, 29.9490754 ], [ -95.6670976, 29.9490148 ], [ -95.6652803, 29.9477414 ], [ -95.6646604, 29.9473238 ], [ -95.6625155, 29.9458213 ], [ -95.661948, 29.9454746 ], [ -95.6554993, 29.9410079 ], [ -95.6552833, 29.9408366 ], [ -95.6524056, 29.9388421 ], [ -95.6513265, 29.9382641 ], [ -95.6498899, 29.9372577 ], [ -95.6497191, 29.9371681 ], [ -95.6494883, 29.936945 ], [ -95.6488253, 29.9364816 ], [ -95.6476472, 29.9356582 ], [ -95.6467661, 29.9349681 ], [ -95.6456097, 29.9340452 ], [ -95.6450595, 29.9336712 ], [ -95.6438144, 29.9327929 ], [ -95.6436775, 29.9327894 ], [ -95.6436834, 29.9327014 ], [ -95.6426481, 29.9319639 ], [ -95.6410787, 29.9308921 ], [ -95.6410271, 29.9308569 ], [ -95.6385489, 29.929118 ], [ -95.638473, 29.9290648 ], [ -95.6383859, 29.9289894 ], [ -95.6383156, 29.9289287 ], [ -95.6367825, 29.9278885 ], [ -95.6340263, 29.9259743 ], [ -95.6333864, 29.9255013 ], [ -95.6329098, 29.9251912 ], [ -95.6315099, 29.9233347 ], [ -95.6311105, 29.9230414 ], [ -95.6307104, 29.922771 ], [ -95.6306676, 29.9228186 ], [ -95.6297612, 29.9221502 ], [ -95.6290795, 29.9216675 ], [ -95.6283355, 29.9210914 ], [ -95.6257123, 29.9193066 ], [ -95.6249473, 29.918732 ], [ -95.6233623, 29.9176369 ], [ -95.6198528, 29.9151685 ], [ -95.6192196, 29.914707 ], [ -95.619481, 29.9145179 ], [ -95.6196803, 29.9146596 ], [ -95.6199184, 29.914514 ], [ -95.6202662, 29.9058037 ], [ -95.6202523, 29.9055155 ], [ -95.6203235, 29.9042732 ], [ -95.6205256, 29.8996885 ], [ -95.6205222, 29.8993207 ], [ -95.6206223, 29.8970177 ], [ -95.6206284, 29.895083 ], [ -95.6206118, 29.8895851 ], [ -95.6205809, 29.8875996 ], [ -95.6205896, 29.8865493 ], [ -95.6205937, 29.885981 ], [ -95.6205854, 29.8843427 ], [ -95.6205743, 29.8838341 ], [ -95.620581, 29.8831592 ], [ -95.6205654, 29.8796291 ], [ -95.620518, 29.8795883 ], [ -95.6182562, 29.879599 ], [ -95.6157598, 29.8796252 ], [ -95.6157613, 29.8797062 ], [ -95.6147013, 29.8797059 ], [ -95.6147009, 29.8796402 ], [ -95.6132973, 29.8796617 ], [ -95.6132971, 29.8796474 ], [ -95.6094992, 29.8796813 ], [ -95.6087244, 29.8796747 ], [ -95.6082919, 29.8796918 ], [ -95.6059243, 29.8797332 ], [ -95.6054041, 29.879722 ], [ -95.6046547, 29.8797703 ], [ -95.604275, 29.8797809 ], [ -95.6022975, 29.879918 ], [ -95.6017769, 29.8799387 ], [ -95.6012096, 29.8799931 ], [ -95.6005148, 29.8800431 ], [ -95.5999205, 29.8800654 ], [ -95.5994902, 29.8801109 ], [ -95.5992292, 29.8800996 ], [ -95.5980595, 29.880113 ], [ -95.5980609, 29.8800699 ], [ -95.5943913, 29.880119 ], [ -95.5941486, 29.880162 ], [ -95.593088, 29.8801774 ], [ -95.5924557, 29.8801719 ], [ -95.5924583, 29.8801298 ], [ -95.5917074, 29.8801476 ], [ -95.5917144, 29.8801996 ], [ -95.5878343, 29.8802321 ], [ -95.5874419, 29.8802467 ], [ -95.5870611, 29.880245 ], [ -95.5864989, 29.8802605 ], [ -95.5839923, 29.8802907 ], [ -95.5830759, 29.8802834 ], [ -95.5820328, 29.8803157 ], [ -95.5814954, 29.8803223 ], [ -95.5814943, 29.8803497 ], [ -95.5804968, 29.8803591 ], [ -95.5804975, 29.8803353 ], [ -95.5794625, 29.8803478 ], [ -95.5785101, 29.8803785 ], [ -95.5782111, 29.8803704 ], [ -95.5776785, 29.8803845 ], [ -95.5762334, 29.8803696 ], [ -95.5749662, 29.8800541 ], [ -95.5743284, 29.879875 ], [ -95.5738411, 29.8797921 ], [ -95.5734679, 29.8797463 ], [ -95.5727691, 29.8796922 ], [ -95.572216, 29.8796765 ], [ -95.57056, 29.8797438 ], [ -95.5705162, 29.8797538 ], [ -95.5677291, 29.8777753 ], [ -95.5686172, 29.8768343 ], [ -95.5688613, 29.8765302 ], [ -95.5690267, 29.8762713 ], [ -95.5691641, 29.8760013 ], [ -95.5692725, 29.8757229 ], [ -95.5693158, 29.8755808 ], [ -95.5693801, 29.8752922 ], [ -95.5694144, 29.8749998 ], [ -95.5694201, 29.8748529 ], [ -95.5694199, 29.8747429 ], [ -95.5693859, 29.874702 ], [ -95.5694136, 29.8738753 ], [ -95.5693517, 29.86908 ], [ -95.5693452, 29.8679757 ], [ -95.5693203, 29.8671207 ], [ -95.5660374, 29.8671507 ], [ -95.5653742, 29.8671326 ], [ -95.5650383, 29.8671319 ], [ -95.5650376, 29.8670547 ], [ -95.5649217, 29.8670551 ], [ -95.5649187, 29.8666629 ], [ -95.5644439, 29.8666656 ], [ -95.564308, 29.8666814 ], [ -95.5643034, 29.8629281 ], [ -95.564344, 29.8613045 ], [ -95.5643766, 29.8609492 ], [ -95.5644371, 29.8605966 ], [ -95.5645253, 29.8602486 ], [ -95.5647976, 29.8594055 ], [ -95.5648489, 29.8590262 ], [ -95.5648809, 29.8586453 ], [ -95.5649046, 29.8581402 ], [ -95.5648938, 29.8572751 ], [ -95.5649069, 29.8565328 ], [ -95.5648949, 29.8562711 ], [ -95.564847, 29.8558356 ], [ -95.5647267, 29.855176 ], [ -95.5646152, 29.8547787 ], [ -95.5645498, 29.8545065 ], [ -95.5644999, 29.8542296 ], [ -95.5644509, 29.853877 ], [ -95.5644458, 29.853026 ], [ -95.564454, 29.8524868 ], [ -95.5644406, 29.8507289 ], [ -95.5644532, 29.8506326 ], [ -95.5644659, 29.8498418 ], [ -95.5644401, 29.8490491 ], [ -95.564264, 29.8474199 ], [ -95.5642438, 29.8458867 ], [ -95.5642449, 29.8451229 ], [ -95.566179, 29.84511 ], [ -95.5661539, 29.8426238 ], [ -95.5661802, 29.8394159 ], [ -95.5662181, 29.8383935 ], [ -95.5662086, 29.8372879 ], [ -95.5671606, 29.8372722 ], [ -95.5701272, 29.8372553 ], [ -95.5701464, 29.8413908 ], [ -95.5701425, 29.8424468 ], [ -95.5731085, 29.8424442 ], [ -95.5749769, 29.8424308 ], [ -95.5749757, 29.8403747 ], [ -95.5750128, 29.8362547 ], [ -95.5749941, 29.8341896 ], [ -95.5754654, 29.8341821 ], [ -95.5754669, 29.8359936 ], [ -95.5761543, 29.8376832 ], [ -95.5772406, 29.8400433 ], [ -95.5825182, 29.84464 ], [ -95.5842182, 29.84613 ], [ -95.5850491, 29.8468866 ], [ -95.5888399, 29.8501746 ], [ -95.5893365, 29.84973 ], [ -95.5898369, 29.8492753 ], [ -95.589988, 29.8491422 ], [ -95.5900701, 29.8490699 ], [ -95.5899837, 29.8431568 ], [ -95.5904338, 29.8431533 ], [ -95.5906443, 29.8431517 ], [ -95.5932541, 29.8431317 ], [ -95.5960423, 29.8431104 ], [ -95.59769, 29.8430983 ], [ -95.5976662, 29.8414045 ], [ -95.6047775, 29.8413762 ], [ -95.6048759, 29.8413753 ], [ -95.605002, 29.8423792 ], [ -95.6054803, 29.8426261 ], [ -95.6067125, 29.8432622 ], [ -95.6096085, 29.8448397 ], [ -95.6112808, 29.8457385 ], [ -95.6124358, 29.8463936 ], [ -95.6134129, 29.8469319 ], [ -95.6145041, 29.8475184 ], [ -95.6170988, 29.848939 ], [ -95.6171374, 29.8523616 ], [ -95.6171574, 29.8532129 ], [ -95.6157637, 29.853213 ], [ -95.6157758, 29.8547055 ], [ -95.6157896, 29.8551336 ], [ -95.6187371, 29.855116 ], [ -95.6187579, 29.8556688 ], [ -95.6187765, 29.8567023 ], [ -95.620618, 29.8566918 ], [ -95.6301876, 29.8566372 ], [ -95.6301761, 29.8557299 ], [ -95.6301547, 29.8540429 ], [ -95.6301401, 29.849519 ], [ -95.6300859, 29.8472898 ], [ -95.6300841, 29.8471262 ], [ -95.630091, 29.8471165 ], [ -95.6300581, 29.8442856 ], [ -95.6312366, 29.844269 ], [ -95.6312258, 29.8439639 ], [ -95.6312176, 29.8405794 ], [ -95.6317301, 29.840576 ], [ -95.6317185, 29.8398561 ], [ -95.6317267, 29.8395711 ], [ -95.6317237, 29.8387503 ], [ -95.634348, 29.8387458 ], [ -95.634348, 29.8384635 ], [ -95.6354897, 29.8384832 ], [ -95.6357383, 29.8384777 ], [ -95.6365214, 29.8384886 ], [ -95.6365224, 29.8380117 ], [ -95.6378132, 29.8380111 ], [ -95.6378354, 29.8371829 ], [ -95.6400308, 29.8371882 ], [ -95.6400298, 29.8365318 ], [ -95.6400419, 29.8362082 ], [ -95.6400469, 29.8358365 ], [ -95.6442344, 29.8358334 ], [ -95.6443966, 29.8358333 ], [ -95.6443941, 29.8357287 ], [ -95.644519, 29.8356437 ], [ -95.6445902, 29.8355953 ], [ -95.644587, 29.835399 ], [ -95.644578, 29.8348553 ], [ -95.6445602, 29.834473 ], [ -95.6445553, 29.8343668 ], [ -95.6445518, 29.8342925 ], [ -95.6449692, 29.8334585 ], [ -95.6454532, 29.8326504 ], [ -95.6454331, 29.8305344 ], [ -95.6458171, 29.830516 ], [ -95.6479752, 29.8304808 ], [ -95.6497565, 29.8304733 ], [ -95.6536745, 29.8304631 ], [ -95.6569444, 29.8304664 ], [ -95.6615722, 29.830471 ], [ -95.6615734, 29.8307637 ], [ -95.6616112, 29.8308471 ], [ -95.6616739, 29.8309075 ], [ -95.6617799, 29.8309352 ], [ -95.6623967, 29.8309334 ], [ -95.6624079, 29.8337751 ], [ -95.6663525, 29.833779 ], [ -95.6663365, 29.831166 ], [ -95.6663706, 29.8310488 ], [ -95.6663717, 29.8309839 ], [ -95.6732641, 29.8309714 ], [ -95.6732729, 29.8310137 ], [ -95.6768401, 29.8310506 ], [ -95.6792491, 29.8310505 ], [ -95.6794737, 29.8310505 ], [ -95.6794746, 29.8309987 ], [ -95.6810935, 29.8310006 ], [ -95.6814404, 29.831014 ], [ -95.681647, 29.8310008 ], [ -95.6819149, 29.831 ], [ -95.6862072, 29.8310089 ], [ -95.6868882, 29.830989 ], [ -95.6881855, 29.8309831 ], [ -95.691472, 29.8309883 ], [ -95.6918492, 29.8309762 ], [ -95.6982827, 29.830982 ], [ -95.7021684, 29.8310096 ], [ -95.7026825, 29.8310269 ], [ -95.703748, 29.8310206 ], [ -95.7037471, 29.8309782 ], [ -95.7096282, 29.8309889 ], [ -95.7096285, 29.8310441 ], [ -95.7315582, 29.8311297 ], [ -95.7364454, 29.8311488 ], [ -95.737152, 29.8311321 ], [ -95.7375354, 29.8311715 ], [ -95.7377377, 29.8311758 ], [ -95.7382345, 29.8312252 ], [ -95.7389291, 29.8313519 ], [ -95.7399184, 29.8316202 ], [ -95.7403758, 29.8316964 ], [ -95.7411201, 29.8317044 ], [ -95.7540547, 29.8315902 ], [ -95.754461, 29.8315636 ], [ -95.7566332, 29.8315462 ], [ -95.7569016, 29.83159 ], [ -95.7734451, 29.8314944 ], [ -95.7734532, 29.8316037 ], [ -95.7765848, 29.8315859 ], [ -95.7818195, 29.8315376 ], [ -95.7901022, 29.8314844 ], [ -95.7983831, 29.8314541 ], [ -95.8067712, 29.8313874 ], [ -95.8069721, 29.8458055 ], [ -95.8068477, 29.8458972 ], [ -95.8069145, 29.8514849 ], [ -95.8069244, 29.8531759 ], [ -95.8069448, 29.8546973 ], [ -95.8070216, 29.8604075 ], [ -95.8070927, 29.8676999 ], [ -95.8071801, 29.8677 ], [ -95.8072609, 29.8745196 ], [ -95.8071733, 29.8749306 ], [ -95.8073332, 29.8894185 ], [ -95.8074023, 29.8967504 ], [ -95.8074505, 29.9003367 ], [ -95.8075, 29.9040123 ], [ -95.8075021, 29.9042561 ], [ -95.8075539, 29.91038 ], [ -95.8076323, 29.9178391 ], [ -95.8076782, 29.9213302 ], [ -95.8077791, 29.9254882 ], [ -95.8078675, 29.925487 ], [ -95.8079456, 29.9281904 ], [ -95.8081751, 29.9382339 ], [ -95.8082099, 29.9398886 ], [ -95.808402, 29.9490196 ], [ -95.8084707, 29.9490196 ], [ -95.8084941, 29.9501454 ], [ -95.8085155, 29.9513661 ], [ -95.8084597, 29.9513673 ], [ -95.8085621, 29.9571854 ], [ -95.8085936, 29.957185 ], [ -95.8084918, 29.9514 ], [ -95.8085463, 29.9513982 ], [ -95.8085017, 29.948992 ], [ -95.808433, 29.9489921 ], [ -95.8081443, 29.9352689 ], [ -95.8079772, 29.9281898 ], [ -95.8079125, 29.9259526 ], [ -95.8078982, 29.925459 ], [ -95.8078099, 29.9254603 ], [ -95.8077196, 29.9218435 ], [ -95.8077132, 29.9213659 ], [ -95.8076638, 29.9178388 ], [ -95.8075855, 29.9103798 ], [ -95.8075316, 29.904012 ], [ -95.8074339, 29.8967501 ], [ -95.8073648, 29.8894182 ], [ -95.8072049, 29.874933 ], [ -95.8072924, 29.874522 ], [ -95.8072114, 29.8676725 ], [ -95.807124, 29.8676724 ], [ -95.8070531, 29.8604072 ], [ -95.8069559, 29.8531756 ], [ -95.8069461, 29.8514847 ], [ -95.8068794, 29.8459095 ], [ -95.8070038, 29.8458182 ], [ -95.8069513, 29.8420156 ], [ -95.8069415, 29.8413102 ], [ -95.8068039, 29.8313471 ], [ -95.7992913, 29.8314036 ], [ -95.798461, 29.8314133 ], [ -95.7983828, 29.8314266 ], [ -95.7901019, 29.8314444 ], [ -95.7822687, 29.8314543 ], [ -95.7817296, 29.8314573 ], [ -95.7765792, 29.8315309 ], [ -95.7734991, 29.8315597 ], [ -95.7734927, 29.8314542 ], [ -95.7569088, 29.8315624 ], [ -95.756636, 29.8315187 ], [ -95.7544596, 29.8315361 ], [ -95.7540534, 29.8315628 ], [ -95.7411203, 29.8316769 ], [ -95.740379, 29.831669 ], [ -95.739926, 29.8315935 ], [ -95.738937, 29.8313252 ], [ -95.7382396, 29.831198 ], [ -95.7377398, 29.8311483 ], [ -95.7375377, 29.8311441 ], [ -95.7371534, 29.8311046 ], [ -95.7364451, 29.8311213 ], [ -95.7331837, 29.8311227 ], [ -95.7314693, 29.8311235 ], [ -95.7297922, 29.831072 ], [ -95.7282386, 29.8310653 ], [ -95.7270253, 29.8310465 ], [ -95.7266122, 29.831059 ], [ -95.7201724, 29.8310375 ], [ -95.7197347, 29.8310475 ], [ -95.7178578, 29.8310457 ], [ -95.7175034, 29.8310333 ], [ -95.7096599, 29.8310166 ], [ -95.7096596, 29.8309616 ], [ -95.7066978, 29.8309464 ], [ -95.7037149, 29.8309508 ], [ -95.7037159, 29.8309931 ], [ -95.7026829, 29.8309994 ], [ -95.7021692, 29.8309821 ], [ -95.6983038, 29.8309541 ], [ -95.6949517, 29.8309478 ], [ -95.6949474, 29.8309628 ], [ -95.6918486, 29.8309487 ], [ -95.6914715, 29.8309608 ], [ -95.6877525, 29.8309567 ], [ -95.6868875, 29.8309615 ], [ -95.6862068, 29.8309814 ], [ -95.6819148, 29.8309725 ], [ -95.6816458, 29.8309733 ], [ -95.6814399, 29.8309865 ], [ -95.6810942, 29.8309731 ], [ -95.6795078, 29.8309713 ], [ -95.6794436, 29.8309712 ], [ -95.6794426, 29.831023 ], [ -95.6768386, 29.8310231 ], [ -95.6733783, 29.8309872 ], [ -95.6732993, 29.8309864 ], [ -95.6732904, 29.8309438 ], [ -95.6697168, 29.8309457 ], [ -95.6697158, 29.830645 ], [ -95.6696901, 29.8294528 ], [ -95.6696826, 29.8289402 ], [ -95.6732519, 29.8289308 ], [ -95.6731985, 29.8255515 ], [ -95.6731972, 29.8254684 ], [ -95.6696126, 29.8254696 ], [ -95.6684049, 29.8247624 ], [ -95.6671441, 29.8235739 ], [ -95.6663214, 29.8228964 ], [ -95.6651333, 29.8218647 ], [ -95.6637287, 29.8167507 ], [ -95.6637659, 29.8166294 ], [ -95.663795, 29.8131655 ], [ -95.6693889, 29.8131012 ], [ -95.6695523, 29.8131707 ], [ -95.6710697, 29.8131804 ], [ -95.6729543, 29.8131685 ], [ -95.672989, 29.8146848 ], [ -95.6761573, 29.8146498 ], [ -95.676152, 29.8129601 ], [ -95.6761315, 29.8120339 ], [ -95.6820091, 29.8119904 ], [ -95.6820157, 29.8113436 ], [ -95.6819799, 29.808181 ], [ -95.6847733, 29.8081784 ], [ -95.6847586, 29.8062517 ], [ -95.6869591, 29.8062207 ], [ -95.6874691, 29.8063099 ], [ -95.693004, 29.8062879 ], [ -95.6929753, 29.8050838 ], [ -95.6981229, 29.8050677 ], [ -95.7038467, 29.8050203 ], [ -95.7039684, 29.8050317 ], [ -95.7039671, 29.8003492 ], [ -95.7016175, 29.80035 ], [ -95.7016173, 29.8002719 ], [ -95.7016486, 29.8002353 ], [ -95.7016373, 29.7964049 ], [ -95.7016147, 29.7961569 ], [ -95.7016103, 29.7918578 ], [ -95.7050514, 29.7918813 ], [ -95.7050608, 29.7906438 ], [ -95.7026655, 29.7906299 ], [ -95.7015881, 29.7906111 ], [ -95.7015759, 29.7889042 ], [ -95.7012192, 29.7888678 ], [ -95.7009397, 29.7888514 ], [ -95.6997597, 29.7888393 ], [ -95.6997397, 29.7860522 ], [ -95.6994015, 29.7856411 ], [ -95.6949117, 29.785593 ], [ -95.6949141, 29.7849672 ], [ -95.6891496, 29.7849387 ], [ -95.677849, 29.7849338 ], [ -95.6705729, 29.7848582 ], [ -95.6665022, 29.7848423 ], [ -95.6664878, 29.7828442 ], [ -95.6691903, 29.782837 ], [ -95.6750197, 29.7828535 ], [ -95.6774691, 29.7828505 ], [ -95.6781769, 29.782859 ], [ -95.6788317, 29.782856 ], [ -95.6797553, 29.7828323 ], [ -95.6805927, 29.7828328 ], [ -95.6822094, 29.7828358 ], [ -95.6842515, 29.7828578 ], [ -95.6854831, 29.7828597 ], [ -95.6856387, 29.7828408 ], [ -95.6881926, 29.7828463 ], [ -95.6891878, 29.7828652 ], [ -95.6912754, 29.7828663 ], [ -95.6912762, 29.7812753 ], [ -95.6854637, 29.7812794 ], [ -95.6842478, 29.7812614 ], [ -95.6824847, 29.7812931 ], [ -95.6827958, 29.7804732 ], [ -95.6836097, 29.777457 ], [ -95.6854542, 29.7755969 ], [ -95.6856453, 29.7755964 ], [ -95.6867586, 29.7748794 ], [ -95.6876134, 29.7735298 ], [ -95.6896783, 29.7730234 ], [ -95.6903881, 29.7732725 ], [ -95.6914436, 29.7736587 ], [ -95.6931045, 29.7742146 ], [ -95.6977736, 29.7743075 ], [ -95.6980568, 29.7726879 ], [ -95.6957323, 29.772447 ], [ -95.6947065, 29.7694118 ], [ -95.6950847, 29.7676587 ], [ -95.6963756, 29.7661337 ], [ -95.6964517, 29.7660714 ], [ -95.696657, 29.7658669 ], [ -95.6976007, 29.7650921 ], [ -95.6977547, 29.7647567 ], [ -95.6983971, 29.763499 ], [ -95.6995669, 29.7626983 ], [ -95.7016616, 29.7626887 ], [ -95.7018401, 29.7626775 ], [ -95.7018354, 29.7615245 ], [ -95.7020179, 29.7615187 ], [ -95.7020595, 29.7615174 ], [ -95.7025134, 29.7615117 ], [ -95.7027671, 29.7608859 ], [ -95.7033238, 29.7599848 ], [ -95.7033452, 29.7599455 ], [ -95.7034915, 29.7596762 ], [ -95.7038268, 29.7591851 ], [ -95.7041669, 29.7585884 ], [ -95.7050788, 29.7583079 ], [ -95.7066229, 29.7579094 ], [ -95.7070825, 29.7577723 ], [ -95.7076163, 29.7567487 ], [ -95.7088472, 29.7564354 ], [ -95.7088655, 29.7561636 ], [ -95.7089745, 29.7561616 ], [ -95.7089727, 29.7574778 ], [ -95.7093406, 29.7583351 ], [ -95.7102598, 29.7589386 ], [ -95.7095917, 29.7558246 ], [ -95.7095851, 29.7556417 ], [ -95.7096149, 29.7550625 ], [ -95.7093944, 29.7539642 ], [ -95.7107432, 29.7532511 ], [ -95.7108403, 29.7529689 ], [ -95.7111594, 29.7521628 ], [ -95.7131338, 29.7504387 ], [ -95.7153399, 29.7488578 ], [ -95.7158777, 29.7486637 ], [ -95.7166039, 29.7484717 ], [ -95.7169247, 29.7483406 ], [ -95.7181468, 29.7479857 ], [ -95.7212712, 29.7456826 ], [ -95.7222164, 29.745077 ], [ -95.7263853, 29.7451226 ], [ -95.7263259, 29.7450274 ], [ -95.7255568, 29.7441688 ], [ -95.7253327, 29.743672 ], [ -95.7260042, 29.7427556 ], [ -95.7264672, 29.7423762 ], [ -95.7273367, 29.7420504 ], [ -95.7269516, 29.740918 ], [ -95.72663, 29.7392333 ], [ -95.7277532, 29.7380445 ], [ -95.7293655, 29.7350632 ], [ -95.7307551, 29.7358927 ], [ -95.73107, 29.735342 ], [ -95.7321122, 29.7333585 ], [ -95.7345093, 29.7294658 ], [ -95.7360917, 29.7275193 ], [ -95.7371656, 29.7259588 ], [ -95.7380718, 29.725912 ], [ -95.7382762, 29.7259162 ], [ -95.7403653, 29.7278898 ], [ -95.742007, 29.7258327 ], [ -95.7455772, 29.7239926 ], [ -95.7458323, 29.7262131 ], [ -95.7468992, 29.7243274 ], [ -95.7449542, 29.7216425 ], [ -95.7439135, 29.7216611 ], [ -95.7431697, 29.7224696 ], [ -95.7438809, 29.7233333 ], [ -95.7427396, 29.7238742 ], [ -95.7409397, 29.723997 ], [ -95.7401631, 29.7229868 ], [ -95.7408494, 29.7209681 ], [ -95.74249, 29.7209714 ], [ -95.7428981, 29.7197702 ], [ -95.7420039, 29.7181714 ], [ -95.7415091, 29.7182757 ], [ -95.741428, 29.7168721 ], [ -95.7395265, 29.7153198 ], [ -95.7382991, 29.7155338 ], [ -95.7383229, 29.7140779 ], [ -95.7274774, 29.7141654 ], [ -95.7274357, 29.7127534 ], [ -95.7272781, 29.7085758 ], [ -95.7287317, 29.7080665 ], [ -95.7300807, 29.7078603 ], [ -95.731328, 29.7076845 ], [ -95.7326617, 29.7075268 ], [ -95.7345875, 29.7073688 ], [ -95.7381171, 29.7070606 ], [ -95.7567216, 29.7055029 ], [ -95.7611791, 29.7051297 ], [ -95.7711715, 29.7042931 ], [ -95.7711091, 29.7028653 ], [ -95.7657087, 29.7033364 ], [ -95.7649962, 29.7033986 ], [ -95.7611275, 29.7037361 ], [ -95.7605675, 29.7037849 ], [ -95.7605695, 29.7037975 ], [ -95.7602559, 29.7038117 ], [ -95.7442164, 29.7051813 ], [ -95.7423538, 29.7053148 ], [ -95.7340859, 29.7060328 ], [ -95.7325351, 29.7061595 ], [ -95.7321627, 29.70619 ], [ -95.7321366, 29.7061921 ], [ -95.7320256, 29.7062012 ], [ -95.7319146, 29.7062103 ], [ -95.730897, 29.7062934 ], [ -95.7300199, 29.7063651 ], [ -95.7271468, 29.7064075 ], [ -95.7271478, 29.7066271 ], [ -95.7154149, 29.7068055 ], [ -95.7154144, 29.7055607 ], [ -95.7135493, 29.7056959 ], [ -95.7028112, 29.7065725 ], [ -95.7010455, 29.7067945 ], [ -95.6914735, 29.7076364 ], [ -95.6898618, 29.7085071 ], [ -95.6881575, 29.7095396 ], [ -95.6878905, 29.709715 ], [ -95.6835553, 29.7124354 ], [ -95.6800703, 29.7146995 ], [ -95.6789352, 29.7154175 ], [ -95.6763573, 29.7170481 ], [ -95.6745702, 29.718225 ], [ -95.670795, 29.7206413 ], [ -95.6592099, 29.7279757 ], [ -95.6584768, 29.7280321 ], [ -95.6563053, 29.7280316 ], [ -95.6545166, 29.7280702 ], [ -95.6542337, 29.7280889 ], [ -95.652414, 29.7280939 ], [ -95.6524069, 29.7268416 ], [ -95.6523964, 29.7265409 ], [ -95.6523942, 29.7253026 ], [ -95.6457664, 29.725363 ], [ -95.6442816, 29.7253611 ], [ -95.643732, 29.7253954 ], [ -95.6437805, 29.724435 ], [ -95.643825, 29.7238946 ], [ -95.6439017, 29.723176 ], [ -95.6439697, 29.7220989 ], [ -95.6439721, 29.7212694 ], [ -95.6439753, 29.7201398 ], [ -95.6386906, 29.7201859 ], [ -95.6373776, 29.7202017 ], [ -95.6349965, 29.7202303 ], [ -95.6350358, 29.722181 ], [ -95.634185, 29.7221916 ], [ -95.6341441, 29.7201839 ], [ -95.6315805, 29.7202152 ], [ -95.6315876, 29.721314 ], [ -95.6315934, 29.7222131 ], [ -95.6310899, 29.7222137 ], [ -95.6311226, 29.7242978 ], [ -95.631124, 29.7243551 ], [ -95.6311677, 29.7251494 ], [ -95.6312352, 29.7288386 ], [ -95.631257, 29.7294209 ], [ -95.6313053, 29.7325394 ], [ -95.6313708, 29.7345597 ], [ -95.6313906, 29.7357483 ], [ -95.6222642, 29.7358898 ], [ -95.6222562, 29.7354856 ], [ -95.6222493, 29.7349028 ], [ -95.6222435, 29.7343473 ], [ -95.6222329, 29.7331013 ], [ -95.6222371, 29.7310542 ], [ -95.6222344, 29.730861 ], [ -95.6222224, 29.7308109 ], [ -95.6222179, 29.7302807 ], [ -95.6222179, 29.728676 ], [ -95.6222333, 29.728054 ], [ -95.6221827, 29.7243268 ], [ -95.6221697, 29.7222655 ], [ -95.6231074, 29.7222619 ], [ -95.6238276, 29.7222823 ], [ -95.6287575, 29.7222373 ], [ -95.6287377, 29.719941 ], [ -95.6286858, 29.7186147 ], [ -95.628627, 29.7155725 ], [ -95.6286283, 29.7146882 ], [ -95.6285847, 29.7125381 ], [ -95.6285691, 29.7124314 ], [ -95.6285608, 29.712375 ], [ -95.6200016, 29.7131691 ], [ -95.6199788, 29.7116993 ], [ -95.6199807, 29.7100208 ], [ -95.6199716, 29.7088974 ], [ -95.6199544, 29.7087274 ], [ -95.6199537, 29.7079119 ], [ -95.6199411, 29.7076453 ], [ -95.6199388, 29.7067387 ], [ -95.6199194, 29.7053511 ], [ -95.6199217, 29.7037761 ], [ -95.6199094, 29.7037336 ], [ -95.6199068, 29.7005622 ], [ -95.6198887, 29.700398 ], [ -95.6198705, 29.696305 ], [ -95.6197808, 29.6922445 ], [ -95.614806, 29.6922476 ], [ -95.6144367, 29.6922305 ], [ -95.6108794, 29.6922427 ], [ -95.6106757, 29.69229 ], [ -95.608464, 29.6922917 ], [ -95.6084321, 29.6890253 ], [ -95.6084295, 29.6887614 ], [ -95.6083822, 29.685283 ], [ -95.6083285, 29.6810482 ], [ -95.608317, 29.6808858 ], [ -95.6083098, 29.6804239 ], [ -95.60831, 29.6796287 ], [ -95.6091484, 29.6772906 ], [ -95.6098886, 29.6753922 ], [ -95.6120921, 29.6753752 ], [ -95.6143315, 29.6753697 ], [ -95.6144365, 29.6748265 ], [ -95.6156484, 29.6714064 ], [ -95.6157957, 29.671461 ], [ -95.61657, 29.6716801 ], [ -95.6168003, 29.6718044 ], [ -95.6171334, 29.6720477 ], [ -95.6173956, 29.672054 ], [ -95.6176576, 29.6720038 ], [ -95.6180689, 29.6720438 ], [ -95.6196095, 29.6720237 ], [ -95.62057, 29.6720324 ], [ -95.6205465, 29.6714226 ], [ -95.6205129, 29.670552 ], [ -95.6231639, 29.6705038 ], [ -95.6231233, 29.6694552 ], [ -95.622998, 29.6648956 ], [ -95.6228993, 29.6624094 ], [ -95.6230026, 29.6620913 ], [ -95.6229898, 29.6614277 ], [ -95.6239764, 29.6613941 ], [ -95.6239779, 29.661973 ], [ -95.6248294, 29.6619629 ], [ -95.6248458, 29.6625989 ], [ -95.6257836, 29.6625841 ], [ -95.625769, 29.6610484 ], [ -95.6249775, 29.6610463 ], [ -95.6249817, 29.6611722 ], [ -95.6246687, 29.6611729 ], [ -95.6246672, 29.6612152 ], [ -95.624049, 29.6612132 ], [ -95.6240517, 29.6599758 ], [ -95.6229825, 29.6599963 ], [ -95.6229829, 29.6607809 ], [ -95.6193695, 29.6608271 ], [ -95.6193408, 29.6612401 ], [ -95.6193023, 29.6615609 ], [ -95.6192858, 29.6618032 ], [ -95.6127922, 29.661363 ], [ -95.5977754, 29.6603451 ], [ -95.5962847, 29.660244 ], [ -95.5889323, 29.6568578 ], [ -95.5792562, 29.6523565 ], [ -95.578402, 29.6519664 ], [ -95.5782709, 29.6519358 ], [ -95.5776001, 29.6517341 ], [ -95.5696212, 29.6493342 ], [ -95.5659316, 29.6482118 ], [ -95.5658479, 29.64821 ], [ -95.5655194, 29.6481698 ], [ -95.5651787, 29.6481115 ], [ -95.5607952, 29.6481901 ], [ -95.560484, 29.6482189 ], [ -95.5571217, 29.6482857 ], [ -95.5555378, 29.6483148 ], [ -95.553599, 29.6483303 ], [ -95.5527512, 29.6483622 ], [ -95.5525788, 29.642609 ], [ -95.5525965, 29.6407421 ], [ -95.5501421, 29.6407896 ], [ -95.5484997, 29.6408044 ], [ -95.5480951, 29.6408228 ], [ -95.5442239, 29.6408535 ], [ -95.5381663, 29.6409434 ], [ -95.5372177, 29.6418134 ], [ -95.5369954, 29.6418162 ], [ -95.5355011, 29.640557 ], [ -95.5342457, 29.639499 ], [ -95.5341774, 29.6394426 ], [ -95.5341769, 29.6394423 ], [ -95.5336694, 29.6390162 ], [ -95.5336443, 29.6389915 ], [ -95.5328669, 29.638225 ], [ -95.532328, 29.6376936 ], [ -95.5320532, 29.6374634 ], [ -95.5317458, 29.6372058 ], [ -95.5317003, 29.6371655 ], [ -95.5314498, 29.636944 ], [ -95.5312308, 29.6367503 ], [ -95.5310642, 29.6366029 ], [ -95.5306642, 29.6363065 ], [ -95.5296265, 29.6355374 ], [ -95.529625, 29.6355363 ], [ -95.5296214, 29.6355336 ], [ -95.5288106, 29.6349327 ], [ -95.5288104, 29.6349333 ], [ -95.5286423, 29.6356952 ], [ -95.5285988, 29.6358876 ], [ -95.5285989, 29.6358922 ], [ -95.5285989, 29.635899 ], [ -95.528604, 29.636357 ], [ -95.5286093, 29.6368317 ], [ -95.5286206, 29.6378537 ], [ -95.5286206, 29.6378546 ], [ -95.5274463, 29.6378693 ], [ -95.5274367, 29.6378694 ], [ -95.5265936, 29.6378796 ], [ -95.5265733, 29.63788 ], [ -95.526487, 29.6378814 ], [ -95.5252936, 29.6378968 ], [ -95.5252927, 29.6378968 ], [ -95.5252334, 29.6378976 ], [ -95.5250924, 29.6378995 ], [ -95.5238333, 29.6379159 ], [ -95.5225742, 29.6379324 ], [ -95.5223947, 29.6379348 ], [ -95.521075, 29.637952 ], [ -95.521076, 29.6380304 ], [ -95.5210794, 29.6382824 ], [ -95.5210834, 29.638586 ], [ -95.5210843, 29.6386608 ], [ -95.5210862, 29.6388159 ], [ -95.5210886, 29.6389984 ], [ -95.5210888, 29.6390105 ], [ -95.5210906, 29.6391522 ], [ -95.5210915, 29.6392218 ], [ -95.521093, 29.6393391 ], [ -95.521093, 29.6393396 ], [ -95.5210949, 29.6395041 ], [ -95.5210995, 29.6398242 ], [ -95.5211039, 29.6401075 ], [ -95.5211074, 29.6403275 ], [ -95.5211082, 29.6403839 ], [ -95.5211091, 29.6404722 ], [ -95.5211101, 29.6405662 ], [ -95.5211109, 29.6406155 ], [ -95.521113, 29.6407387 ], [ -95.5211133, 29.6407652 ], [ -95.5211151, 29.6409022 ], [ -95.5211153, 29.6409166 ], [ -95.5211171, 29.6410505 ], [ -95.5211189, 29.6411869 ], [ -95.5211213, 29.641368 ], [ -95.5208051, 29.6413746 ], [ -95.5205712, 29.6413794 ], [ -95.5203756, 29.6413835 ], [ -95.5201672, 29.6413866 ], [ -95.5199766, 29.6413875 ], [ -95.5197874, 29.6413885 ], [ -95.5195923, 29.6413894 ], [ -95.5193966, 29.6413904 ], [ -95.5191886, 29.6413914 ], [ -95.519097, 29.6413919 ], [ -95.5190964, 29.6413919 ], [ -95.5190511, 29.6413906 ], [ -95.5190073, 29.6413894 ], [ -95.5189993, 29.6413891 ], [ -95.5187979, 29.6413883 ], [ -95.5187954, 29.6413884 ], [ -95.5186443, 29.6413936 ], [ -95.5185363, 29.6413973 ], [ -95.5183265, 29.6414006 ], [ -95.5182771, 29.6414011 ], [ -95.5181897, 29.6414019 ], [ -95.518117, 29.6414026 ], [ -95.5179672, 29.641404 ], [ -95.517932, 29.6414044 ], [ -95.5178726, 29.6414049 ], [ -95.5177176, 29.6414064 ], [ -95.517651, 29.6414071 ], [ -95.5175629, 29.6414079 ], [ -95.5175441, 29.6414081 ], [ -95.5174679, 29.6414088 ], [ -95.517364, 29.6414095 ], [ -95.5173393, 29.6414109 ], [ -95.5172447, 29.6414119 ], [ -95.517171, 29.6414126 ], [ -95.5170223, 29.6414141 ], [ -95.5169305, 29.6414147 ], [ -95.5168412, 29.6414154 ], [ -95.5167087, 29.6414163 ], [ -95.5166402, 29.6414154 ], [ -95.5166395, 29.6414154 ], [ -95.5166156, 29.6414179 ], [ -95.5164496, 29.6414216 ], [ -95.5163938, 29.6414229 ], [ -95.5163814, 29.6414232 ], [ -95.5163082, 29.6414248 ], [ -95.5161673, 29.6414259 ], [ -95.5160369, 29.6414268 ], [ -95.5160308, 29.641427 ], [ -95.5158432, 29.6414306 ], [ -95.515747, 29.6414337 ], [ -95.5156904, 29.6414356 ], [ -95.5156707, 29.6414349 ], [ -95.5156687, 29.6414349 ], [ -95.5155378, 29.641437 ], [ -95.5154989, 29.6414376 ], [ -95.5154631, 29.6414382 ], [ -95.5153713, 29.6414397 ], [ -95.5152738, 29.6414413 ], [ -95.5151185, 29.6414436 ], [ -95.5149974, 29.6414454 ], [ -95.514562, 29.6414489 ], [ -95.5145618, 29.6414489 ], [ -95.5145612, 29.6414489 ], [ -95.5140894, 29.6414525 ], [ -95.5139184, 29.6414537 ], [ -95.5137436, 29.6414548 ], [ -95.5135746, 29.641456 ], [ -95.5134193, 29.6414573 ], [ -95.5132716, 29.6414586 ], [ -95.5131085, 29.6414599 ], [ -95.512934, 29.6414631 ], [ -95.512851, 29.6414646 ], [ -95.5127501, 29.6414699 ], [ -95.5125531, 29.6414673 ], [ -95.512368, 29.6414725 ], [ -95.5121807, 29.6414781 ], [ -95.5120105, 29.641477 ], [ -95.5118479, 29.6414822 ], [ -95.5116879, 29.6414842 ], [ -95.5115053, 29.6414864 ], [ -95.5113549, 29.6414883 ], [ -95.5111973, 29.6414902 ], [ -95.5110313, 29.6414923 ], [ -95.5108681, 29.6414943 ], [ -95.510689, 29.6414965 ], [ -95.5105369, 29.6414983 ], [ -95.510377, 29.6414982 ], [ -95.5102005, 29.6415041 ], [ -95.5101834, 29.6415044 ], [ -95.5100324, 29.6415069 ], [ -95.5098664, 29.6415091 ], [ -95.5096846, 29.6415112 ], [ -95.5094143, 29.6415143 ], [ -95.5092135, 29.6415166 ], [ -95.5090123, 29.6415188 ], [ -95.508457, 29.6415251 ], [ -95.5084466, 29.6415253 ], [ -95.5084478, 29.6412911 ], [ -95.5084492, 29.6409021 ], [ -95.5084476, 29.6407269 ], [ -95.5084311, 29.6399023 ], [ -95.508412, 29.6388609 ], [ -95.5084079, 29.6386346 ], [ -95.5083936, 29.6374385 ], [ -95.5083801, 29.636308 ], [ -95.5083771, 29.6360089 ], [ -95.5083748, 29.6357859 ], [ -95.5083746, 29.6357586 ], [ -95.5083729, 29.6355933 ], [ -95.5083712, 29.6354282 ], [ -95.5083696, 29.6352629 ], [ -95.5083679, 29.6350977 ], [ -95.5083662, 29.6349325 ], [ -95.5083646, 29.6347686 ], [ -95.5083627, 29.6345811 ], [ -95.5083627, 29.634361 ], [ -95.5083617, 29.634168 ], [ -95.5083609, 29.633994 ], [ -95.50836, 29.6338199 ], [ -95.5083592, 29.6336471 ], [ -95.5083583, 29.6334743 ], [ -95.5083574, 29.6333003 ], [ -95.5083566, 29.6331275 ], [ -95.508356, 29.6330103 ], [ -95.5083524, 29.6326319 ], [ -95.5083496, 29.6313208 ], [ -95.5082753, 29.6311435 ], [ -95.5082663, 29.6308472 ], [ -95.5098289, 29.6302472 ], [ -95.5143729, 29.6285025 ], [ -95.5143749, 29.6285017 ], [ -95.5143755, 29.6285015 ], [ -95.5143786, 29.6285003 ], [ -95.5143867, 29.6284972 ], [ -95.5147132, 29.6283709 ], [ -95.5177277, 29.6272048 ], [ -95.5179554, 29.6271167 ], [ -95.5179462, 29.6271085 ], [ -95.5177577, 29.62694 ], [ -95.517741, 29.6269251 ], [ -95.5177355, 29.6269202 ], [ -95.5195258, 29.6262242 ], [ -95.5195244, 29.626223 ], [ -95.5195166, 29.6262163 ], [ -95.5192162, 29.6259578 ], [ -95.5191076, 29.6258644 ], [ -95.5190789, 29.6258397 ], [ -95.5186087, 29.6254867 ], [ -95.5156222, 29.622975 ], [ -95.5142884, 29.6223561 ], [ -95.5142853, 29.6223547 ], [ -95.5142847, 29.6223544 ], [ -95.5139399, 29.6221944 ], [ -95.5139219, 29.6221861 ], [ -95.5132456, 29.6218722 ], [ -95.5132383, 29.6218689 ], [ -95.5120209, 29.621304 ], [ -95.5120195, 29.6213033 ], [ -95.5110305, 29.6208195 ], [ -95.5110113, 29.6208101 ], [ -95.510534, 29.6205973 ], [ -95.5104128, 29.6205432 ], [ -95.5100894, 29.6203991 ], [ -95.5100652, 29.6203883 ], [ -95.5099628, 29.6203489 ], [ -95.50989, 29.620321 ], [ -95.5098847, 29.620319 ], [ -95.5098831, 29.6203183 ], [ -95.509883, 29.6203119 ], [ -95.5098829, 29.6203028 ], [ -95.5098829, 29.6202997 ], [ -95.5098806, 29.6199789 ], [ -95.5098797, 29.6198409 ], [ -95.5098578, 29.6177614 ], [ -95.5098342, 29.6167097 ], [ -95.5098183, 29.6155178 ], [ -95.5098068, 29.6147355 ], [ -95.5091517, 29.6126873 ], [ -95.5091386, 29.6119032 ], [ -95.5090798, 29.6094268 ], [ -95.5090818, 29.6092586 ], [ -95.5090252, 29.6073828 ], [ -95.5090276, 29.6068997 ], [ -95.5090018, 29.6054246 ], [ -95.508982, 29.6042894 ], [ -95.5089724, 29.6037394 ], [ -95.5089344, 29.6015677 ], [ -95.5089255, 29.6012901 ], [ -95.5089249, 29.6012709 ], [ -95.5088902, 29.5997005 ], [ -95.5088894, 29.5996662 ], [ -95.508886, 29.5995103 ], [ -95.5088835, 29.5993964 ], [ -95.5088072, 29.5959104 ], [ -95.508805, 29.5959105 ], [ -95.5088043, 29.5959105 ], [ -95.5088042, 29.5959091 ], [ -95.508802, 29.5957501 ], [ -95.5087991, 29.5955362 ], [ -95.508763, 29.5935347 ], [ -95.5087501, 29.5928215 ], [ -95.5087485, 29.5927337 ], [ -95.5087485, 29.5927322 ], [ -95.5087419, 29.5921447 ], [ -95.5087351, 29.5916122 ], [ -95.5087405, 29.5916121 ], [ -95.5191616, 29.5914318 ], [ -95.5204106, 29.5914369 ], [ -95.5203675, 29.5890729 ], [ -95.5202758, 29.584017 ], [ -95.5201945, 29.5801252 ], [ -95.5201951, 29.5799609 ], [ -95.5202161, 29.5799615 ], [ -95.5202108, 29.5798494 ], [ -95.5202021, 29.5794486 ], [ -95.5201943, 29.5790902 ], [ -95.5201893, 29.5788615 ], [ -95.5201892, 29.578855 ], [ -95.5201836, 29.5786008 ], [ -95.5201798, 29.5784225 ], [ -95.5201759, 29.578243 ], [ -95.5201729, 29.5781068 ], [ -95.5201718, 29.5780646 ], [ -95.5201669, 29.5778857 ], [ -95.5201621, 29.577708 ], [ -95.5201573, 29.5775297 ], [ -95.5201525, 29.5773513 ], [ -95.5201476, 29.5771723 ], [ -95.5201402, 29.576896 ], [ -95.5201335, 29.5766494 ], [ -95.5201236, 29.5762833 ], [ -95.5201245, 29.575898 ], [ -95.5201184, 29.5756268 ], [ -95.5200299, 29.5720125 ], [ -95.516863, 29.5720916 ], [ -95.5162607, 29.5721001 ], [ -95.5129864, 29.5721801 ], [ -95.5127407, 29.5721838 ], [ -95.5071951, 29.5722888 ], [ -95.5054629, 29.5723243 ], [ -95.5055412, 29.5744155 ], [ -95.5069087, 29.5743953 ], [ -95.5071449, 29.5743908 ], [ -95.5102871, 29.5743306 ], [ -95.5130264, 29.5742782 ], [ -95.5130266, 29.5742993 ], [ -95.5130354, 29.5746146 ], [ -95.5130401, 29.57478 ], [ -95.5130423, 29.5748602 ], [ -95.5130469, 29.5750247 ], [ -95.5130515, 29.5751893 ], [ -95.513056, 29.5753524 ], [ -95.5130606, 29.575517 ], [ -95.5130652, 29.5756815 ], [ -95.513076, 29.5761144 ], [ -95.5130804, 29.5762925 ], [ -95.5130878, 29.5765888 ], [ -95.5130919, 29.5767546 ], [ -95.513096, 29.5769206 ], [ -95.5131006, 29.5771027 ], [ -95.5131047, 29.5772687 ], [ -95.5131138, 29.5776352 ], [ -95.5131237, 29.5780445 ], [ -95.5131321, 29.5783928 ], [ -95.5131428, 29.5788295 ], [ -95.5131529, 29.5792412 ], [ -95.5131572, 29.5794193 ], [ -95.5131619, 29.5796111 ], [ -95.5131705, 29.5799597 ], [ -95.5131706, 29.5799645 ], [ -95.5131767, 29.5802168 ], [ -95.5118855, 29.5802362 ], [ -95.511687, 29.5802498 ], [ -95.509247, 29.5802823 ], [ -95.5039433, 29.5803779 ], [ -95.503227, 29.5803893 ], [ -95.5031325, 29.5803908 ], [ -95.5030383, 29.5803923 ], [ -95.4997475, 29.5804457 ], [ -95.4997369, 29.5804459 ], [ -95.4989301, 29.5804546 ], [ -95.4980846, 29.5804722 ], [ -95.4967774, 29.5804994 ], [ -95.4966388, 29.5804991 ], [ -95.4948518, 29.5805044 ], [ -95.4924075, 29.5805126 ], [ -95.4921276, 29.5805331 ], [ -95.4849936, 29.5807187 ], [ -95.4846365, 29.580728 ], [ -95.4825698, 29.5807743 ], [ -95.480852, 29.5808081 ], [ -95.480299, 29.5808093 ], [ -95.479886, 29.5808131 ], [ -95.4793605, 29.5808214 ], [ -95.4783016, 29.580838 ], [ -95.4776222, 29.5808442 ], [ -95.4766463, 29.5808653 ], [ -95.4743836, 29.5809106 ], [ -95.4732225, 29.5809358 ], [ -95.4719529, 29.5809612 ], [ -95.4712426, 29.5809756 ], [ -95.4709196, 29.5810187 ], [ -95.4709082, 29.5810202 ], [ -95.4704954, 29.5810279 ], [ -95.4702737, 29.5810317 ], [ -95.4702716, 29.5810318 ], [ -95.4700706, 29.5810352 ], [ -95.4699009, 29.5810381 ], [ -95.4697943, 29.58104 ], [ -95.4696847, 29.5810418 ], [ -95.4695768, 29.5810438 ], [ -95.4694696, 29.5810458 ], [ -95.4693537, 29.5810479 ], [ -95.4692513, 29.5810498 ], [ -95.469132, 29.581052 ], [ -95.4690295, 29.5810539 ], [ -95.4689184, 29.581056 ], [ -95.4688137, 29.5810579 ], [ -95.4687037, 29.5810599 ], [ -95.4685995, 29.5810619 ], [ -95.468438, 29.5810638 ], [ -95.4683568, 29.5810647 ], [ -95.4682485, 29.581066 ], [ -95.467942, 29.5810699 ], [ -95.4678695, 29.5810708 ], [ -95.4663692, 29.5810797 ], [ -95.4648247, 29.5810889 ], [ -95.4624468, 29.5811074 ], [ -95.4621721, 29.5811202 ], [ -95.4618596, 29.5811275 ], [ -95.4607324, 29.581152 ], [ -95.46018, 29.581164 ], [ -95.4590542, 29.5811931 ], [ -95.4539381, 29.5812998 ], [ -95.4530349, 29.5813189 ], [ -95.4499724, 29.5813573 ], [ -95.4462199, 29.5814044 ], [ -95.4462206, 29.5814508 ], [ -95.4462289, 29.5820578 ], [ -95.4462518, 29.584334 ], [ -95.4462929, 29.587923 ], [ -95.4462947, 29.5880799 ], [ -95.4462936, 29.5898575 ], [ -95.446321, 29.5913365 ], [ -95.4463218, 29.5913783 ], [ -95.4463327, 29.591966 ], [ -95.4464068, 29.5959703 ], [ -95.4464015, 29.596671 ], [ -95.4463982, 29.5970972 ], [ -95.4463849, 29.5988329 ], [ -95.446398, 29.5998034 ], [ -95.4465101, 29.6059821 ], [ -95.446512, 29.6061441 ], [ -95.4465126, 29.6061629 ], [ -95.4461725, 29.6061756 ], [ -95.4458098, 29.606153 ], [ -95.4439603, 29.6061764 ], [ -95.4428066, 29.6061909 ], [ -95.4427228, 29.6061925 ], [ -95.4426194, 29.6061945 ], [ -95.4422769, 29.606202 ], [ -95.442276, 29.6062021 ], [ -95.4418957, 29.6062097 ], [ -95.4416995, 29.6062106 ], [ -95.4416768, 29.606211 ], [ -95.441322, 29.6062168 ], [ -95.4409444, 29.6062231 ], [ -95.4403277, 29.6062332 ], [ -95.4401626, 29.6062338 ], [ -95.4398261, 29.6062357 ], [ -95.4396158, 29.6062379 ], [ -95.4394052, 29.6062403 ], [ -95.4391898, 29.6062438 ], [ -95.4388203, 29.6062499 ], [ -95.4385731, 29.6062366 ], [ -95.4363042, 29.6062645 ], [ -95.4361088, 29.6062685 ], [ -95.4359133, 29.6062724 ], [ -95.4357179, 29.6062763 ], [ -95.4353934, 29.6062823 ], [ -95.4348282, 29.6062877 ], [ -95.4346395, 29.6062917 ], [ -95.4346394, 29.6062904 ], [ -95.4345848, 29.6062911 ], [ -95.4342709, 29.6062952 ], [ -95.4342706, 29.6062952 ], [ -95.4332472, 29.6063084 ], [ -95.4328109, 29.606314 ], [ -95.4325519, 29.606319 ], [ -95.4322982, 29.6063239 ], [ -95.4318973, 29.6063285 ], [ -95.431146, 29.6063371 ], [ -95.4300557, 29.6063495 ], [ -95.4299823, 29.6063503 ], [ -95.4298817, 29.6063515 ], [ -95.429877, 29.6063515 ], [ -95.4296942, 29.6063506 ], [ -95.4295819, 29.6063516 ], [ -95.4292966, 29.606354 ], [ -95.429111, 29.6063565 ], [ -95.4287358, 29.6063603 ], [ -95.4283612, 29.6063641 ], [ -95.4281692, 29.6063695 ], [ -95.4277906, 29.6063735 ], [ -95.4273825, 29.6063749 ], [ -95.4271983, 29.6063739 ], [ -95.4267878, 29.6063756 ], [ -95.4263692, 29.6063798 ], [ -95.4261776, 29.6063814 ], [ -95.4257503, 29.6063871 ], [ -95.4253414, 29.606394 ], [ -95.4251332, 29.6063975 ], [ -95.4249251, 29.606401 ], [ -95.4247169, 29.6064044 ], [ -95.4245218, 29.6064077 ], [ -95.4241222, 29.6064127 ], [ -95.4241179, 29.6064128 ], [ -95.423946, 29.6064146 ], [ -95.4237697, 29.6064164 ], [ -95.423581, 29.6064178 ], [ -95.4235598, 29.6064179 ], [ -95.4230932, 29.6064232 ], [ -95.4230718, 29.6064235 ], [ -95.4229442, 29.6064249 ], [ -95.4226282, 29.6064285 ], [ -95.4226242, 29.6064286 ], [ -95.4226029, 29.6064291 ], [ -95.4222917, 29.6064359 ], [ -95.4223407, 29.6062626 ], [ -95.4228247, 29.6050972 ], [ -95.4252046, 29.5991332 ], [ -95.4248682, 29.5991376 ], [ -95.4243914, 29.5991447 ], [ -95.4235906, 29.5991568 ], [ -95.4235869, 29.5991568 ], [ -95.4225221, 29.5991666 ], [ -95.4225076, 29.5991668 ], [ -95.4215713, 29.5991762 ], [ -95.4214942, 29.5991798 ], [ -95.4213866, 29.5991847 ], [ -95.4213832, 29.5991849 ], [ -95.4204426, 29.5991922 ], [ -95.4204105, 29.5991924 ], [ -95.4200743, 29.599195 ], [ -95.4199037, 29.5991964 ], [ -95.419511, 29.5991995 ], [ -95.4193812, 29.5992008 ], [ -95.4193359, 29.5991993 ], [ -95.417446, 29.599218 ], [ -95.4174233, 29.5992185 ], [ -95.4172399, 29.59922 ], [ -95.4168932, 29.5992276 ], [ -95.4165882, 29.5992284 ], [ -95.4165266, 29.5992288 ], [ -95.4162721, 29.5992305 ], [ -95.415988, 29.5992324 ], [ -95.415798, 29.5992337 ], [ -95.4148512, 29.5992397 ], [ -95.4147181, 29.5992406 ], [ -95.4143774, 29.5992428 ], [ -95.4142515, 29.5992437 ], [ -95.4142509, 29.5992437 ], [ -95.4140251, 29.5992451 ], [ -95.4140089, 29.5992452 ], [ -95.4139774, 29.5992454 ], [ -95.413977, 29.5992454 ], [ -95.4136674, 29.5992474 ], [ -95.4132896, 29.5992498 ], [ -95.4130952, 29.5992498 ], [ -95.4126063, 29.5992571 ], [ -95.4120854, 29.5992671 ], [ -95.4117113, 29.5992711 ], [ -95.4114797, 29.5992733 ], [ -95.4111123, 29.5992786 ], [ -95.4090894, 29.5993085 ], [ -95.4089421, 29.5993127 ], [ -95.4076221, 29.5993353 ], [ -95.4069299, 29.5993471 ], [ -95.4049631, 29.5993768 ], [ -95.4047742, 29.599378 ], [ -95.4032889, 29.5993964 ], [ -95.4027823, 29.5994027 ], [ -95.4007829, 29.5994376 ], [ -95.4007705, 29.5994381 ], [ -95.4005905, 29.5994455 ], [ -95.3965982, 29.5994896 ], [ -95.3965081, 29.5994872 ], [ -95.3955081, 29.5994985 ], [ -95.3952708, 29.5995015 ], [ -95.3950777, 29.599504 ], [ -95.3949647, 29.5995054 ], [ -95.3944688, 29.5995141 ], [ -95.3942993, 29.5995169 ], [ -95.3924885, 29.599547 ], [ -95.3923429, 29.599549 ], [ -95.3912998, 29.5995599 ], [ -95.3903817, 29.5995695 ], [ -95.3893238, 29.5995804 ], [ -95.3890171, 29.5995833 ], [ -95.3883526, 29.5995895 ], [ -95.3882378, 29.5995929 ], [ -95.3879542, 29.5995912 ], [ -95.387935, 29.5995914 ], [ -95.3852508, 29.5996088 ], [ -95.3852371, 29.5996089 ], [ -95.384743, 29.5996122 ], [ -95.3842706, 29.5996155 ], [ -95.3842579, 29.599617 ], [ -95.3841592, 29.599629 ], [ -95.3841558, 29.5996294 ], [ -95.3840671, 29.5996296 ], [ -95.3840553, 29.5996296 ], [ -95.3827161, 29.5996325 ], [ -95.381475, 29.5996352 ], [ -95.3802516, 29.5996379 ], [ -95.3802974, 29.6032593 ], [ -95.380291, 29.6032969 ], [ -95.3803249, 29.6068879 ], [ -95.3803334, 29.6069874 ], [ -95.3803298, 29.6096953 ], [ -95.3803393, 29.6123206 ], [ -95.378437, 29.6123339 ], [ -95.3762834, 29.6123282 ], [ -95.3681201, 29.6123064 ], [ -95.3680341, 29.6123346 ], [ -95.3678587, 29.6123441 ], [ -95.3639958, 29.6123199 ], [ -95.363773, 29.612316 ], [ -95.3637726, 29.6122814 ], [ -95.3601182, 29.612271 ], [ -95.3579944, 29.6122776 ], [ -95.3553102, 29.6122641 ], [ -95.3553249, 29.6091976 ], [ -95.355325, 29.6078874 ], [ -95.3553138, 29.6076942 ], [ -95.3553135, 29.6070494 ], [ -95.3553046, 29.6068032 ], [ -95.3552668, 29.6063118 ], [ -95.3552023, 29.6058225 ], [ -95.3551601, 29.605579 ], [ -95.3550284, 29.6049861 ], [ -95.3549062, 29.6045525 ], [ -95.3539506, 29.6014567 ], [ -95.3534405, 29.5999368 ], [ -95.3528161, 29.5978153 ], [ -95.3523226, 29.5962179 ], [ -95.3522302, 29.5958784 ], [ -95.3521377, 29.5954735 ], [ -95.3520271, 29.59481 ], [ -95.3519721, 29.594246 ], [ -95.3519517, 29.5937463 ], [ -95.3518523, 29.5882803 ], [ -95.3517777, 29.5856924 ], [ -95.3517848, 29.5852766 ], [ -95.3517173, 29.5852975 ], [ -95.351653, 29.5853298 ], [ -95.3515164, 29.5854377 ], [ -95.3514222, 29.5854907 ], [ -95.3513236, 29.5855606 ], [ -95.3511255, 29.5857219 ], [ -95.3510163, 29.5858396 ], [ -95.350923, 29.585898 ], [ -95.3508314, 29.5859897 ], [ -95.3503853, 29.5861863 ], [ -95.3502073, 29.586239 ], [ -95.3500948, 29.5862537 ], [ -95.3499729, 29.5862557 ], [ -95.3492711, 29.5864002 ], [ -95.3490918, 29.5864052 ], [ -95.3489979, 29.5864178 ], [ -95.3489117, 29.5864093 ], [ -95.348832, 29.5863766 ], [ -95.3486645, 29.5862267 ], [ -95.3483318, 29.5858484 ], [ -95.3482499, 29.585788 ], [ -95.3481506, 29.5857448 ], [ -95.3480521, 29.5857177 ], [ -95.347983, 29.5857105 ], [ -95.3477798, 29.5857403 ], [ -95.3475032, 29.5857301 ], [ -95.3470156, 29.5856656 ], [ -95.3464667, 29.5855494 ], [ -95.3463985, 29.5855458 ], [ -95.3463347, 29.5855554 ], [ -95.3462777, 29.5855801 ], [ -95.3462325, 29.5856283 ], [ -95.3462188, 29.5856645 ], [ -95.3462139, 29.5857231 ], [ -95.3461845, 29.5857694 ], [ -95.3461574, 29.5858729 ], [ -95.3461157, 29.5859331 ], [ -95.3460738, 29.5860456 ], [ -95.345922, 29.5862777 ], [ -95.3458702, 29.5863322 ], [ -95.3457666, 29.5863989 ], [ -95.3456829, 29.5864313 ], [ -95.3452751, 29.58649 ], [ -95.3452083, 29.5865132 ], [ -95.345109, 29.5865972 ], [ -95.3450081, 29.586752 ], [ -95.3448211, 29.5869559 ], [ -95.3447549, 29.5869928 ], [ -95.3444311, 29.5871038 ], [ -95.3443777, 29.5871362 ], [ -95.3443362, 29.5871766 ], [ -95.3442566, 29.587275 ], [ -95.344253, 29.5872809 ], [ -95.3442516, 29.5872834 ], [ -95.3442462, 29.5872929 ], [ -95.344243, 29.587299 ], [ -95.3442399, 29.5873051 ], [ -95.3442369, 29.5873113 ], [ -95.3442344, 29.5873168 ], [ -95.344234, 29.5873175 ], [ -95.3442313, 29.5873238 ], [ -95.3442295, 29.5873282 ], [ -95.3442262, 29.5873365 ], [ -95.344225, 29.5873398 ], [ -95.3442239, 29.5873429 ], [ -95.3442216, 29.5873493 ], [ -95.3442195, 29.5873557 ], [ -95.3442176, 29.5873622 ], [ -95.3442173, 29.587363 ], [ -95.3442157, 29.5873687 ], [ -95.344214, 29.5873752 ], [ -95.3442124, 29.5873819 ], [ -95.3442113, 29.5873871 ], [ -95.344211, 29.5873885 ], [ -95.3442097, 29.5873951 ], [ -95.3442085, 29.5874017 ], [ -95.3442069, 29.5874124 ], [ -95.3442065, 29.587415 ], [ -95.3442057, 29.5874217 ], [ -95.3442056, 29.5874228 ], [ -95.3442051, 29.5874284 ], [ -95.3442046, 29.5874351 ], [ -95.344204, 29.5874452 ], [ -95.3442053, 29.5874684 ], [ -95.344207, 29.5874915 ], [ -95.3442091, 29.5875147 ], [ -95.3442118, 29.5875377 ], [ -95.3442146, 29.5875588 ], [ -95.3442181, 29.5875818 ], [ -95.3442184, 29.5875838 ], [ -95.3442224, 29.5876068 ], [ -95.3442265, 29.5876279 ], [ -95.3442335, 29.58766 ], [ -95.3442373, 29.5876699 ], [ -95.3442381, 29.587672 ], [ -95.3442412, 29.5876797 ], [ -95.344244, 29.5876861 ], [ -95.3442454, 29.5876894 ], [ -95.3442471, 29.5876932 ], [ -95.3442488, 29.5876969 ], [ -95.3442498, 29.5876991 ], [ -95.3442528, 29.5877054 ], [ -95.3442544, 29.5877087 ], [ -95.3442591, 29.5877183 ], [ -95.3442641, 29.5877277 ], [ -95.3442669, 29.5877328 ], [ -95.3442692, 29.5877371 ], [ -95.3442707, 29.5877397 ], [ -95.344273, 29.5877437 ], [ -95.344277, 29.5877505 ], [ -95.3442792, 29.5877543 ], [ -95.3442834, 29.5877611 ], [ -95.3442853, 29.587764 ], [ -95.3442916, 29.5877739 ], [ -95.3442977, 29.5877828 ], [ -95.3443012, 29.5877879 ], [ -95.3443039, 29.5877917 ], [ -95.344306, 29.5877947 ], [ -95.3443086, 29.5877982 ], [ -95.3443136, 29.5878048 ], [ -95.344316, 29.587808 ], [ -95.3443227, 29.5878166 ], [ -95.3443236, 29.5878177 ], [ -95.3443305, 29.5878262 ], [ -95.3443319, 29.5878278 ], [ -95.3443339, 29.5878301 ], [ -95.3443391, 29.5878363 ], [ -95.3443427, 29.5878403 ], [ -95.3443448, 29.5878428 ], [ -95.3443555, 29.5878544 ], [ -95.3443684, 29.5878704 ], [ -95.344372, 29.5878751 ], [ -95.3443769, 29.5878815 ], [ -95.344378, 29.5878829 ], [ -95.3443851, 29.5878925 ], [ -95.3443864, 29.5878943 ], [ -95.3443895, 29.5878985 ], [ -95.3443946, 29.5879058 ], [ -95.3443976, 29.5879101 ], [ -95.3444017, 29.587916 ], [ -95.3444026, 29.5879174 ], [ -95.3444058, 29.5879222 ], [ -95.3444093, 29.5879275 ], [ -95.3444104, 29.5879292 ], [ -95.3444135, 29.5879341 ], [ -95.3444171, 29.5879398 ], [ -95.3444179, 29.5879411 ], [ -95.3444206, 29.5879456 ], [ -95.3444244, 29.5879519 ], [ -95.3444252, 29.5879531 ], [ -95.3444309, 29.5879629 ], [ -95.3444351, 29.5879704 ], [ -95.3444383, 29.5879762 ], [ -95.3444456, 29.5879897 ], [ -95.344451, 29.5880004 ], [ -95.3444572, 29.5880131 ], [ -95.3444579, 29.5880146 ], [ -95.3444637, 29.5880272 ], [ -95.3444688, 29.5880388 ], [ -95.3444742, 29.5880517 ], [ -95.3444746, 29.5880526 ], [ -95.3444796, 29.5880655 ], [ -95.3444843, 29.5880779 ], [ -95.3444889, 29.5880911 ], [ -95.3444933, 29.5881044 ], [ -95.344521, 29.5882233 ], [ -95.3445291, 29.5882826 ], [ -95.3445342, 29.5883278 ], [ -95.3445384, 29.5883732 ], [ -95.3445417, 29.5884186 ], [ -95.3445441, 29.588464 ], [ -95.3445456, 29.5885094 ], [ -95.3445462, 29.5885549 ], [ -95.3445459, 29.5886003 ], [ -95.3445447, 29.5886433 ], [ -95.3445428, 29.5886518 ], [ -95.3445412, 29.5886564 ], [ -95.3445399, 29.5886598 ], [ -95.3445384, 29.5886637 ], [ -95.3445369, 29.5886674 ], [ -95.3445368, 29.5886676 ], [ -95.3445334, 29.5886755 ], [ -95.3445319, 29.5886785 ], [ -95.3445296, 29.5886831 ], [ -95.3445266, 29.5886889 ], [ -95.3445234, 29.5886944 ], [ -95.3445189, 29.5887018 ], [ -95.3445166, 29.5887054 ], [ -95.3445142, 29.588709 ], [ -95.3445091, 29.5887161 ], [ -95.3445064, 29.5887196 ], [ -95.3445037, 29.588723 ], [ -95.3445009, 29.5887264 ], [ -95.3444981, 29.5887297 ], [ -95.3444865, 29.5887564 ], [ -95.3444617, 29.5888133 ], [ -95.34446, 29.5888184 ], [ -95.3444578, 29.5888257 ], [ -95.3444565, 29.58883 ], [ -95.3444543, 29.5888382 ], [ -95.3444528, 29.5888445 ], [ -95.3444514, 29.5888508 ], [ -95.3444509, 29.5888534 ], [ -95.344449, 29.5888635 ], [ -95.344448, 29.5888698 ], [ -95.3444471, 29.5888762 ], [ -95.3444463, 29.5888826 ], [ -95.3444457, 29.5888889 ], [ -95.3444451, 29.5888954 ], [ -95.3444448, 29.5889004 ], [ -95.3444445, 29.5889083 ], [ -95.3444444, 29.5889136 ], [ -95.3444444, 29.5889212 ], [ -95.3444444, 29.588924 ], [ -95.3444445, 29.5889276 ], [ -95.3444448, 29.5889368 ], [ -95.3444449, 29.5889405 ], [ -95.3444451, 29.5889448 ], [ -95.3444455, 29.5889529 ], [ -95.3444449, 29.5889627 ], [ -95.3444445, 29.5889683 ], [ -95.344444, 29.5889739 ], [ -95.3444433, 29.5889794 ], [ -95.3444426, 29.588985 ], [ -95.3444417, 29.5889905 ], [ -95.3444408, 29.588996 ], [ -95.3444397, 29.5890015 ], [ -95.3444386, 29.589007 ], [ -95.3444373, 29.5890125 ], [ -95.3444359, 29.589018 ], [ -95.3444344, 29.5890234 ], [ -95.3444329, 29.5890288 ], [ -95.3444312, 29.5890342 ], [ -95.3444294, 29.5890396 ], [ -95.3444275, 29.5890449 ], [ -95.3444255, 29.5890502 ], [ -95.3444234, 29.5890555 ], [ -95.3444212, 29.5890607 ], [ -95.344419, 29.5890659 ], [ -95.3444166, 29.5890711 ], [ -95.3444141, 29.5890762 ], [ -95.3444107, 29.5890828 ], [ -95.344408, 29.5890878 ], [ -95.3444052, 29.5890929 ], [ -95.3444024, 29.5890978 ], [ -95.3443994, 29.5891027 ], [ -95.3443931, 29.5891124 ], [ -95.3443899, 29.5891172 ], [ -95.3443865, 29.5891219 ], [ -95.344359, 29.5891611 ], [ -95.344334, 29.5891953 ], [ -95.3443084, 29.5892292 ], [ -95.3442821, 29.5892626 ], [ -95.3442552, 29.5892956 ], [ -95.3441059, 29.5895001 ], [ -95.3440983, 29.5895065 ], [ -95.3440971, 29.5895076 ], [ -95.3440908, 29.5895131 ], [ -95.344086, 29.5895175 ], [ -95.3440835, 29.5895198 ], [ -95.3440782, 29.5895248 ], [ -95.3440762, 29.5895266 ], [ -95.3440692, 29.5895334 ], [ -95.3440622, 29.5895405 ], [ -95.3440553, 29.5895476 ], [ -95.3440522, 29.589551 ], [ -95.3440486, 29.5895549 ], [ -95.3440439, 29.5895601 ], [ -95.344042, 29.5895622 ], [ -95.3440359, 29.5895693 ], [ -95.3440293, 29.5895772 ], [ -95.3440281, 29.5895787 ], [ -95.3440232, 29.5895848 ], [ -95.3440205, 29.5895883 ], [ -95.3440172, 29.5895925 ], [ -95.3440131, 29.5895979 ], [ -95.3440113, 29.5896004 ], [ -95.344006, 29.5896078 ], [ -95.344, 29.5896162 ], [ -95.3439991, 29.5896177 ], [ -95.3439946, 29.5896243 ], [ -95.3439924, 29.5896278 ], [ -95.3439894, 29.5896325 ], [ -95.3439797, 29.5896483 ], [ -95.3436971, 29.5899598 ], [ -95.3436704, 29.5899945 ], [ -95.3436525, 29.5900166 ], [ -95.3436342, 29.5900385 ], [ -95.3436155, 29.5900601 ], [ -95.3435964, 29.5900814 ], [ -95.3435769, 29.5901024 ], [ -95.343557, 29.590123 ], [ -95.3435367, 29.5901434 ], [ -95.3435161, 29.5901634 ], [ -95.3434951, 29.5901832 ], [ -95.3434737, 29.5902026 ], [ -95.343452, 29.5902216 ], [ -95.3434299, 29.5902403 ], [ -95.3434074, 29.5902587 ], [ -95.3433846, 29.5902767 ], [ -95.3433615, 29.5902943 ], [ -95.3433381, 29.5903116 ], [ -95.3433143, 29.5903285 ], [ -95.3432903, 29.5903451 ], [ -95.3432659, 29.5903612 ], [ -95.3432412, 29.590377 ], [ -95.3428458, 29.5906341 ], [ -95.3425617, 29.5908911 ], [ -95.3423147, 29.5910732 ], [ -95.3422363, 29.5912323 ], [ -95.3422056, 29.5912944 ], [ -95.3418653, 29.5919281 ], [ -95.3416711, 29.59212 ], [ -95.3410564, 29.5924171 ], [ -95.3408209, 29.5924233 ], [ -95.3407802, 29.5924244 ], [ -95.3407247, 29.5924442 ], [ -95.3405632, 29.5926995 ], [ -95.3405831, 29.5934454 ], [ -95.3405808, 29.5934465 ], [ -95.3405785, 29.5934477 ], [ -95.3405762, 29.5934489 ], [ -95.3405717, 29.5934514 ], [ -95.3405695, 29.5934527 ], [ -95.3405674, 29.593454 ], [ -95.3405589, 29.5934597 ], [ -95.3405569, 29.5934612 ], [ -95.3405529, 29.5934643 ], [ -95.340551, 29.5934659 ], [ -95.3405472, 29.5934692 ], [ -95.3405435, 29.5934726 ], [ -95.3405417, 29.5934743 ], [ -95.3405382, 29.5934779 ], [ -95.3405365, 29.5934798 ], [ -95.3405332, 29.5934835 ], [ -95.3405317, 29.5934854 ], [ -95.3405286, 29.5934893 ], [ -95.3405271, 29.5934913 ], [ -95.3405243, 29.5934953 ], [ -95.3405217, 29.5934995 ], [ -95.3405187, 29.5935044 ], [ -95.3405173, 29.5935066 ], [ -95.3405164, 29.593508 ], [ -95.3405093, 29.5935173 ], [ -95.3405082, 29.5935186 ], [ -95.3405047, 29.5935223 ], [ -95.3405035, 29.5935235 ], [ -95.3405022, 29.5935246 ], [ -95.3404984, 29.593528 ], [ -95.340493, 29.5935323 ], [ -95.3404888, 29.5935352 ], [ -95.3404873, 29.5935361 ], [ -95.3404843, 29.5935379 ], [ -95.3404813, 29.5935396 ], [ -95.3404766, 29.593542 ], [ -95.3404735, 29.5935435 ], [ -95.3404719, 29.5935441 ], [ -95.340467, 29.593546 ], [ -95.340462, 29.5935477 ], [ -95.3404534, 29.59355 ], [ -95.3404517, 29.5935503 ], [ -95.3404465, 29.5935513 ], [ -95.3404394, 29.5935521 ], [ -95.3404359, 29.5935524 ], [ -95.3404341, 29.5935525 ], [ -95.3404323, 29.5935525 ], [ -95.3403192, 29.5935716 ], [ -95.3403078, 29.5935738 ], [ -95.3403008, 29.593575 ], [ -95.3402937, 29.5935762 ], [ -95.3402866, 29.5935772 ], [ -95.3402795, 29.5935781 ], [ -95.3402724, 29.5935789 ], [ -95.3402652, 29.5935795 ], [ -95.3402581, 29.5935801 ], [ -95.3402509, 29.5935805 ], [ -95.3402437, 29.5935809 ], [ -95.3402365, 29.5935811 ], [ -95.3402294, 29.5935812 ], [ -95.340218, 29.5935811 ], [ -95.340215, 29.593581 ], [ -95.3402078, 29.5935808 ], [ -95.3402006, 29.5935804 ], [ -95.3401935, 29.59358 ], [ -95.3401863, 29.5935794 ], [ -95.3401792, 29.5935787 ], [ -95.3401721, 29.5935779 ], [ -95.3401649, 29.5935769 ], [ -95.3401579, 29.5935759 ], [ -95.3401508, 29.5935747 ], [ -95.3401437, 29.5935734 ], [ -95.3401367, 29.5935721 ], [ -95.3401297, 29.5935706 ], [ -95.3401228, 29.593569 ], [ -95.3401158, 29.5935672 ], [ -95.3401089, 29.5935654 ], [ -95.3401021, 29.5935635 ], [ -95.3400952, 29.5935614 ], [ -95.3400885, 29.5935593 ], [ -95.3398528, 29.5935446 ], [ -95.3397169, 29.5935332 ], [ -95.3395779, 29.5935213 ], [ -95.3395753, 29.5935211 ], [ -95.3395267, 29.5935214 ], [ -95.3394924, 29.593521 ], [ -95.339465, 29.5935203 ], [ -95.3394645, 29.5935203 ], [ -95.339458, 29.5935201 ], [ -95.3394236, 29.5935187 ], [ -95.3393893, 29.5935168 ], [ -95.3393549, 29.5935143 ], [ -95.3393206, 29.5935113 ], [ -95.3392862, 29.5935078 ], [ -95.339252, 29.5935038 ], [ -95.3392177, 29.5934993 ], [ -95.3391836, 29.5934943 ], [ -95.3391495, 29.5934887 ], [ -95.3390256, 29.5934908 ], [ -95.3387184, 29.593462 ], [ -95.3383468, 29.5934494 ], [ -95.3383352, 29.5934491 ], [ -95.3383351, 29.5934491 ], [ -95.3383348, 29.5934491 ], [ -95.3383338, 29.5934491 ], [ -95.3382596, 29.5934511 ], [ -95.3381861, 29.5934597 ], [ -95.338114, 29.5934748 ], [ -95.338044, 29.5934963 ], [ -95.3379769, 29.5935239 ], [ -95.3379134, 29.5935574 ], [ -95.337692, 29.5936883 ], [ -95.3374432, 29.5938458 ], [ -95.3374328, 29.5938524 ], [ -95.3374215, 29.5938596 ], [ -95.3373826, 29.593888 ], [ -95.3373487, 29.593921 ], [ -95.3373205, 29.5939578 ], [ -95.3372985, 29.5939976 ], [ -95.3372723, 29.5940631 ], [ -95.3372528, 29.5941303 ], [ -95.33724, 29.5941987 ], [ -95.3372341, 29.5942679 ], [ -95.3372345, 29.5943273 ], [ -95.3372399, 29.5943864 ], [ -95.3372504, 29.5944451 ], [ -95.3372658, 29.5945029 ], [ -95.337312, 29.5946507 ], [ -95.3373328, 29.5947265 ], [ -95.3373481, 29.5948033 ], [ -95.3373578, 29.5948807 ], [ -95.3373609, 29.5949279 ], [ -95.337361, 29.5949402 ], [ -95.3373586, 29.5949622 ], [ -95.337353, 29.5949838 ], [ -95.3373429, 29.5950076 ], [ -95.3373174, 29.5950512 ], [ -95.3372875, 29.5950926 ], [ -95.3372535, 29.5951315 ], [ -95.3372156, 29.5951675 ], [ -95.3371128, 29.595252 ], [ -95.3370047, 29.5953312 ], [ -95.3368916, 29.595405 ], [ -95.3367738, 29.5954729 ], [ -95.3366518, 29.595535 ], [ -95.3364307, 29.5956401 ], [ -95.3363714, 29.5956717 ], [ -95.3363159, 29.5957082 ], [ -95.3362647, 29.5957493 ], [ -95.3362312, 29.595775 ], [ -95.3361939, 29.5957963 ], [ -95.3361535, 29.5958127 ], [ -95.3357954, 29.5959316 ], [ -95.3357796, 29.5959369 ], [ -95.3357278, 29.5959541 ], [ -95.3354906, 29.5960463 ], [ -95.3354698, 29.596054 ], [ -95.3354491, 29.596062 ], [ -95.3354287, 29.5960703 ], [ -95.3354084, 29.5960789 ], [ -95.3353882, 29.5960878 ], [ -95.3353683, 29.596097 ], [ -95.3353486, 29.5961065 ], [ -95.335329, 29.5961163 ], [ -95.3353097, 29.5961265 ], [ -95.3352906, 29.5961369 ], [ -95.3352717, 29.5961476 ], [ -95.335253, 29.5961586 ], [ -95.3352345, 29.5961698 ], [ -95.3352162, 29.5961814 ], [ -95.3351983, 29.5961932 ], [ -95.3351805, 29.5962053 ], [ -95.335163, 29.5962177 ], [ -95.3351457, 29.5962303 ], [ -95.3351287, 29.5962432 ], [ -95.335109, 29.5962588 ], [ -95.3350926, 29.5962746 ], [ -95.3350765, 29.5962906 ], [ -95.3350607, 29.5963069 ], [ -95.3350453, 29.5963235 ], [ -95.3350302, 29.5963403 ], [ -95.3350155, 29.5963573 ], [ -95.3350011, 29.5963745 ], [ -95.3349871, 29.5963919 ], [ -95.3349734, 29.5964096 ], [ -95.33496, 29.5964274 ], [ -95.3349459, 29.5964471 ], [ -95.3349031, 29.5965498 ], [ -95.3348615, 29.596654 ], [ -95.3347845, 29.5967798 ], [ -95.3346222, 29.5969959 ], [ -95.3344297, 29.5972232 ], [ -95.3343039, 29.5974245 ], [ -95.3342177, 29.5974935 ], [ -95.3340935, 29.5975955 ], [ -95.3340326, 29.5976829 ], [ -95.3340198, 29.5977026 ], [ -95.3340075, 29.5977226 ], [ -95.3339955, 29.5977427 ], [ -95.3339815, 29.5977675 ], [ -95.3339758, 29.5977768 ], [ -95.3339701, 29.5977857 ], [ -95.3339641, 29.5977946 ], [ -95.333958, 29.5978034 ], [ -95.3339517, 29.5978121 ], [ -95.3339453, 29.5978207 ], [ -95.3339386, 29.5978292 ], [ -95.3339318, 29.5978376 ], [ -95.3339248, 29.5978459 ], [ -95.3339177, 29.5978541 ], [ -95.3339104, 29.5978622 ], [ -95.3339029, 29.5978702 ], [ -95.3338953, 29.5978781 ], [ -95.3338876, 29.5978859 ], [ -95.3338801, 29.597896 ], [ -95.3338737, 29.5979041 ], [ -95.3338672, 29.5979122 ], [ -95.3338606, 29.5979202 ], [ -95.3338538, 29.597928 ], [ -95.3338468, 29.5979358 ], [ -95.3338397, 29.5979435 ], [ -95.3338325, 29.597951 ], [ -95.333825, 29.5979585 ], [ -95.3338175, 29.5979659 ], [ -95.3338098, 29.5979731 ], [ -95.3338019, 29.5979802 ], [ -95.3337939, 29.5979872 ], [ -95.3337858, 29.5979941 ], [ -95.3337775, 29.5980009 ], [ -95.3337691, 29.5980076 ], [ -95.3337606, 29.5980141 ], [ -95.3337519, 29.5980205 ], [ -95.3337431, 29.5980268 ], [ -95.3337342, 29.5980329 ], [ -95.3337252, 29.5980389 ], [ -95.3337161, 29.5980448 ], [ -95.3337068, 29.5980506 ], [ -95.3336974, 29.5980562 ], [ -95.333688, 29.5980617 ], [ -95.3336784, 29.598067 ], [ -95.3336687, 29.5980722 ], [ -95.3336589, 29.5980773 ], [ -95.3336476, 29.5980846 ], [ -95.3336414, 29.5980885 ], [ -95.3336351, 29.5980922 ], [ -95.3336288, 29.5980958 ], [ -95.3336224, 29.5980994 ], [ -95.3336159, 29.5981028 ], [ -95.3336094, 29.5981062 ], [ -95.3336028, 29.5981095 ], [ -95.3335962, 29.5981126 ], [ -95.3335894, 29.5981157 ], [ -95.3335827, 29.5981187 ], [ -95.3335758, 29.5981215 ], [ -95.3335689, 29.5981243 ], [ -95.333562, 29.598127 ], [ -95.333555, 29.5981295 ], [ -95.333548, 29.598132 ], [ -95.3335409, 29.5981343 ], [ -95.3335338, 29.5981366 ], [ -95.3335266, 29.5981387 ], [ -95.3335194, 29.5981408 ], [ -95.3335121, 29.5981427 ], [ -95.3335049, 29.5981445 ], [ -95.3334975, 29.5981462 ], [ -95.3334902, 29.5981478 ], [ -95.3334828, 29.5981493 ], [ -95.3334754, 29.5981507 ], [ -95.333468, 29.598152 ], [ -95.3334606, 29.5981532 ], [ -95.3334531, 29.5981542 ], [ -95.3334456, 29.5981552 ], [ -95.3334382, 29.598156 ], [ -95.3334306, 29.5981567 ], [ -95.3334231, 29.5981573 ], [ -95.3332728, 29.5981953 ], [ -95.3331213, 29.5982345 ], [ -95.3331103, 29.5982368 ], [ -95.3330994, 29.5982393 ], [ -95.3330885, 29.5982419 ], [ -95.3330777, 29.5982447 ], [ -95.3330669, 29.5982476 ], [ -95.3330562, 29.5982507 ], [ -95.3330455, 29.598254 ], [ -95.333035, 29.5982574 ], [ -95.3330245, 29.598261 ], [ -95.3330143, 29.5982647 ], [ -95.3330042, 29.5982686 ], [ -95.3329941, 29.5982727 ], [ -95.3329841, 29.5982768 ], [ -95.3329741, 29.5982812 ], [ -95.3329642, 29.5982857 ], [ -95.3329544, 29.5982903 ], [ -95.3329447, 29.5982951 ], [ -95.332935, 29.5983 ], [ -95.3329254, 29.5983051 ], [ -95.3329159, 29.5983103 ], [ -95.3329065, 29.5983156 ], [ -95.3328972, 29.5983211 ], [ -95.3328879, 29.5983268 ], [ -95.3328788, 29.5983325 ], [ -95.3328697, 29.5983384 ], [ -95.3328608, 29.5983444 ], [ -95.3328519, 29.5983506 ], [ -95.3328432, 29.5983568 ], [ -95.3328345, 29.5983632 ], [ -95.332826, 29.5983698 ], [ -95.3328176, 29.5983764 ], [ -95.3328093, 29.5983832 ], [ -95.3328011, 29.5983901 ], [ -95.3327931, 29.5983971 ], [ -95.3327851, 29.5984042 ], [ -95.332774, 29.5984145 ], [ -95.332708, 29.5984772 ], [ -95.332644, 29.5985408 ], [ -95.3325814, 29.5986053 ], [ -95.33252, 29.5986708 ], [ -95.33246, 29.5987371 ], [ -95.3323861, 29.598822 ], [ -95.3323745, 29.5988346 ], [ -95.3323665, 29.598843 ], [ -95.3323583, 29.5988512 ], [ -95.3323499, 29.5988594 ], [ -95.3323414, 29.5988674 ], [ -95.3323327, 29.5988753 ], [ -95.3323238, 29.598883 ], [ -95.3323148, 29.5988907 ], [ -95.3323056, 29.5988982 ], [ -95.3322963, 29.5989055 ], [ -95.3322869, 29.5989128 ], [ -95.3322773, 29.5989199 ], [ -95.3322676, 29.5989268 ], [ -95.3322577, 29.5989336 ], [ -95.3322477, 29.5989403 ], [ -95.3322376, 29.5989468 ], [ -95.3322273, 29.5989532 ], [ -95.332217, 29.5989594 ], [ -95.3322065, 29.5989654 ], [ -95.3321958, 29.5989713 ], [ -95.3321851, 29.5989771 ], [ -95.3321743, 29.5989827 ], [ -95.3321633, 29.5989881 ], [ -95.3321523, 29.5989934 ], [ -95.3321411, 29.5989985 ], [ -95.3321299, 29.5990034 ], [ -95.3321185, 29.5990082 ], [ -95.3321071, 29.5990128 ], [ -95.3320956, 29.5990173 ], [ -95.332084, 29.5990215 ], [ -95.3320723, 29.5990256 ], [ -95.3320606, 29.5990296 ], [ -95.3320487, 29.5990333 ], [ -95.3320368, 29.5990369 ], [ -95.3320249, 29.5990403 ], [ -95.3320128, 29.5990435 ], [ -95.3320007, 29.5990465 ], [ -95.3319886, 29.5990494 ], [ -95.3319764, 29.5990521 ], [ -95.3319642, 29.5990546 ], [ -95.3319519, 29.5990569 ], [ -95.3319396, 29.599059 ], [ -95.3319272, 29.599061 ], [ -95.3319148, 29.5990627 ], [ -95.3319024, 29.5990643 ], [ -95.3317874, 29.5990833 ], [ -95.3316209, 29.5990971 ], [ -95.3316208, 29.5990971 ], [ -95.3316161, 29.5990969 ], [ -95.331616, 29.5990969 ], [ -95.3316159, 29.5990969 ], [ -95.3315835, 29.599096 ], [ -95.331582, 29.599096 ], [ -95.3315819, 29.5990959 ], [ -95.3315818, 29.5990959 ], [ -95.3315816, 29.5990959 ], [ -95.3315766, 29.5990958 ], [ -95.3314273, 29.5990924 ], [ -95.3311464, 29.5991082 ], [ -95.3309359, 29.5991162 ], [ -95.3309327, 29.5991163 ], [ -95.3308206, 29.5991073 ], [ -95.3307081, 29.5991 ], [ -95.3305951, 29.5990945 ], [ -95.330392, 29.5990891 ], [ -95.3303919, 29.5990891 ], [ -95.3303919, 29.599089 ], [ -95.330385, 29.5990889 ], [ -95.3303569, 29.5990864 ], [ -95.3303557, 29.5990863 ], [ -95.33033, 29.5990836 ], [ -95.3303055, 29.5990807 ], [ -95.3303054, 29.5990807 ], [ -95.3303053, 29.5990807 ], [ -95.330303, 29.5990804 ], [ -95.3303012, 29.5990801 ], [ -95.3302762, 29.5990768 ], [ -95.3302494, 29.5990728 ], [ -95.3302228, 29.5990683 ], [ -95.3301962, 29.5990635 ], [ -95.3301961, 29.5990635 ], [ -95.330196, 29.5990635 ], [ -95.3301959, 29.5990635 ], [ -95.3301698, 29.5990583 ], [ -95.3301434, 29.5990526 ], [ -95.3301195, 29.5990471 ], [ -95.3301172, 29.5990466 ], [ -95.3301149, 29.599046 ], [ -95.3300928, 29.5990406 ], [ -95.3300912, 29.5990402 ], [ -95.3300887, 29.5990395 ], [ -95.3300652, 29.5990334 ], [ -95.3300511, 29.5990303 ], [ -95.3300486, 29.5990297 ], [ -95.3300389, 29.5990274 ], [ -95.3300291, 29.5990249 ], [ -95.3300258, 29.599024 ], [ -95.3300231, 29.5990233 ], [ -95.3300195, 29.5990223 ], [ -95.3300101, 29.5990196 ], [ -95.33001, 29.5990195 ], [ -95.3300099, 29.5990195 ], [ -95.3300003, 29.5990166 ], [ -95.3299973, 29.5990156 ], [ -95.3299943, 29.5990146 ], [ -95.3299909, 29.5990135 ], [ -95.3299818, 29.5990104 ], [ -95.3299815, 29.5990103 ], [ -95.3299721, 29.5990069 ], [ -95.3299679, 29.5990053 ], [ -95.3299665, 29.5990048 ], [ -95.3299629, 29.5990034 ], [ -95.3299541, 29.599 ], [ -95.3299537, 29.5989998 ], [ -95.3299446, 29.598996 ], [ -95.3299419, 29.5989948 ], [ -95.329939, 29.5989936 ], [ -95.3299355, 29.5989921 ], [ -95.3299272, 29.5989883 ], [ -95.3299266, 29.598988 ], [ -95.3299177, 29.5989839 ], [ -95.3299154, 29.5989827 ], [ -95.3299122, 29.5989811 ], [ -95.329909, 29.5989795 ], [ -95.329901, 29.5989754 ], [ -95.3299003, 29.5989751 ], [ -95.3298917, 29.5989705 ], [ -95.3298893, 29.5989691 ], [ -95.3298868, 29.5989677 ], [ -95.3298832, 29.5989657 ], [ -95.3298756, 29.5989613 ], [ -95.3298748, 29.5989609 ], [ -95.3298665, 29.5989559 ], [ -95.3298646, 29.5989547 ], [ -95.3298617, 29.5989529 ], [ -95.3298583, 29.5989508 ], [ -95.3298511, 29.5989461 ], [ -95.329851, 29.5989461 ], [ -95.3298503, 29.5989456 ], [ -95.3298423, 29.5989402 ], [ -95.3298393, 29.5989381 ], [ -95.329838, 29.5989372 ], [ -95.3298344, 29.5989347 ], [ -95.3298276, 29.5989298 ], [ -95.3298267, 29.5989291 ], [ -95.3298191, 29.5989234 ], [ -95.3298176, 29.5989223 ], [ -95.3298144, 29.5989198 ], [ -95.3298115, 29.5989176 ], [ -95.3298052, 29.5989125 ], [ -95.3298042, 29.5989116 ], [ -95.3297969, 29.5989056 ], [ -95.3297951, 29.5989041 ], [ -95.3297932, 29.5989024 ], [ -95.3297897, 29.5988994 ], [ -95.3297838, 29.5988941 ], [ -95.3297834, 29.5988938 ], [ -95.3297827, 29.5988931 ], [ -95.3297759, 29.5988867 ], [ -95.3297743, 29.5988853 ], [ -95.3297722, 29.5988833 ], [ -95.3297691, 29.5988803 ], [ -95.3297651, 29.5988763 ], [ -95.3297625, 29.5988737 ], [ -95.329756, 29.598867 ], [ -95.329755, 29.5988658 ], [ -95.3297526, 29.5988633 ], [ -95.3297497, 29.5988602 ], [ -95.3297446, 29.5988545 ], [ -95.3297443, 29.5988542 ], [ -95.3297435, 29.5988533 ], [ -95.3297374, 29.5988463 ], [ -95.3297364, 29.598845 ], [ -95.3297343, 29.5988426 ], [ -95.3297315, 29.5988392 ], [ -95.3297268, 29.5988334 ], [ -95.3297257, 29.598832 ], [ -95.3297201, 29.5988248 ], [ -95.3297179, 29.5988231 ], [ -95.3296759, 29.5987913 ], [ -95.3296311, 29.5987585 ], [ -95.3295856, 29.5987264 ], [ -95.3295394, 29.598695 ], [ -95.3294926, 29.5986644 ], [ -95.3294452, 29.5986344 ], [ -95.3293971, 29.5986052 ], [ -95.3293136, 29.598557 ], [ -95.3292265, 29.5985013 ], [ -95.3291382, 29.598447 ], [ -95.3290038, 29.5983682 ], [ -95.3290015, 29.5983668 ], [ -95.3287919, 29.5982797 ], [ -95.3285858, 29.5981914 ], [ -95.3285779, 29.5981891 ], [ -95.3285574, 29.5981831 ], [ -95.3285289, 29.5981753 ], [ -95.3285002, 29.5981679 ], [ -95.3284714, 29.5981609 ], [ -95.3284425, 29.5981544 ], [ -95.3284134, 29.5981483 ], [ -95.3283842, 29.5981427 ], [ -95.3283549, 29.5981375 ], [ -95.3283256, 29.5981328 ], [ -95.3282997, 29.5981291 ], [ -95.3282961, 29.5981285 ], [ -95.3282868, 29.5981273 ], [ -95.3282665, 29.5981247 ], [ -95.3282369, 29.5981213 ], [ -95.3282072, 29.5981184 ], [ -95.3281775, 29.5981159 ], [ -95.3281346, 29.5981131 ], [ -95.3269805, 29.5980009 ], [ -95.3267698, 29.5979723 ], [ -95.3267554, 29.5979718 ], [ -95.326711, 29.5979702 ], [ -95.3267109, 29.5979702 ], [ -95.3267079, 29.5979701 ], [ -95.326646, 29.5979688 ], [ -95.3265841, 29.5979684 ], [ -95.3265223, 29.597969 ], [ -95.3264604, 29.5979705 ], [ -95.3263985, 29.597973 ], [ -95.3263369, 29.5979764 ], [ -95.3263368, 29.5979764 ], [ -95.3263353, 29.5979765 ], [ -95.3262756, 29.5979808 ], [ -95.3262751, 29.5979808 ], [ -95.3262739, 29.5979809 ], [ -95.3262135, 29.5979861 ], [ -95.3262125, 29.5979862 ], [ -95.326152, 29.5979923 ], [ -95.3261513, 29.5979924 ], [ -95.3260907, 29.5979995 ], [ -95.3260902, 29.5979996 ], [ -95.326006, 29.598011 ], [ -95.3259647, 29.5980173 ], [ -95.3259231, 29.598024 ], [ -95.3256289, 29.598076 ], [ -95.3255454, 29.5980795 ], [ -95.325541, 29.5980797 ], [ -95.325409, 29.5980611 ], [ -95.3253294, 29.5980352 ], [ -95.325246, 29.5979965 ], [ -95.3249899, 29.5979056 ], [ -95.3244421, 29.5977117 ], [ -95.3244016, 29.5976991 ], [ -95.3243608, 29.5976871 ], [ -95.3243199, 29.5976758 ], [ -95.3242787, 29.597665 ], [ -95.3242373, 29.5976549 ], [ -95.3241957, 29.5976454 ], [ -95.3241948, 29.5976452 ], [ -95.3241539, 29.5976365 ], [ -95.3241119, 29.5976283 ], [ -95.3240698, 29.5976208 ], [ -95.3240276, 29.5976138 ], [ -95.3239861, 29.5976077 ], [ -95.3239852, 29.5976075 ], [ -95.3239839, 29.5976074 ], [ -95.3239427, 29.5976019 ], [ -95.323941, 29.5976017 ], [ -95.3239001, 29.5975969 ], [ -95.3238574, 29.5975926 ], [ -95.3238146, 29.5975889 ], [ -95.3237718, 29.5975858 ], [ -95.3237107, 29.5975826 ], [ -95.3236994, 29.5975812 ], [ -95.3236933, 29.5975802 ], [ -95.3236871, 29.5975792 ], [ -95.323681, 29.5975781 ], [ -95.3236749, 29.5975769 ], [ -95.3236688, 29.5975756 ], [ -95.3236628, 29.5975742 ], [ -95.3236568, 29.5975727 ], [ -95.3236508, 29.5975711 ], [ -95.3236449, 29.5975694 ], [ -95.3236389, 29.5975677 ], [ -95.3236331, 29.5975658 ], [ -95.3236272, 29.5975639 ], [ -95.3236214, 29.5975619 ], [ -95.3236157, 29.5975598 ], [ -95.3236099, 29.5975575 ], [ -95.3236043, 29.5975553 ], [ -95.3235986, 29.5975529 ], [ -95.3235931, 29.5975504 ], [ -95.3235875, 29.5975479 ], [ -95.323582, 29.5975452 ], [ -95.3235766, 29.5975425 ], [ -95.3235713, 29.5975397 ], [ -95.3235659, 29.5975368 ], [ -95.3235607, 29.5975339 ], [ -95.3235555, 29.5975308 ], [ -95.3235504, 29.5975277 ], [ -95.3235453, 29.5975245 ], [ -95.3235403, 29.5975213 ], [ -95.3235353, 29.5975179 ], [ -95.3235305, 29.5975145 ], [ -95.3235257, 29.597511 ], [ -95.3235209, 29.5975074 ], [ -95.3235163, 29.5975038 ], [ -95.3235117, 29.5975001 ], [ -95.3235072, 29.5974963 ], [ -95.3235027, 29.5974925 ], [ -95.3234984, 29.5974886 ], [ -95.3234941, 29.5974846 ], [ -95.3234899, 29.5974805 ], [ -95.3234858, 29.5974764 ], [ -95.3234817, 29.5974723 ], [ -95.3234778, 29.597468 ], [ -95.3234739, 29.5974637 ], [ -95.3234701, 29.5974594 ], [ -95.3234664, 29.597455 ], [ -95.3234628, 29.5974505 ], [ -95.3234593, 29.597446 ], [ -95.3234559, 29.5974414 ], [ -95.3234526, 29.5974368 ], [ -95.3234493, 29.5974322 ], [ -95.3234462, 29.5974274 ], [ -95.3234431, 29.5974227 ], [ -95.3234402, 29.5974179 ], [ -95.3234373, 29.597413 ], [ -95.3234345, 29.5974081 ], [ -95.3234319, 29.5974032 ], [ -95.3234293, 29.5973982 ], [ -95.3234229, 29.5973837 ], [ -95.3234229, 29.5973836 ], [ -95.3234228, 29.5973835 ], [ -95.3234163, 29.5973693 ], [ -95.3234093, 29.597355 ], [ -95.3234081, 29.5973527 ], [ -95.3234033, 29.5973433 ], [ -95.3234021, 29.5973408 ], [ -95.3234009, 29.5973386 ], [ -95.3233964, 29.5973302 ], [ -95.3233946, 29.5973267 ], [ -95.3233937, 29.5973251 ], [ -95.3233868, 29.5973127 ], [ -95.3233861, 29.5973116 ], [ -95.3233793, 29.5972999 ], [ -95.3233787, 29.5972989 ], [ -95.3233767, 29.5972955 ], [ -95.3233713, 29.5972867 ], [ -95.3233703, 29.5972851 ], [ -95.3233682, 29.5972817 ], [ -95.3233633, 29.597274 ], [ -95.3233617, 29.5972715 ], [ -95.3233598, 29.5972687 ], [ -95.3233549, 29.5972611 ], [ -95.3233528, 29.5972581 ], [ -95.3233518, 29.5972565 ], [ -95.3233437, 29.5972448 ], [ -95.3233344, 29.5972317 ], [ -95.3233343, 29.5972316 ], [ -95.3233337, 29.5972309 ], [ -95.3233246, 29.5972185 ], [ -95.3233164, 29.597208 ], [ -95.3233146, 29.5972056 ], [ -95.3233121, 29.5972025 ], [ -95.3233065, 29.5971956 ], [ -95.3233044, 29.5971929 ], [ -95.3233028, 29.5971909 ], [ -95.3232966, 29.5971835 ], [ -95.323294, 29.5971803 ], [ -95.3232928, 29.597179 ], [ -95.3232833, 29.5971679 ], [ -95.3232827, 29.5971672 ], [ -95.3232723, 29.5971557 ], [ -95.3232611, 29.5971436 ], [ -95.3232447, 29.5971266 ], [ -95.3232123, 29.5971056 ], [ -95.3232111, 29.5971049 ], [ -95.3231795, 29.5970852 ], [ -95.3231464, 29.5970652 ], [ -95.323082, 29.5970286 ], [ -95.3230811, 29.5970281 ], [ -95.3230706, 29.597022 ], [ -95.323059, 29.5970155 ], [ -95.3230473, 29.5970092 ], [ -95.3230355, 29.5970031 ], [ -95.3230151, 29.5969931 ], [ -95.3230139, 29.5969917 ], [ -95.3230126, 29.5969903 ], [ -95.3230113, 29.5969889 ], [ -95.32301, 29.5969876 ], [ -95.3230087, 29.5969862 ], [ -95.3230073, 29.5969849 ], [ -95.3230059, 29.5969836 ], [ -95.3230045, 29.5969824 ], [ -95.3230031, 29.5969811 ], [ -95.3230016, 29.5969799 ], [ -95.3230001, 29.5969787 ], [ -95.3229986, 29.5969775 ], [ -95.3229971, 29.5969763 ], [ -95.3229955, 29.5969752 ], [ -95.322994, 29.5969741 ], [ -95.3229924, 29.596973 ], [ -95.3229908, 29.596972 ], [ -95.3229891, 29.5969709 ], [ -95.3229874, 29.5969699 ], [ -95.3229858, 29.5969689 ], [ -95.3229841, 29.596968 ], [ -95.3229823, 29.596967 ], [ -95.3229806, 29.5969661 ], [ -95.3229788, 29.5969653 ], [ -95.3229771, 29.5969644 ], [ -95.3229753, 29.5969636 ], [ -95.3229735, 29.5969628 ], [ -95.3229717, 29.596962 ], [ -95.3229716, 29.596962 ], [ -95.3229698, 29.5969613 ], [ -95.322968, 29.5969606 ], [ -95.3229661, 29.5969599 ], [ -95.3229642, 29.5969592 ], [ -95.3229623, 29.5969586 ], [ -95.3229604, 29.596958 ], [ -95.3229586, 29.5969574 ], [ -95.3229585, 29.5969574 ], [ -95.3229566, 29.5969569 ], [ -95.3229546, 29.5969564 ], [ -95.3229527, 29.5969559 ], [ -95.3229507, 29.5969554 ], [ -95.3229488, 29.596955 ], [ -95.3229468, 29.5969546 ], [ -95.3229449, 29.5969543 ], [ -95.3229448, 29.5969543 ], [ -95.3229428, 29.5969539 ], [ -95.3229408, 29.5969536 ], [ -95.3229388, 29.5969534 ], [ -95.3229368, 29.5969531 ], [ -95.3229348, 29.5969529 ], [ -95.3229309, 29.5969526 ], [ -95.3228865, 29.59693 ], [ -95.3228417, 29.5969081 ], [ -95.3227973, 29.5968873 ], [ -95.3227964, 29.5968869 ], [ -95.3227125, 29.5968498 ], [ -95.3226904, 29.59684 ], [ -95.3226681, 29.5968305 ], [ -95.3226456, 29.5968213 ], [ -95.3226448, 29.596821 ], [ -95.3226252, 29.5968133 ], [ -95.322623, 29.5968125 ], [ -95.3226208, 29.5968117 ], [ -95.3226016, 29.5968045 ], [ -95.3226001, 29.596804 ], [ -95.3225771, 29.5967958 ], [ -95.3225556, 29.5967886 ], [ -95.322554, 29.5967881 ], [ -95.3225508, 29.5967871 ], [ -95.3225307, 29.5967806 ], [ -95.3225283, 29.5967799 ], [ -95.3225094, 29.5967742 ], [ -95.3225072, 29.5967735 ], [ -95.3225045, 29.5967728 ], [ -95.3224836, 29.5967668 ], [ -95.3224821, 29.5967664 ], [ -95.3224632, 29.5967614 ], [ -95.3224599, 29.5967605 ], [ -95.3224573, 29.5967598 ], [ -95.322436, 29.5967545 ], [ -95.3224152, 29.5967496 ], [ -95.3224121, 29.5967488 ], [ -95.3224107, 29.5967485 ], [ -95.3223888, 29.5967438 ], [ -95.3223869, 29.5967433 ], [ -95.3223835, 29.5967427 ], [ -95.3223755, 29.596741 ], [ -95.3223727, 29.5967405 ], [ -95.3223679, 29.5967396 ], [ -95.3223607, 29.5967382 ], [ -95.3223585, 29.5967378 ], [ -95.3223537, 29.596737 ], [ -95.3223458, 29.5967356 ], [ -95.3223442, 29.5967353 ], [ -95.3223398, 29.5967346 ], [ -95.3223317, 29.5967334 ], [ -95.3223299, 29.5967331 ], [ -95.322324, 29.5967323 ], [ -95.3223155, 29.5967311 ], [ -95.3223023, 29.5967294 ], [ -95.3223011, 29.5967293 ], [ -95.3222885, 29.5967279 ], [ -95.3222866, 29.5967277 ], [ -95.3222734, 29.5967264 ], [ -95.3222722, 29.5967263 ], [ -95.3222584, 29.5967252 ], [ -95.3222577, 29.5967252 ], [ -95.3222433, 29.5967242 ], [ -95.3222432, 29.5967242 ], [ -95.3222286, 29.5967235 ], [ -95.3222281, 29.5967235 ], [ -95.3222185, 29.5967232 ], [ -95.3222141, 29.5967231 ], [ -95.3222089, 29.596723 ], [ -95.3222039, 29.5967229 ], [ -95.3221995, 29.5967228 ], [ -95.3221952, 29.5967228 ], [ -95.3221881, 29.5967228 ], [ -95.322185, 29.5967228 ], [ -95.3221811, 29.5967228 ], [ -95.3221737, 29.5967229 ], [ -95.3221705, 29.596723 ], [ -95.3221655, 29.5967231 ], [ -95.3221591, 29.5967233 ], [ -95.3221559, 29.5967234 ], [ -95.3221509, 29.5967236 ], [ -95.322144, 29.5967239 ], [ -95.3221414, 29.596724 ], [ -95.3221389, 29.5967241 ], [ -95.3221157, 29.5967257 ], [ -95.3221131, 29.5967258 ], [ -95.3221126, 29.5967261 ], [ -95.3217212, 29.5969557 ], [ -95.3216299, 29.59701 ], [ -95.3213274, 29.5971901 ], [ -95.3213273, 29.5971902 ], [ -95.3213272, 29.5971902 ], [ -95.3213263, 29.5971908 ], [ -95.3213017, 29.5972041 ], [ -95.3213, 29.597205 ], [ -95.3212763, 29.5972178 ], [ -95.3212737, 29.5972192 ], [ -95.3210294, 29.5973577 ], [ -95.3210269, 29.5973592 ], [ -95.3207819, 29.5975017 ], [ -95.3199812, 29.5980557 ], [ -95.3199607, 29.598073 ], [ -95.3199592, 29.5980742 ], [ -95.3199579, 29.5980752 ], [ -95.319947, 29.5980839 ], [ -95.3199347, 29.5980934 ], [ -95.3199222, 29.5981027 ], [ -95.3199094, 29.5981118 ], [ -95.3198965, 29.5981207 ], [ -95.3198834, 29.5981294 ], [ -95.3198702, 29.5981379 ], [ -95.3198568, 29.5981462 ], [ -95.3198432, 29.5981543 ], [ -95.3198294, 29.5981622 ], [ -95.3198155, 29.5981699 ], [ -95.3198014, 29.5981774 ], [ -95.3197872, 29.5981846 ], [ -95.3197729, 29.5981916 ], [ -95.3197584, 29.5981985 ], [ -95.3197437, 29.598205 ], [ -95.319729, 29.5982114 ], [ -95.3197141, 29.5982175 ], [ -95.319699, 29.5982234 ], [ -95.3196839, 29.5982291 ], [ -95.3196687, 29.5982346 ], [ -95.3196529, 29.5982383 ], [ -95.3196513, 29.5982386 ], [ -95.3196472, 29.5982397 ], [ -95.3196362, 29.5982424 ], [ -95.3196341, 29.598243 ], [ -95.3196312, 29.5982438 ], [ -95.3196196, 29.5982469 ], [ -95.319617, 29.5982476 ], [ -95.3196148, 29.5982482 ], [ -95.3196036, 29.5982514 ], [ -95.3196, 29.5982524 ], [ -95.3195983, 29.5982529 ], [ -95.319583, 29.5982575 ], [ -95.3195814, 29.5982581 ], [ -95.3195669, 29.5982627 ], [ -95.3195662, 29.5982629 ], [ -95.3195495, 29.5982686 ], [ -95.3195348, 29.5982738 ], [ -95.3195329, 29.5982744 ], [ -95.3195301, 29.5982755 ], [ -95.3195192, 29.5982796 ], [ -95.3195164, 29.5982806 ], [ -95.3195142, 29.5982815 ], [ -95.3195001, 29.598287 ], [ -95.3194839, 29.5982936 ], [ -95.3194822, 29.5982943 ], [ -95.3194657, 29.5983014 ], [ -95.3194581, 29.5983046 ], [ -95.3194548, 29.598306 ], [ -95.319454, 29.5983063 ], [ -95.3194445, 29.5983102 ], [ -95.3194423, 29.598311 ], [ -95.3194388, 29.5983123 ], [ -95.3194349, 29.5983138 ], [ -95.3194292, 29.5983159 ], [ -95.3194271, 29.5983167 ], [ -95.3194252, 29.5983173 ], [ -95.3194155, 29.5983207 ], [ -95.3194138, 29.5983213 ], [ -95.319413, 29.5983216 ], [ -95.3194056, 29.598324 ], [ -95.3194011, 29.5983254 ], [ -95.3193972, 29.5983266 ], [ -95.3193958, 29.598327 ], [ -95.3193858, 29.59833 ], [ -95.3193844, 29.5983304 ], [ -95.3193758, 29.5983327 ], [ -95.3193718, 29.5983338 ], [ -95.3193683, 29.5983347 ], [ -95.3193658, 29.5983353 ], [ -95.3193557, 29.5983378 ], [ -95.3193553, 29.5983379 ], [ -95.3193455, 29.5983401 ], [ -95.3193424, 29.5983408 ], [ -95.3193383, 29.5983416 ], [ -95.3193353, 29.5983423 ], [ -95.3193266, 29.598344 ], [ -95.3193258, 29.5983441 ], [ -95.319325, 29.5983443 ], [ -95.3193148, 29.5983461 ], [ -95.3193121, 29.5983466 ], [ -95.3193092, 29.598347 ], [ -95.3193044, 29.5983478 ], [ -95.3192974, 29.5983488 ], [ -95.319296, 29.598349 ], [ -95.3192941, 29.5983493 ], [ -95.3192837, 29.5983507 ], [ -95.319282, 29.5983509 ], [ -95.3192787, 29.5983513 ], [ -95.3192733, 29.5983519 ], [ -95.3192683, 29.5983524 ], [ -95.3192643, 29.5983528 ], [ -95.3192628, 29.598353 ], [ -95.3192524, 29.5983539 ], [ -95.3192512, 29.5983539 ], [ -95.3192508, 29.598354 ], [ -95.3192419, 29.5983546 ], [ -95.3192374, 29.5983548 ], [ -95.3192343, 29.598355 ], [ -95.3192314, 29.5983552 ], [ -95.3192209, 29.5983556 ], [ -95.3192204, 29.5983556 ], [ -95.3192104, 29.5983558 ], [ -95.3192073, 29.5983558 ], [ -95.3192031, 29.5983559 ], [ -95.3191999, 29.5983559 ], [ -95.3191907, 29.5983558 ], [ -95.31919, 29.5983558 ], [ -95.3191893, 29.5983558 ], [ -95.3191833, 29.5983557 ], [ -95.3191788, 29.5983556 ], [ -95.3191763, 29.5983555 ], [ -95.3191727, 29.5983554 ], [ -95.3191683, 29.5983552 ], [ -95.3191596, 29.5983548 ], [ -95.3191578, 29.5983547 ], [ -95.3191473, 29.598354 ], [ -95.3191445, 29.5983537 ], [ -95.3191425, 29.5983536 ], [ -95.3191368, 29.5983531 ], [ -95.3191319, 29.5983526 ], [ -95.319128, 29.5983522 ], [ -95.3191264, 29.5983521 ], [ -95.3191159, 29.5983509 ], [ -95.3191142, 29.5983507 ], [ -95.3191127, 29.5983505 ], [ -95.3191055, 29.5983495 ], [ -95.3191013, 29.5983489 ], [ -95.3190976, 29.5983484 ], [ -95.3190951, 29.598348 ], [ -95.3190847, 29.5983464 ], [ -95.3190842, 29.5983463 ], [ -95.3190828, 29.598346 ], [ -95.3190744, 29.5983445 ], [ -95.3190715, 29.598344 ], [ -95.3190672, 29.5983431 ], [ -95.3190641, 29.5983426 ], [ -95.3190544, 29.5983405 ], [ -95.3190539, 29.5983404 ], [ -95.3190437, 29.5983381 ], [ -95.3190416, 29.5983376 ], [ -95.3190372, 29.5983366 ], [ -95.3190335, 29.5983357 ], [ -95.319025, 29.5983335 ], [ -95.3190244, 29.5983334 ], [ -95.3190234, 29.5983331 ], [ -95.3190133, 29.5983304 ], [ -95.3190105, 29.5983295 ], [ -95.3190087, 29.598329 ], [ -95.3190033, 29.5983274 ], [ -95.3189982, 29.5983259 ], [ -95.3189951, 29.5983249 ], [ -95.3189934, 29.5983244 ], [ -95.3189835, 29.5983212 ], [ -95.3189818, 29.5983206 ], [ -95.3189803, 29.5983201 ], [ -95.3189736, 29.5983178 ], [ -95.3189676, 29.5983157 ], [ -95.3189666, 29.5983153 ], [ -95.3189639, 29.5983143 ], [ -95.3189542, 29.5983107 ], [ -95.3189536, 29.5983104 ], [ -95.3189517, 29.5983097 ], [ -95.3189446, 29.5983069 ], [ -95.3189412, 29.5983055 ], [ -95.3189379, 29.5983041 ], [ -95.318935, 29.5983029 ], [ -95.318926, 29.598299 ], [ -95.3189256, 29.5982989 ], [ -95.3189162, 29.5982946 ], [ -95.3189138, 29.5982935 ], [ -95.3189105, 29.5982919 ], [ -95.3189069, 29.5982902 ], [ -95.3188991, 29.5982864 ], [ -95.3188977, 29.5982857 ], [ -95.3188886, 29.5982811 ], [ -95.3188859, 29.59828 ], [ -95.3188588, 29.5982695 ], [ -95.3188484, 29.5982655 ], [ -95.318812, 29.5982507 ], [ -95.3187759, 29.5982353 ], [ -95.3187653, 29.5982306 ], [ -95.3187402, 29.5982194 ], [ -95.3187047, 29.598203 ], [ -95.3186696, 29.598186 ], [ -95.3186348, 29.5981685 ], [ -95.3186004, 29.5981504 ], [ -95.3185868, 29.5981393 ], [ -95.318573, 29.5981284 ], [ -95.3185589, 29.5981177 ], [ -95.3185447, 29.5981072 ], [ -95.3185302, 29.5980969 ], [ -95.3185156, 29.5980869 ], [ -95.3185007, 29.598077 ], [ -95.3184857, 29.5980674 ], [ -95.3184705, 29.5980581 ], [ -95.3184551, 29.5980489 ], [ -95.3184395, 29.59804 ], [ -95.3184237, 29.5980313 ], [ -95.3184078, 29.5980229 ], [ -95.3183917, 29.5980147 ], [ -95.3183754, 29.5980068 ], [ -95.318359, 29.5979991 ], [ -95.3183425, 29.5979916 ], [ -95.3183258, 29.5979845 ], [ -95.3183089, 29.5979775 ], [ -95.318292, 29.5979708 ], [ -95.3182749, 29.5979644 ], [ -95.3182577, 29.5979582 ], [ -95.3182403, 29.5979523 ], [ -95.3182229, 29.5979467 ], [ -95.3182053, 29.5979413 ], [ -95.3181987, 29.5979395 ], [ -95.3181844, 29.5979353 ], [ -95.3181709, 29.5979306 ], [ -95.3181574, 29.5979261 ], [ -95.3181438, 29.5979218 ], [ -95.31813, 29.5979177 ], [ -95.3181162, 29.5979138 ], [ -95.3181024, 29.5979101 ], [ -95.3180884, 29.5979066 ], [ -95.3180744, 29.5979034 ], [ -95.3180604, 29.5979003 ], [ -95.3180462, 29.5978975 ], [ -95.3180321, 29.5978949 ], [ -95.3180179, 29.5978925 ], [ -95.3180036, 29.5978903 ], [ -95.3179893, 29.5978883 ], [ -95.317975, 29.5978866 ], [ -95.3179606, 29.597885 ], [ -95.3179462, 29.5978837 ], [ -95.3179347, 29.5978829 ], [ -95.3179301, 29.5978825 ], [ -95.3179244, 29.5978835 ], [ -95.3175416, 29.5979507 ], [ -95.3175122, 29.5979558 ], [ -95.3174379, 29.5979735 ], [ -95.3171983, 29.5980306 ], [ -95.316315, 29.5982412 ], [ -95.3163129, 29.5982417 ], [ -95.3147858, 29.5980197 ], [ -95.3146947, 29.5980065 ], [ -95.3121903, 29.596372 ], [ -95.311236, 29.5958507 ], [ -95.3097487, 29.5950361 ], [ -95.3086523, 29.5949152 ], [ -95.308648, 29.5949147 ], [ -95.3057472, 29.5952375 ], [ -95.3057468, 29.5952376 ], [ -95.3039551, 29.5951714 ], [ -95.3039484, 29.5951712 ], [ -95.302061, 29.5955037 ], [ -95.3013154, 29.5958008 ], [ -95.300324, 29.5961213 ], [ -95.3000586, 29.5959909 ], [ -95.3000355, 29.5959917 ], [ -95.3000126, 29.5959941 ], [ -95.2999899, 29.5959981 ], [ -95.2999677, 29.5960035 ], [ -95.299946, 29.5960104 ], [ -95.2999249, 29.5960188 ], [ -95.2997195, 29.5961146 ], [ -95.2991913, 29.596856 ], [ -95.2985994, 29.5970356 ], [ -95.2985953, 29.5970368 ], [ -95.2975472, 29.5965165 ], [ -95.2975463, 29.5965161 ], [ -95.2972978, 29.5965263 ], [ -95.2972405, 29.596534 ], [ -95.2971833, 29.5965426 ], [ -95.2971263, 29.596552 ], [ -95.2970695, 29.5965624 ], [ -95.2970023, 29.5965758 ], [ -95.2969995, 29.5965892 ], [ -95.2968724, 29.5966335 ], [ -95.2968685, 29.5966349 ], [ -95.296726, 29.5965618 ], [ -95.2964567, 29.5963858 ], [ -95.2962033, 29.5962009 ], [ -95.2960694, 29.5961724 ], [ -95.2960661, 29.5961717 ], [ -95.2958652, 29.5961986 ], [ -95.2954748, 29.59635 ], [ -95.2953436, 29.5963906 ], [ -95.2952266, 29.5964267 ], [ -95.2952249, 29.5964273 ], [ -95.2950879, 29.596461 ], [ -95.2950795, 29.5964631 ], [ -95.2949627, 29.5964914 ], [ -95.2949354, 29.596498 ], [ -95.2949225, 29.5965041 ], [ -95.294851, 29.5965379 ], [ -95.2948043, 29.5965587 ], [ -95.2947572, 29.5965788 ], [ -95.2947375, 29.5965868 ], [ -95.2947098, 29.5965982 ], [ -95.2946619, 29.5966169 ], [ -95.2946137, 29.5966348 ], [ -95.2946135, 29.5966349 ], [ -95.2946134, 29.5966349 ], [ -95.2946122, 29.5966351 ], [ -95.29461, 29.5966355 ], [ -95.2946095, 29.5966356 ], [ -95.2946084, 29.5966358 ], [ -95.2946071, 29.596636 ], [ -95.2946052, 29.5966364 ], [ -95.2946031, 29.5966367 ], [ -95.2946016, 29.596637 ], [ -95.2946007, 29.5966372 ], [ -95.294599, 29.5966375 ], [ -95.2945988, 29.5966375 ], [ -95.2945987, 29.5966375 ], [ -95.2945972, 29.5966378 ], [ -95.2945965, 29.5966379 ], [ -95.2945963, 29.5966379 ], [ -95.2945962, 29.5966379 ], [ -95.2945962, 29.596638 ], [ -95.2945961, 29.596638 ], [ -95.294596, 29.596638 ], [ -95.2945132, 29.5966489 ], [ -95.2944296, 29.5966536 ], [ -95.2943458, 29.5966522 ], [ -95.2942625, 29.5966445 ], [ -95.2941802, 29.5966308 ], [ -95.2940996, 29.596611 ], [ -95.2940211, 29.5965853 ], [ -95.2940155, 29.5965821 ], [ -95.2940099, 29.5965791 ], [ -95.2940042, 29.596576 ], [ -95.2939984, 29.5965731 ], [ -95.2939926, 29.5965703 ], [ -95.2939867, 29.5965676 ], [ -95.2939808, 29.5965649 ], [ -95.2939748, 29.5965623 ], [ -95.2939688, 29.5965598 ], [ -95.2939627, 29.5965575 ], [ -95.2939565, 29.5965552 ], [ -95.2939503, 29.596553 ], [ -95.2939441, 29.5965509 ], [ -95.2939378, 29.5965488 ], [ -95.2939315, 29.5965469 ], [ -95.2939252, 29.5965451 ], [ -95.2939188, 29.5965434 ], [ -95.2939123, 29.5965417 ], [ -95.2939059, 29.5965402 ], [ -95.2938994, 29.5965388 ], [ -95.2938928, 29.5965374 ], [ -95.2938863, 29.5965362 ], [ -95.2938797, 29.596535 ], [ -95.2938731, 29.596534 ], [ -95.2938665, 29.596533 ], [ -95.2938599, 29.5965322 ], [ -95.2938532, 29.5965315 ], [ -95.2938465, 29.5965308 ], [ -95.2938398, 29.5965303 ], [ -95.2938331, 29.5965298 ], [ -95.2938264, 29.5965295 ], [ -95.2938197, 29.5965292 ], [ -95.293813, 29.5965291 ], [ -95.2938063, 29.596529 ], [ -95.2937995, 29.5965291 ], [ -95.2937928, 29.5965292 ], [ -95.2937861, 29.5965295 ], [ -95.2937794, 29.5965298 ], [ -95.2937727, 29.5965303 ], [ -95.293766, 29.5965309 ], [ -95.2937593, 29.5965315 ], [ -95.2937526, 29.5965323 ], [ -95.2937459, 29.5965331 ], [ -95.2937393, 29.5965341 ], [ -95.2937327, 29.5965351 ], [ -95.2937261, 29.5965363 ], [ -95.2937195, 29.5965375 ], [ -95.293713, 29.5965389 ], [ -95.2937064, 29.5965403 ], [ -95.2936999, 29.5965419 ], [ -95.2936935, 29.5965435 ], [ -95.293687, 29.5965452 ], [ -95.2936806, 29.5965471 ], [ -95.2936743, 29.596549 ], [ -95.2936679, 29.596551 ], [ -95.2936617, 29.5965531 ], [ -95.2936554, 29.5965553 ], [ -95.2936492, 29.5965576 ], [ -95.2936431, 29.59656 ], [ -95.293637, 29.5965625 ], [ -95.293631, 29.5965651 ], [ -95.293625, 29.5965678 ], [ -95.293619, 29.5965705 ], [ -95.2936131, 29.5965734 ], [ -95.2936073, 29.5965763 ], [ -95.2936015, 29.5965793 ], [ -95.2935958, 29.5965824 ], [ -95.2935902, 29.5965856 ], [ -95.2935846, 29.5965888 ], [ -95.2935791, 29.5965922 ], [ -95.2935737, 29.5965956 ], [ -95.2935683, 29.5965991 ], [ -95.293563, 29.5966027 ], [ -95.2935578, 29.5966064 ], [ -95.2935526, 29.5966101 ], [ -95.2935475, 29.596614 ], [ -95.2935425, 29.5966178 ], [ -95.2935376, 29.5966218 ], [ -95.2935328, 29.5966258 ], [ -95.293528, 29.59663 ], [ -95.2935233, 29.5966342 ], [ -95.2935187, 29.5966384 ], [ -95.2935142, 29.5966427 ], [ -95.2935098, 29.5966471 ], [ -95.2935055, 29.5966515 ], [ -95.2935013, 29.596656 ], [ -95.2934971, 29.5966606 ], [ -95.2934931, 29.5966653 ], [ -95.2934905, 29.5966683 ], [ -95.2934891, 29.5966699 ], [ -95.2934852, 29.5966747 ], [ -95.2934815, 29.5966795 ], [ -95.2934778, 29.5966844 ], [ -95.2934742, 29.5966893 ], [ -95.2934708, 29.5966942 ], [ -95.2934674, 29.5966993 ], [ -95.2934642, 29.5967043 ], [ -95.293461, 29.5967094 ], [ -95.2934579, 29.5967146 ], [ -95.293455, 29.5967198 ], [ -95.2934521, 29.596725 ], [ -95.2934494, 29.5967303 ], [ -95.2934469, 29.5967354 ], [ -95.2934468, 29.5967355 ], [ -95.2934468, 29.5967356 ], [ -95.2934442, 29.596741 ], [ -95.2934418, 29.5967464 ], [ -95.2934395, 29.5967518 ], [ -95.293437, 29.5967582 ], [ -95.2934066, 29.5968005 ], [ -95.2934038, 29.5968045 ], [ -95.2933715, 29.5968512 ], [ -95.2933402, 29.5968984 ], [ -95.2933098, 29.5969461 ], [ -95.2932805, 29.5969942 ], [ -95.2932521, 29.5970427 ], [ -95.2932156, 29.5971086 ], [ -95.2932103, 29.5971181 ], [ -95.2932052, 29.5971261 ], [ -95.293201, 29.5971322 ], [ -95.2931967, 29.5971383 ], [ -95.2931922, 29.5971443 ], [ -95.2931877, 29.5971503 ], [ -95.293183, 29.5971562 ], [ -95.2931782, 29.597162 ], [ -95.2931733, 29.5971678 ], [ -95.2931683, 29.5971734 ], [ -95.2931631, 29.597179 ], [ -95.2931579, 29.5971846 ], [ -95.2931525, 29.59719 ], [ -95.2931471, 29.5971954 ], [ -95.2931415, 29.5972007 ], [ -95.2931358, 29.5972059 ], [ -95.29313, 29.597211 ], [ -95.2931241, 29.597216 ], [ -95.2931181, 29.597221 ], [ -95.293112, 29.5972258 ], [ -95.2931004, 29.5972416 ], [ -95.2930892, 29.5972575 ], [ -95.2930782, 29.5972736 ], [ -95.2930676, 29.5972899 ], [ -95.2930573, 29.5973063 ], [ -95.2930473, 29.5973228 ], [ -95.2930377, 29.5973395 ], [ -95.2930284, 29.5973564 ], [ -95.2930194, 29.5973733 ], [ -95.2930155, 29.5973812 ], [ -95.2930108, 29.5973904 ], [ -95.292998, 29.5974176 ], [ -95.2929527, 29.5975435 ], [ -95.2928833, 29.5977366 ], [ -95.2928529, 29.597773 ], [ -95.2928181, 29.5978063 ], [ -95.2927794, 29.5978361 ], [ -95.2927372, 29.597862 ], [ -95.2926855, 29.5978865 ], [ -95.2926307, 29.5979053 ], [ -95.2925737, 29.597918 ], [ -95.2925153, 29.5979244 ], [ -95.2924564, 29.5979245 ], [ -95.292297, 29.5977914 ], [ -95.2920537, 29.5977495 ], [ -95.2918011, 29.5977196 ], [ -95.291604, 29.5976968 ], [ -95.2914255, 29.5976537 ], [ -95.2911779, 29.5975673 ], [ -95.291007, 29.5975312 ], [ -95.2908351, 29.5975193 ], [ -95.2906724, 29.5975329 ], [ -95.2905064, 29.5975561 ], [ -95.2903546, 29.5975954 ], [ -95.2901711, 29.5976379 ], [ -95.290036, 29.5976723 ], [ -95.2899541, 29.5976854 ], [ -95.2899142, 29.597703 ], [ -95.2899073, 29.5977061 ], [ -95.2898929, 29.5978462 ], [ -95.2898808, 29.5978504 ], [ -95.2895982, 29.59795 ], [ -95.2889996, 29.5979479 ], [ -95.2887465, 29.5980181 ], [ -95.2880277, 29.5983298 ], [ -95.2876559, 29.5982994 ], [ -95.2868442, 29.597984 ], [ -95.2867771, 29.5979344 ], [ -95.2861865, 29.597833 ], [ -95.2861718, 29.597831 ], [ -95.286167, 29.5978303 ], [ -95.2861603, 29.5978294 ], [ -95.2859309, 29.5977986 ], [ -95.2858101, 29.5978493 ], [ -95.2856564, 29.5979935 ], [ -95.2855276, 29.5981333 ], [ -95.2853612, 29.5981614 ], [ -95.284665, 29.5981824 ], [ -95.2843341, 29.5979574 ], [ -95.2841227, 29.5978249 ], [ -95.2840084, 29.5978107 ], [ -95.2837601, 29.5979657 ], [ -95.2826944, 29.5980299 ], [ -95.2825419, 29.597941 ], [ -95.2822524, 29.5978124 ], [ -95.2820256, 29.5976777 ], [ -95.2817916, 29.5975534 ], [ -95.2814447, 29.5973117 ], [ -95.2813161, 29.5970213 ], [ -95.2810637, 29.5967562 ], [ -95.2807419, 29.5965476 ], [ -95.2804129, 29.5962253 ], [ -95.2803728, 29.5961666 ], [ -95.2802152, 29.5959357 ], [ -95.2797966, 29.5956795 ], [ -95.2795532, 29.5956869 ], [ -95.2793013, 29.5956744 ], [ -95.2788805, 29.5957324 ], [ -95.2786552, 29.5958001 ], [ -95.2784295, 29.5959472 ], [ -95.2782734, 29.596073 ], [ -95.2781928, 29.5961088 ], [ -95.2781482, 29.5961287 ], [ -95.2781517, 29.5964647 ], [ -95.2781517, 29.5964728 ], [ -95.2778586, 29.5965763 ], [ -95.2775452, 29.5966869 ], [ -95.2773253, 29.5966088 ], [ -95.2768502, 29.5964402 ], [ -95.2765468, 29.5958903 ], [ -95.2765246, 29.5956312 ], [ -95.2764674, 29.5954792 ], [ -95.276428, 29.5954194 ], [ -95.276428, 29.5954193 ], [ -95.2764279, 29.5954193 ], [ -95.2764163, 29.5954015 ], [ -95.2764132, 29.5948475 ], [ -95.2764132, 29.5948472 ], [ -95.2757975, 29.5948585 ], [ -95.2754827, 29.5949316 ], [ -95.275212, 29.5951127 ], [ -95.2750604, 29.595161 ], [ -95.2749331, 29.5952007 ], [ -95.2749227, 29.5952039 ], [ -95.2749196, 29.5952049 ], [ -95.2747422, 29.5951514 ], [ -95.2746603, 29.5951273 ], [ -95.2743677, 29.5949915 ], [ -95.2739918, 29.5945179 ], [ -95.273802, 29.5943995 ], [ -95.2736595, 29.5943881 ], [ -95.2736537, 29.5943876 ], [ -95.2735494, 29.5944122 ], [ -95.2734444, 29.5944897 ], [ -95.2733385, 29.5946928 ], [ -95.2732375, 29.5948869 ], [ -95.2732002, 29.5949313 ], [ -95.2731772, 29.5949585 ], [ -95.2728563, 29.5950793 ], [ -95.2728542, 29.5950801 ], [ -95.272575, 29.595025 ], [ -95.2722745, 29.5945628 ], [ -95.2720736, 29.5943569 ], [ -95.2720556, 29.5943508 ], [ -95.2718697, 29.5942882 ], [ -95.2718665, 29.5942871 ], [ -95.2718631, 29.5942859 ], [ -95.27185, 29.594285 ], [ -95.2718376, 29.5942842 ], [ -95.2717638, 29.594279 ], [ -95.2717591, 29.5942786 ], [ -95.2716318, 29.5942697 ], [ -95.2715865, 29.5942665 ], [ -95.2714499, 29.5942814 ], [ -95.2713763, 29.5943085 ], [ -95.271373, 29.5943098 ], [ -95.2712304, 29.5943623 ], [ -95.2711961, 29.5943749 ], [ -95.2710661, 29.5944228 ], [ -95.2707642, 29.5945868 ], [ -95.2707393, 29.5946003 ], [ -95.2707179, 29.594612 ], [ -95.2706954, 29.5946187 ], [ -95.2706372, 29.5946361 ], [ -95.2704327, 29.5946975 ], [ -95.2702131, 29.5947218 ], [ -95.2697661, 29.5946227 ], [ -95.2695824, 29.5945427 ], [ -95.2692535, 29.5942013 ], [ -95.2690335, 29.5940197 ], [ -95.268835, 29.5939066 ], [ -95.2686288, 29.5938564 ], [ -95.2683359, 29.5938459 ], [ -95.267864, 29.5938374 ], [ -95.2675705, 29.5938409 ], [ -95.2674165, 29.5938951 ], [ -95.2672868, 29.5940155 ], [ -95.2672222, 29.5941798 ], [ -95.2671932, 29.5943146 ], [ -95.2671113, 29.594441 ], [ -95.2669252, 29.5945715 ], [ -95.2666745, 29.5946464 ], [ -95.2663701, 29.5946566 ], [ -95.2663093, 29.5946454 ], [ -95.2663023, 29.5946441 ], [ -95.2660417, 29.594596 ], [ -95.265892, 29.594524 ], [ -95.265854, 29.5944868 ], [ -95.2656037, 29.5942422 ], [ -95.2654032, 29.5941103 ], [ -95.264935, 29.5940059 ], [ -95.2644703, 29.5939532 ], [ -95.2642447, 29.5939393 ], [ -95.2642404, 29.593939 ], [ -95.2640505, 29.5938963 ], [ -95.2636856, 29.5938516 ], [ -95.2628244, 29.5936149 ], [ -95.2626469, 29.5935581 ], [ -95.2620093, 29.59332 ], [ -95.2615343, 29.5930223 ], [ -95.2611053, 29.5922583 ], [ -95.2608882, 29.59174 ], [ -95.2609148, 29.5914827 ], [ -95.2610564, 29.591042 ], [ -95.2610634, 29.5908236 ], [ -95.2610538, 29.5907525 ], [ -95.2609763, 29.5906216 ], [ -95.260866, 29.590511 ], [ -95.2607087, 29.5904173 ], [ -95.2605892, 29.5903461 ], [ -95.2604482, 29.5902461 ], [ -95.2604067, 29.5901762 ], [ -95.2603747, 29.5900579 ], [ -95.254173, 29.5849633 ], [ -95.2530541, 29.5860095 ], [ -95.2516483, 29.5873226 ], [ -95.2474378, 29.5911696 ], [ -95.2447117, 29.5936401 ], [ -95.2463996, 29.5950037 ], [ -95.2465954, 29.59515 ], [ -95.2493728, 29.5974047 ], [ -95.2480953, 29.5985815 ], [ -95.2491439, 29.5994051 ], [ -95.2462896, 29.6019884 ], [ -95.2453548, 29.601252 ], [ -95.244177, 29.6001968 ], [ -95.2436758, 29.599762 ], [ -95.2400927, 29.5998364 ], [ -95.2378742, 29.5998725 ], [ -95.2373967, 29.6002977 ], [ -95.2353767, 29.6021425 ], [ -95.2349349, 29.6025648 ], [ -95.2332558, 29.6011698 ], [ -95.23226, 29.6003827 ], [ -95.2317683, 29.5999814 ], [ -95.2293374, 29.59797 ], [ -95.2286942, 29.5985703 ], [ -95.2282967, 29.5988703 ], [ -95.227016, 29.600061 ], [ -95.2250556, 29.6000885 ], [ -95.2241402, 29.5993544 ], [ -95.2233803, 29.5987115 ], [ -95.2243268, 29.5978161 ], [ -95.2266344, 29.595676 ], [ -95.2276762, 29.596574 ], [ -95.2278632, 29.5964166 ], [ -95.2279529, 29.596367 ], [ -95.2288596, 29.5955443 ], [ -95.2318925, 29.5927543 ], [ -95.2323911, 29.5923158 ], [ -95.2333326, 29.5914355 ], [ -95.2349248, 29.5899858 ], [ -95.2341395, 29.5893315 ], [ -95.2325545, 29.5880443 ], [ -95.2324258, 29.5879271 ], [ -95.2306742, 29.5864874 ], [ -95.2303264, 29.586196 ], [ -95.2301273, 29.5860156 ], [ -95.2299366, 29.5858609 ], [ -95.2297747, 29.5857457 ], [ -95.2293466, 29.5853604 ], [ -95.2291816, 29.5852525 ], [ -95.22872, 29.5848789 ], [ -95.2257472, 29.5824238 ], [ -95.2254401, 29.5821545 ], [ -95.2233649, 29.584044 ], [ -95.2245804, 29.5850547 ], [ -95.2195816, 29.589615 ], [ -95.219129, 29.5898299 ], [ -95.2161348, 29.5925794 ], [ -95.2161415, 29.5926867 ], [ -95.2162792, 29.5928062 ], [ -95.2137902, 29.595119 ], [ -95.2137228, 29.595061 ], [ -95.2133696, 29.5947792 ], [ -95.2116409, 29.5963641 ], [ -95.2106015, 29.5973039 ], [ -95.2094132, 29.5970376 ], [ -95.2086095, 29.5967849 ], [ -95.2079973, 29.596537 ], [ -95.207928, 29.5965943 ], [ -95.2065229, 29.5979323 ], [ -95.2058062, 29.5985578 ], [ -95.2076364, 29.6000623 ], [ -95.2073222, 29.6003868 ], [ -95.2027649, 29.6004776 ], [ -95.2011925, 29.6016757 ], [ -95.2008514, 29.6014268 ], [ -95.2003448, 29.6009632 ], [ -95.2001844, 29.6007943 ], [ -95.2001226, 29.5988596 ], [ -95.2035725, 29.598793 ], [ -95.2035387, 29.5971905 ], [ -95.2034344, 29.5922466 ], [ -95.2034065, 29.5910237 ], [ -95.2033767, 29.5901767 ], [ -95.2033836, 29.5898178 ], [ -95.2032812, 29.5860061 ], [ -95.2032841, 29.5855849 ], [ -95.2037337, 29.5855824 ], [ -95.2039209, 29.585591 ], [ -95.2040431, 29.5856084 ], [ -95.2041934, 29.5856406 ], [ -95.2043685, 29.585694 ], [ -95.2052159, 29.5859124 ], [ -95.2054355, 29.5859496 ], [ -95.2056765, 29.5859671 ], [ -95.2057167, 29.5859934 ], [ -95.2057292, 29.5860327 ], [ -95.2058687, 29.5860232 ], [ -95.2058827, 29.5859808 ], [ -95.2059236, 29.5859496 ], [ -95.2061108, 29.5859151 ], [ -95.206282, 29.5858685 ], [ -95.2064737, 29.585795 ], [ -95.206629, 29.5857164 ], [ -95.2067508, 29.5856406 ], [ -95.2068646, 29.5855561 ], [ -95.2071914, 29.585255 ], [ -95.2072233, 29.5852391 ], [ -95.2072581, 29.585235 ], [ -95.2073082, 29.5852511 ], [ -95.2080616, 29.5858625 ], [ -95.2080823, 29.5858793 ], [ -95.2099078, 29.5841682 ], [ -95.2100286, 29.5840444 ], [ -95.2103902, 29.5837346 ], [ -95.2110329, 29.5831268 ], [ -95.2102056, 29.5824931 ], [ -95.209986, 29.5822501 ], [ -95.2080781, 29.5806416 ], [ -95.2081082, 29.5806014 ], [ -95.2069942, 29.5797092 ], [ -95.2069634, 29.5797464 ], [ -95.2037742, 29.5771046 ], [ -95.1993865, 29.5811505 ], [ -95.1993808, 29.5811558 ], [ -95.1985657, 29.5819075 ], [ -95.1985587, 29.5819139 ], [ -95.1982218, 29.5822247 ], [ -95.1982206, 29.5822258 ], [ -95.1964011, 29.5839035 ], [ -95.1963942, 29.5839099 ], [ -95.1960142, 29.5842603 ], [ -95.1958404, 29.5844206 ], [ -95.195839, 29.5844218 ], [ -95.1958384, 29.5844224 ], [ -95.1958346, 29.5844224 ], [ -95.194821, 29.584444 ], [ -95.1948205, 29.5844435 ], [ -95.1948195, 29.5844427 ], [ -95.1940428, 29.5837944 ], [ -95.1939063, 29.5836804 ], [ -95.1936552, 29.5834708 ], [ -95.1935169, 29.5833554 ], [ -95.1928709, 29.5828162 ], [ -95.1923643, 29.5823933 ], [ -95.1921021, 29.5821744 ], [ -95.1920969, 29.5821701 ], [ -95.1908013, 29.5810789 ], [ -95.1914249, 29.5804033 ], [ -95.1916232, 29.5801948 ], [ -95.1917973, 29.5800094 ], [ -95.1919673, 29.5798307 ], [ -95.1925651, 29.579214 ], [ -95.1928454, 29.5789536 ], [ -95.1931499, 29.5786746 ], [ -95.1934076, 29.5784372 ], [ -95.1936653, 29.5781997 ], [ -95.1938761, 29.5780116 ], [ -95.1939348, 29.5779593 ], [ -95.1940426, 29.5778595 ], [ -95.1940428, 29.5778593 ], [ -95.1941201, 29.5777878 ], [ -95.1942168, 29.5777003 ], [ -95.1944088, 29.5775371 ], [ -95.1945697, 29.5774037 ], [ -95.1958146, 29.576386 ], [ -95.1958553, 29.5763484 ], [ -95.1958934, 29.5763192 ], [ -95.1959317, 29.5762891 ], [ -95.1959693, 29.5762584 ], [ -95.1960064, 29.5762271 ], [ -95.196043, 29.5761953 ], [ -95.1960789, 29.576163 ], [ -95.1961142, 29.5761302 ], [ -95.1961585, 29.5760874 ], [ -95.1963105, 29.5759495 ], [ -95.1969323, 29.5753853 ], [ -95.1973188, 29.5750345 ], [ -95.1976566, 29.574728 ], [ -95.1977068, 29.5746825 ], [ -95.1982168, 29.5742197 ], [ -95.19914, 29.5733655 ], [ -95.1992268, 29.5733634 ], [ -95.199229, 29.5733633 ], [ -95.1989955, 29.5729995 ], [ -95.1902906, 29.565781 ], [ -95.18772, 29.563629 ], [ -95.1872666, 29.5632495 ], [ -95.1857379, 29.5619794 ], [ -95.1801733, 29.5573558 ], [ -95.1798563, 29.5571674 ], [ -95.1728066, 29.5511958 ], [ -95.1704042, 29.5491905 ], [ -95.1700691, 29.5489196 ], [ -95.1677088, 29.547003 ], [ -95.1660988, 29.5456254 ], [ -95.1659222, 29.5454842 ], [ -95.1651699, 29.544861 ], [ -95.1643527, 29.5442253 ], [ -95.164015, 29.5439263 ], [ -95.1638893, 29.543823 ], [ -95.1637817, 29.5437528 ], [ -95.163743, 29.5437207 ], [ -95.163741, 29.5437191 ], [ -95.1637087, 29.5436923 ], [ -95.1635252, 29.5435157 ], [ -95.1632191, 29.5432871 ], [ -95.162192, 29.5424371 ], [ -95.16201, 29.5422823 ], [ -95.1605468, 29.5410374 ], [ -95.1576414, 29.543707 ], [ -95.1565877, 29.5447055 ], [ -95.1601582, 29.5475256 ], [ -95.1604016, 29.5477186 ], [ -95.1610926, 29.5482664 ], [ -95.1621299, 29.5490931 ], [ -95.1621898, 29.5491408 ], [ -95.1621671, 29.5491568 ], [ -95.1601495, 29.5482371 ], [ -95.1598824, 29.5481154 ], [ -95.1598477, 29.5480988 ], [ -95.1597955, 29.5480739 ], [ -95.1594889, 29.5479278 ], [ -95.1594769, 29.5479225 ], [ -95.1573358, 29.5469732 ], [ -95.1545328, 29.5457304 ], [ -95.1545761, 29.5418637 ], [ -95.154568, 29.5414834 ], [ -95.154568, 29.5414813 ], [ -95.1545344, 29.5391642 ], [ -95.154497, 29.5385154 ], [ -95.1544936, 29.5384509 ], [ -95.1544642, 29.537889 ], [ -95.1544513, 29.5376418 ], [ -95.154451, 29.5376374 ], [ -95.1546076, 29.5376042 ], [ -95.1546496, 29.5375953 ], [ -95.1547137, 29.5375809 ], [ -95.1547775, 29.5375655 ], [ -95.1548408, 29.537549 ], [ -95.1549038, 29.5375314 ], [ -95.1549664, 29.5375127 ], [ -95.1550285, 29.5374931 ], [ -95.1550901, 29.5374723 ], [ -95.1551512, 29.5374505 ], [ -95.1552119, 29.5374277 ], [ -95.155272, 29.5374038 ], [ -95.155365, 29.5373694 ], [ -95.1553047, 29.5370705 ], [ -95.1550255, 29.5371695 ], [ -95.1547453, 29.5372661 ], [ -95.1546676, 29.5372881 ], [ -95.1545886, 29.5373064 ], [ -95.1545084, 29.5373209 ], [ -95.1544272, 29.5373316 ], [ -95.1538331, 29.5374373 ], [ -95.1533833, 29.537494 ], [ -95.1531513, 29.5375233 ], [ -95.1531174, 29.5375286 ], [ -95.1507931, 29.5378911 ], [ -95.1507533, 29.5378979 ], [ -95.1503896, 29.5379605 ], [ -95.1500248, 29.5380246 ], [ -95.1482293, 29.5383368 ], [ -95.1481779, 29.5383458 ], [ -95.147942, 29.5383838 ], [ -95.1472381, 29.5384972 ], [ -95.1470503, 29.5385247 ], [ -95.1467484, 29.5385689 ], [ -95.1460368, 29.538678 ], [ -95.1457024, 29.5387367 ], [ -95.1453836, 29.5388038 ], [ -95.1450179, 29.5388603 ], [ -95.1449837, 29.5388656 ], [ -95.1450779, 29.5391439 ], [ -95.1450853, 29.5391732 ], [ -95.1450921, 29.5392002 ], [ -95.1446078, 29.5393074 ], [ -95.1445102, 29.5393301 ], [ -95.1442957, 29.5393772 ], [ -95.1441932, 29.5393996 ], [ -95.1441876, 29.5394014 ], [ -95.144182, 29.5394032 ], [ -95.1441764, 29.5394051 ], [ -95.1441723, 29.5394066 ], [ -95.1441709, 29.5394071 ], [ -95.1441666, 29.5394087 ], [ -95.1441623, 29.5394104 ], [ -95.144158, 29.5394121 ], [ -95.1441538, 29.5394139 ], [ -95.1441496, 29.5394158 ], [ -95.1441455, 29.5394178 ], [ -95.1441414, 29.5394199 ], [ -95.1441373, 29.539422 ], [ -95.1441333, 29.5394242 ], [ -95.1441292, 29.5394264 ], [ -95.1441253, 29.5394288 ], [ -95.1441214, 29.5394312 ], [ -95.1441175, 29.5394336 ], [ -95.1441137, 29.5394362 ], [ -95.1441099, 29.5394388 ], [ -95.1441062, 29.5394415 ], [ -95.1441025, 29.5394442 ], [ -95.1440989, 29.539447 ], [ -95.1440953, 29.5394499 ], [ -95.1440918, 29.5394528 ], [ -95.1440871, 29.539457 ], [ -95.1440825, 29.5394612 ], [ -95.1440779, 29.5394655 ], [ -95.1440734, 29.5394699 ], [ -95.144069, 29.5394742 ], [ -95.1440646, 29.5394787 ], [ -95.1440603, 29.5394832 ], [ -95.1440561, 29.5394877 ], [ -95.1440519, 29.5394923 ], [ -95.1440479, 29.5394969 ], [ -95.1440438, 29.5395016 ], [ -95.1440411, 29.5395066 ], [ -95.1440383, 29.5395117 ], [ -95.1440357, 29.5395168 ], [ -95.1440331, 29.539522 ], [ -95.1440308, 29.5395291 ], [ -95.1440285, 29.5395363 ], [ -95.1440263, 29.5395435 ], [ -95.1440242, 29.5395508 ], [ -95.1440232, 29.5395571 ], [ -95.1440223, 29.5395635 ], [ -95.1440215, 29.53957 ], [ -95.1440207, 29.5395764 ], [ -95.14402, 29.5395829 ], [ -95.1440202, 29.5395894 ], [ -95.1440204, 29.5395959 ], [ -95.1440207, 29.5396024 ], [ -95.1440211, 29.5396089 ], [ -95.1440217, 29.5396117 ], [ -95.1440223, 29.5396145 ], [ -95.144023, 29.5396173 ], [ -95.1440238, 29.5396202 ], [ -95.1440246, 29.5396232 ], [ -95.1440255, 29.5396262 ], [ -95.1440265, 29.5396292 ], [ -95.1440275, 29.5396323 ], [ -95.1440285, 29.5396354 ], [ -95.1440297, 29.5396385 ], [ -95.1440309, 29.5396417 ], [ -95.1440322, 29.5396449 ], [ -95.1440335, 29.5396482 ], [ -95.1440348, 29.5396515 ], [ -95.1440363, 29.5396548 ], [ -95.1440378, 29.5396582 ], [ -95.1440393, 29.5396616 ], [ -95.144041, 29.539665 ], [ -95.1440426, 29.5396684 ], [ -95.1440444, 29.5396719 ], [ -95.1440462, 29.5396754 ], [ -95.144048, 29.539679 ], [ -95.1440499, 29.5396825 ], [ -95.1440518, 29.5396861 ], [ -95.1440525, 29.5396907 ], [ -95.1440533, 29.5396959 ], [ -95.1440554, 29.5396991 ], [ -95.1440576, 29.5397024 ], [ -95.1440905, 29.5397541 ], [ -95.1441073, 29.5397819 ], [ -95.1441235, 29.53981 ], [ -95.1441414, 29.5398488 ], [ -95.1441507, 29.5398705 ], [ -95.1441596, 29.5398923 ], [ -95.144168, 29.5399142 ], [ -95.144176, 29.5399362 ], [ -95.1441791, 29.5399451 ], [ -95.1441822, 29.5399539 ], [ -95.144184, 29.5399596 ], [ -95.1441859, 29.5399653 ], [ -95.1441949, 29.5399953 ], [ -95.1442009, 29.540017 ], [ -95.1442065, 29.5400387 ], [ -95.1442116, 29.5400604 ], [ -95.1442163, 29.5400823 ], [ -95.1442205, 29.5401042 ], [ -95.1442258, 29.540136 ], [ -95.144229, 29.540158 ], [ -95.1442317, 29.5401801 ], [ -95.1442339, 29.5402022 ], [ -95.1442357, 29.5402243 ], [ -95.1442371, 29.5402464 ], [ -95.1442378, 29.5402652 ], [ -95.1442383, 29.5402838 ], [ -95.1442406, 29.5403229 ], [ -95.1442413, 29.5403456 ], [ -95.1442415, 29.5403684 ], [ -95.1442412, 29.5403911 ], [ -95.1442402, 29.5404199 ], [ -95.1442388, 29.5404426 ], [ -95.144237, 29.5404652 ], [ -95.1442346, 29.5404878 ], [ -95.1442318, 29.5405103 ], [ -95.1442286, 29.5405328 ], [ -95.1442232, 29.5405638 ], [ -95.1442188, 29.5405861 ], [ -95.1442139, 29.5406084 ], [ -95.1442086, 29.5406305 ], [ -95.1442027, 29.5406526 ], [ -95.1441964, 29.5406745 ], [ -95.1441838, 29.5407143 ], [ -95.1441762, 29.5407359 ], [ -95.1441714, 29.5407486 ], [ -95.1441681, 29.5407574 ], [ -95.1441596, 29.5407788 ], [ -95.1441436, 29.5408157 ], [ -95.1441431, 29.5408167 ], [ -95.1441333, 29.5408377 ], [ -95.1441231, 29.5408586 ], [ -95.1441085, 29.5408886 ], [ -95.1440965, 29.540912 ], [ -95.1440842, 29.5409352 ], [ -95.1440714, 29.5409582 ], [ -95.1439567, 29.54117 ], [ -95.1439469, 29.5411843 ], [ -95.1439466, 29.5411848 ], [ -95.1439374, 29.5411988 ], [ -95.1439282, 29.5412134 ], [ -95.1439193, 29.5412281 ], [ -95.1439106, 29.541243 ], [ -95.1439022, 29.5412581 ], [ -95.1438942, 29.5412733 ], [ -95.1438863, 29.5412887 ], [ -95.1438788, 29.5413041 ], [ -95.1438716, 29.5413198 ], [ -95.1438647, 29.5413355 ], [ -95.143858, 29.5413514 ], [ -95.1438517, 29.5413673 ], [ -95.1438456, 29.5413834 ], [ -95.1438399, 29.5413996 ], [ -95.1438344, 29.5414159 ], [ -95.1438293, 29.5414323 ], [ -95.1438245, 29.5414488 ], [ -95.1438199, 29.5414653 ], [ -95.1438159, 29.5414818 ], [ -95.1438127, 29.5414981 ], [ -95.1438097, 29.5415144 ], [ -95.143807, 29.5415308 ], [ -95.1438047, 29.5415473 ], [ -95.1438026, 29.5415638 ], [ -95.1438009, 29.5415804 ], [ -95.1437994, 29.5415971 ], [ -95.1437983, 29.5416138 ], [ -95.1437975, 29.5416305 ], [ -95.143797, 29.5416473 ], [ -95.1437968, 29.5416641 ], [ -95.1437969, 29.5416809 ], [ -95.1437973, 29.5416977 ], [ -95.143798, 29.5417146 ], [ -95.143799, 29.5417315 ], [ -95.1438004, 29.5417483 ], [ -95.143802, 29.5417652 ], [ -95.143804, 29.5417821 ], [ -95.1438062, 29.541799 ], [ -95.1438088, 29.5418158 ], [ -95.1438117, 29.5418326 ], [ -95.1438142, 29.5418461 ], [ -95.1438149, 29.5418494 ], [ -95.1438183, 29.5418662 ], [ -95.1438221, 29.5418829 ], [ -95.1438262, 29.5418996 ], [ -95.1438306, 29.5419163 ], [ -95.1438353, 29.5419329 ], [ -95.1438403, 29.5419494 ], [ -95.1438456, 29.5419659 ], [ -95.1438511, 29.5419823 ], [ -95.143857, 29.5419986 ], [ -95.1438632, 29.5420149 ], [ -95.1438696, 29.5420311 ], [ -95.1438763, 29.5420472 ], [ -95.1438834, 29.5420632 ], [ -95.1438907, 29.5420791 ], [ -95.1438982, 29.5420949 ], [ -95.1439061, 29.5421106 ], [ -95.1439142, 29.5421262 ], [ -95.1439226, 29.5421417 ], [ -95.1439313, 29.5421571 ], [ -95.1439403, 29.5421723 ], [ -95.1439495, 29.5421874 ], [ -95.1439584, 29.5422018 ], [ -95.1439676, 29.5422159 ], [ -95.1439771, 29.54223 ], [ -95.1439869, 29.5422439 ], [ -95.143997, 29.5422576 ], [ -95.1440073, 29.5422711 ], [ -95.1440179, 29.5422845 ], [ -95.1440288, 29.5422977 ], [ -95.14404, 29.5423108 ], [ -95.1440515, 29.5423236 ], [ -95.1440708, 29.5423442 ], [ -95.1444555, 29.5427443 ], [ -95.1444585, 29.5427474 ], [ -95.1446074, 29.5429016 ], [ -95.1448814, 29.5431854 ], [ -95.1452489, 29.5435689 ], [ -95.1453883, 29.5437144 ], [ -95.1459715, 29.544323 ], [ -95.1459701, 29.5443239 ], [ -95.1452509, 29.5448105 ], [ -95.1503783, 29.5501789 ], [ -95.1515797, 29.5514747 ], [ -95.151816, 29.5517297 ], [ -95.1518292, 29.551747 ], [ -95.151842, 29.5517645 ], [ -95.1518546, 29.5517821 ], [ -95.151867, 29.5517998 ], [ -95.1518791, 29.5518176 ], [ -95.1518909, 29.5518356 ], [ -95.1519025, 29.5518536 ], [ -95.1519137, 29.5518717 ], [ -95.1519247, 29.55189 ], [ -95.1519355, 29.5519083 ], [ -95.1519459, 29.5519267 ], [ -95.151956, 29.5519452 ], [ -95.1519659, 29.5519638 ], [ -95.1519754, 29.5519824 ], [ -95.1519847, 29.5520011 ], [ -95.1519936, 29.5520198 ], [ -95.1520023, 29.5520386 ], [ -95.1520106, 29.5520574 ], [ -95.1520187, 29.5520763 ], [ -95.1520264, 29.5520952 ], [ -95.1520338, 29.5521141 ], [ -95.1520409, 29.5521331 ], [ -95.1520477, 29.552152 ], [ -95.1520542, 29.552171 ], [ -95.1520603, 29.55219 ], [ -95.1520661, 29.5522089 ], [ -95.1520716, 29.5522279 ], [ -95.1520768, 29.5522469 ], [ -95.1520816, 29.5522658 ], [ -95.1520861, 29.5522847 ], [ -95.1520903, 29.5523036 ], [ -95.1520942, 29.5523224 ], [ -95.1520977, 29.5523412 ], [ -95.1521008, 29.5523599 ], [ -95.1521037, 29.5523786 ], [ -95.1521062, 29.5523972 ], [ -95.1521084, 29.5524158 ], [ -95.1521102, 29.5524343 ], [ -95.1521117, 29.5524527 ], [ -95.1521128, 29.552471 ], [ -95.1521136, 29.5524893 ], [ -95.1521141, 29.5525074 ], [ -95.1521142, 29.5525255 ], [ -95.152114, 29.5525434 ], [ -95.1521135, 29.5525612 ], [ -95.1521126, 29.552579 ], [ -95.1521114, 29.5525965 ], [ -95.1521098, 29.552614 ], [ -95.1521079, 29.5526314 ], [ -95.1521056, 29.5526486 ], [ -95.1521031, 29.5526656 ], [ -95.1521001, 29.5526825 ], [ -95.1520969, 29.5526993 ], [ -95.1520933, 29.5527159 ], [ -95.1520894, 29.5527323 ], [ -95.1518839, 29.5531235 ], [ -95.1518389, 29.5532141 ], [ -95.1518012, 29.5533072 ], [ -95.1517708, 29.5534024 ], [ -95.1517479, 29.5534991 ], [ -95.1517326, 29.553597 ], [ -95.151725, 29.5536956 ], [ -95.1517252, 29.553795 ], [ -95.1517332, 29.5538941 ], [ -95.151749, 29.5539926 ], [ -95.1517725, 29.5540898 ], [ -95.1518036, 29.5541854 ], [ -95.1518421, 29.554279 ], [ -95.1518879, 29.5543699 ], [ -95.1519408, 29.5544579 ], [ -95.1520004, 29.5545426 ], [ -95.1520666, 29.5546234 ], [ -95.1520637, 29.5546822 ], [ -95.1519751, 29.5547393 ], [ -95.1518513, 29.554822 ], [ -95.1517812, 29.5548663 ], [ -95.1517103, 29.5549094 ], [ -95.1516384, 29.5549513 ], [ -95.151566, 29.5549923 ], [ -95.1514933, 29.5550326 ], [ -95.1514199, 29.5550718 ], [ -95.1513458, 29.5551099 ], [ -95.151271, 29.5551469 ], [ -95.1511956, 29.5551827 ], [ -95.1511196, 29.5552173 ], [ -95.151043, 29.5552507 ], [ -95.1509659, 29.555283 ], [ -95.1508881, 29.5553141 ], [ -95.1507285, 29.5553825 ], [ -95.1505663, 29.5554461 ], [ -95.1501436, 29.5556536 ], [ -95.1493165, 29.5547936 ], [ -95.1448124, 29.5501601 ], [ -95.1423646, 29.5476684 ], [ -95.1422804, 29.5476811 ], [ -95.1395315, 29.5448771 ], [ -95.1390046, 29.5443396 ], [ -95.1388497, 29.5446237 ], [ -95.1387264, 29.5448507 ], [ -95.138659, 29.5449788 ], [ -95.1386535, 29.5449892 ], [ -95.1384903, 29.5452963 ], [ -95.1384024, 29.5454615 ], [ -95.1382823, 29.545687 ], [ -95.1382416, 29.5457634 ], [ -95.1382099, 29.5458214 ], [ -95.137983, 29.5462524 ], [ -95.1379034, 29.5464036 ], [ -95.1378267, 29.5465504 ], [ -95.1377485, 29.5466991 ], [ -95.1376688, 29.5468492 ], [ -95.1375589, 29.54701 ], [ -95.1374407, 29.5472445 ], [ -95.137413, 29.5472962 ], [ -95.1372742, 29.5475554 ], [ -95.1369426, 29.5481742 ], [ -95.1369039, 29.5482464 ], [ -95.1368644, 29.5483202 ], [ -95.1368642, 29.5483205 ], [ -95.1363952, 29.5491958 ], [ -95.1354458, 29.5509721 ], [ -95.1348974, 29.5520142 ], [ -95.1347971, 29.5521926 ], [ -95.1340674, 29.5535709 ], [ -95.1339657, 29.5537631 ], [ -95.1339541, 29.5537826 ], [ -95.1337464, 29.5541322 ], [ -95.1337455, 29.5541336 ], [ -95.1335799, 29.5544788 ], [ -95.1334817, 29.5546837 ], [ -95.1334369, 29.5547771 ], [ -95.1333923, 29.5547299 ], [ -95.1289657, 29.5500353 ], [ -95.1289501, 29.5500167 ], [ -95.1283054, 29.5492902 ], [ -95.1282254, 29.5492001 ], [ -95.1282186, 29.5492046 ], [ -95.1280247, 29.549329 ], [ -95.1278268, 29.5494484 ], [ -95.1276251, 29.5495628 ], [ -95.1274196, 29.549672 ], [ -95.1272106, 29.5497759 ], [ -95.1269983, 29.5498746 ], [ -95.1267827, 29.5499678 ], [ -95.1265939, 29.5500436 ], [ -95.1263429, 29.5501376 ], [ -95.1263339, 29.5501408 ], [ -95.1260918, 29.5502229 ], [ -95.1258469, 29.5502984 ], [ -95.1255994, 29.5503671 ], [ -95.1253496, 29.5504291 ], [ -95.1250981, 29.550484 ], [ -95.1248448, 29.5505321 ], [ -95.1245899, 29.5505733 ], [ -95.1243337, 29.5506075 ], [ -95.1240764, 29.5506346 ], [ -95.1238585, 29.5506521 ], [ -95.1236401, 29.5506645 ], [ -95.1234215, 29.5506719 ], [ -95.1232074, 29.5506743 ], [ -95.1229933, 29.5506718 ], [ -95.1227793, 29.5506645 ], [ -95.1225656, 29.5506524 ], [ -95.1223524, 29.5506354 ], [ -95.1221999, 29.5506203 ], [ -95.1220477, 29.5506028 ], [ -95.122042, 29.5506021 ], [ -95.1218349, 29.5507027 ], [ -95.1216246, 29.5507981 ], [ -95.1214112, 29.5508882 ], [ -95.121195, 29.550973 ], [ -95.1209762, 29.5510523 ], [ -95.1207548, 29.5511262 ], [ -95.1205311, 29.5511945 ], [ -95.1205284, 29.5511953 ], [ -95.1203255, 29.5512518 ], [ -95.120121, 29.5513038 ], [ -95.1199052, 29.5513533 ], [ -95.1196918, 29.5513969 ], [ -95.1194772, 29.5514357 ], [ -95.1192615, 29.5514695 ], [ -95.1190448, 29.5514982 ], [ -95.1188274, 29.551522 ], [ -95.1188235, 29.5515224 ], [ -95.1185879, 29.5515423 ], [ -95.1183518, 29.5515564 ], [ -95.1183505, 29.5515564 ], [ -95.1181551, 29.5515625 ], [ -95.1180462, 29.5515658 ], [ -95.1178835, 29.5516605 ], [ -95.1177185, 29.5517518 ], [ -95.1175102, 29.5518606 ], [ -95.1172985, 29.5519641 ], [ -95.1172959, 29.5519654 ], [ -95.1172485, 29.5519876 ], [ -95.1170213, 29.5520894 ], [ -95.1167906, 29.5521853 ], [ -95.1165992, 29.5522594 ], [ -95.1164446, 29.5523156 ], [ -95.1162887, 29.5523691 ], [ -95.1161614, 29.5524106 ], [ -95.1159182, 29.5524843 ], [ -95.1156725, 29.5525514 ], [ -95.1154246, 29.552612 ], [ -95.1151747, 29.5526661 ], [ -95.1149231, 29.5527134 ], [ -95.1146699, 29.5527541 ], [ -95.1144155, 29.5527881 ], [ -95.11416, 29.5528152 ], [ -95.1139036, 29.5528356 ], [ -95.1136467, 29.5528492 ], [ -95.1133894, 29.552856 ], [ -95.113132, 29.5528559 ], [ -95.1128748, 29.552849 ], [ -95.1126178, 29.5528353 ], [ -95.1123615, 29.5528148 ], [ -95.1121413, 29.5527917 ], [ -95.1119218, 29.5527635 ], [ -95.1117764, 29.552742 ], [ -95.1116315, 29.5527183 ], [ -95.1114178, 29.5526792 ], [ -95.1114175, 29.5526792 ], [ -95.1111831, 29.5526304 ], [ -95.1109503, 29.5525759 ], [ -95.1109419, 29.5525738 ], [ -95.1108875, 29.5525601 ], [ -95.1108846, 29.5525594 ], [ -95.1108825, 29.5525588 ], [ -95.1108095, 29.5525399 ], [ -95.1106004, 29.5524821 ], [ -95.1103931, 29.5524196 ], [ -95.1101877, 29.5523524 ], [ -95.1099844, 29.5522806 ], [ -95.1097654, 29.5521972 ], [ -95.1095492, 29.5521084 ], [ -95.1093359, 29.5520144 ], [ -95.1093283, 29.5520109 ], [ -95.109316, 29.5520053 ], [ -95.1091337, 29.551919 ], [ -95.1089538, 29.5518289 ], [ -95.1087766, 29.5517349 ], [ -95.108602, 29.5516372 ], [ -95.1094337, 29.5510933 ], [ -95.109059, 29.5502036 ], [ -95.1085958, 29.5503662 ], [ -95.1082947, 29.5504626 ], [ -95.1075887, 29.5506888 ], [ -95.1075577, 29.550701 ], [ -95.1075574, 29.5507011 ], [ -95.107557, 29.5507012 ], [ -95.1075401, 29.5507075 ], [ -95.1075388, 29.550708 ], [ -95.1075379, 29.5507083 ], [ -95.1075216, 29.550714 ], [ -95.1075204, 29.5507144 ], [ -95.1075051, 29.5507195 ], [ -95.1075031, 29.5507202 ], [ -95.1075019, 29.5507206 ], [ -95.1074849, 29.550726 ], [ -95.1074832, 29.5507265 ], [ -95.1074803, 29.5507274 ], [ -95.1074658, 29.5507318 ], [ -95.1074644, 29.5507322 ], [ -95.107464, 29.5507323 ], [ -95.1074636, 29.5507324 ], [ -95.1074467, 29.5507372 ], [ -95.1074454, 29.5507376 ], [ -95.1074298, 29.5507418 ], [ -95.1074264, 29.5507427 ], [ -95.107409, 29.5507471 ], [ -95.1074071, 29.5507475 ], [ -95.1074042, 29.5507482 ], [ -95.1073887, 29.5507519 ], [ -95.1073878, 29.5507521 ], [ -95.1073874, 29.5507522 ], [ -95.1073871, 29.5507522 ], [ -95.1073698, 29.550756 ], [ -95.1073684, 29.5507564 ], [ -95.1073513, 29.5507598 ], [ -95.1073495, 29.5507602 ], [ -95.1073491, 29.5507603 ], [ -95.1073488, 29.5507604 ], [ -95.1073423, 29.5507616 ], [ -95.1073301, 29.5507639 ], [ -95.1073292, 29.5507641 ], [ -95.1073109, 29.5507673 ], [ -95.1073094, 29.5507675 ], [ -95.1073091, 29.5507676 ], [ -95.1073088, 29.5507676 ], [ -95.1072912, 29.5507704 ], [ -95.1072896, 29.5507707 ], [ -95.1072709, 29.5507733 ], [ -95.1072696, 29.5507735 ], [ -95.1072509, 29.550776 ], [ -95.1072496, 29.5507761 ], [ -95.1072469, 29.5507765 ], [ -95.1072309, 29.5507783 ], [ -95.1072296, 29.5507784 ], [ -95.1072293, 29.5507785 ], [ -95.1072291, 29.5507785 ], [ -95.1072112, 29.5507803 ], [ -95.1072094, 29.5507804 ], [ -95.1071933, 29.5507818 ], [ -95.1071892, 29.5507822 ], [ -95.1071871, 29.5507823 ], [ -95.1071701, 29.5507835 ], [ -95.107169, 29.5507836 ], [ -95.1071663, 29.5507838 ], [ -95.1071491, 29.5507847 ], [ -95.1071487, 29.5507848 ], [ -95.1071483, 29.5507848 ], [ -95.1071303, 29.5507856 ], [ -95.1071283, 29.5507856 ], [ -95.1071095, 29.5507862 ], [ -95.107108, 29.5507862 ], [ -95.1070889, 29.5507865 ], [ -95.1070876, 29.5507865 ], [ -95.107085, 29.5507865 ], [ -95.1070674, 29.5507865 ], [ -95.1070671, 29.5507865 ], [ -95.1070669, 29.5507865 ], [ -95.1070488, 29.5507863 ], [ -95.1070467, 29.5507862 ], [ -95.1070263, 29.5507857 ], [ -95.1070252, 29.5507856 ], [ -95.1070058, 29.5507848 ], [ -95.1070034, 29.5507847 ], [ -95.1069853, 29.5507836 ], [ -95.1069671, 29.5507824 ], [ -95.1069649, 29.5507822 ], [ -95.1069646, 29.5507822 ], [ -95.1069642, 29.5507821 ], [ -95.1069444, 29.5507805 ], [ -95.1069443, 29.5507804 ], [ -95.1069243, 29.5507782 ], [ -95.106922, 29.5507779 ], [ -95.1069043, 29.5507753 ], [ -95.1066298, 29.550726 ], [ -95.106615, 29.5507232 ], [ -95.1066138, 29.5507229 ], [ -95.1066112, 29.5507225 ], [ -95.1066077, 29.5507217 ], [ -95.1066004, 29.5507202 ], [ -95.1065993, 29.5507199 ], [ -95.1065931, 29.5507185 ], [ -95.1065874, 29.5507172 ], [ -95.1065859, 29.5507168 ], [ -95.1065787, 29.5507151 ], [ -95.1065756, 29.5507143 ], [ -95.1065715, 29.5507132 ], [ -95.1065638, 29.5507112 ], [ -95.1065572, 29.5507094 ], [ -95.1065569, 29.5507093 ], [ -95.1065566, 29.5507092 ], [ -95.1065521, 29.5507079 ], [ -95.10655, 29.5507073 ], [ -95.1065429, 29.5507052 ], [ -95.1065404, 29.5507045 ], [ -95.1065358, 29.5507031 ], [ -95.1065349, 29.5507028 ], [ -95.1065288, 29.5507009 ], [ -95.1065217, 29.5506985 ], [ -95.1065203, 29.5506981 ], [ -95.1065173, 29.5506971 ], [ -95.1065147, 29.5506962 ], [ -95.1065077, 29.5506938 ], [ -95.1065058, 29.5506931 ], [ -95.1065008, 29.5506913 ], [ -95.1064991, 29.5506906 ], [ -95.1064945, 29.5506889 ], [ -95.1064942, 29.5506888 ], [ -95.1064939, 29.5506887 ], [ -95.106487, 29.5506861 ], [ -95.1064857, 29.5506856 ], [ -95.1064832, 29.5506846 ], [ -95.1064801, 29.5506834 ], [ -95.1064733, 29.5506807 ], [ -95.106472, 29.5506801 ], [ -95.1064665, 29.5506778 ], [ -95.1064608, 29.5506755 ], [ -95.1064597, 29.550675 ], [ -95.1064529, 29.550672 ], [ -95.1064498, 29.5506706 ], [ -95.1064462, 29.550669 ], [ -95.1064396, 29.550666 ], [ -95.1064392, 29.5506658 ], [ -95.1064389, 29.5506656 ], [ -95.1064329, 29.5506628 ], [ -95.106428, 29.5506605 ], [ -95.1064263, 29.5506596 ], [ -95.1064172, 29.5506551 ], [ -95.1064133, 29.5506531 ], [ -95.1064067, 29.5506497 ], [ -95.106405, 29.5506488 ], [ -95.1063987, 29.5506454 ], [ -95.106396, 29.550644 ], [ -95.1063946, 29.5506431 ], [ -95.1063592, 29.5506228 ], [ -95.1063584, 29.5506223 ], [ -95.1063418, 29.5506122 ], [ -95.1063404, 29.5506113 ], [ -95.1063394, 29.5506107 ], [ -95.1063217, 29.5505996 ], [ -95.1063201, 29.5505986 ], [ -95.1063059, 29.5505892 ], [ -95.1063048, 29.5505886 ], [ -95.1063033, 29.5505876 ], [ -95.1063015, 29.5505863 ], [ -95.1062851, 29.5505752 ], [ -95.1062849, 29.5505751 ], [ -95.1062847, 29.550575 ], [ -95.1062691, 29.550564 ], [ -95.1062672, 29.5505627 ], [ -95.1062655, 29.5505614 ], [ -95.1062502, 29.5505503 ], [ -95.1062495, 29.5505498 ], [ -95.1062477, 29.5505484 ], [ -95.1062342, 29.5505383 ], [ -95.106232, 29.5505366 ], [ -95.1062299, 29.550535 ], [ -95.1062166, 29.5505246 ], [ -95.1062148, 29.5505232 ], [ -95.1062124, 29.5505212 ], [ -95.1062002, 29.5505114 ], [ -95.1061979, 29.5505095 ], [ -95.1061969, 29.5505087 ], [ -95.106184, 29.5504979 ], [ -95.1061838, 29.5504978 ], [ -95.1061836, 29.5504976 ], [ -95.1061813, 29.5504956 ], [ -95.1061776, 29.5504925 ], [ -95.1061679, 29.550484 ], [ -95.1061649, 29.5504814 ], [ -95.1061621, 29.550479 ], [ -95.1061525, 29.5504703 ], [ -95.1061516, 29.5504695 ], [ -95.1061488, 29.550467 ], [ -95.1061463, 29.5504646 ], [ -95.1061365, 29.5504556 ], [ -95.106134, 29.5504533 ], [ -95.1061329, 29.5504523 ], [ -95.1061297, 29.5504492 ], [ -95.106128, 29.5504475 ], [ -95.1061219, 29.5504417 ], [ -95.1061204, 29.5504402 ], [ -95.1061174, 29.5504373 ], [ -95.1061159, 29.5504359 ], [ -95.10611, 29.55043 ], [ -95.1061041, 29.5504241 ], [ -95.1061022, 29.5504222 ], [ -95.105873, 29.5501362 ], [ -95.1058705, 29.5501326 ], [ -95.1058664, 29.5501268 ], [ -95.1058641, 29.5501236 ], [ -95.1058635, 29.5501226 ], [ -95.1058588, 29.5501158 ], [ -95.1058583, 29.5501151 ], [ -95.1058569, 29.5501129 ], [ -95.1058542, 29.5501089 ], [ -95.1058498, 29.550102 ], [ -95.1058454, 29.550095 ], [ -95.1058447, 29.550094 ], [ -95.1058429, 29.5500911 ], [ -95.105841, 29.550088 ], [ -95.1058368, 29.550081 ], [ -95.1058363, 29.55008 ], [ -95.1058327, 29.5500739 ], [ -95.1058315, 29.5500718 ], [ -95.1058298, 29.5500689 ], [ -95.1058286, 29.5500667 ], [ -95.105825, 29.5500602 ], [ -95.1058248, 29.5500599 ], [ -95.1058246, 29.5500595 ], [ -95.1058236, 29.5500576 ], [ -95.1058208, 29.5500523 ], [ -95.1058195, 29.5500499 ], [ -95.1058176, 29.5500463 ], [ -95.105817, 29.5500451 ], [ -95.1058133, 29.5500378 ], [ -95.1058132, 29.5500376 ], [ -95.1058131, 29.5500375 ], [ -95.1058118, 29.5500348 ], [ -95.1058097, 29.5500305 ], [ -95.1058063, 29.5500233 ], [ -95.1058062, 29.5500232 ], [ -95.1058028, 29.5500157 ], [ -95.1058021, 29.5500142 ], [ -95.1058009, 29.5500117 ], [ -95.1057994, 29.5500083 ], [ -95.1057962, 29.5500008 ], [ -95.1057958, 29.55 ], [ -95.105793, 29.5499933 ], [ -95.1057924, 29.5499919 ], [ -95.1057909, 29.5499882 ], [ -95.10579, 29.5499858 ], [ -95.105787, 29.5499782 ], [ -95.1057863, 29.5499764 ], [ -95.1057851, 29.5499733 ], [ -95.1057819, 29.5499645 ], [ -95.1057814, 29.5499631 ], [ -95.1057787, 29.5499555 ], [ -95.1057786, 29.5499552 ], [ -95.1057785, 29.5499549 ], [ -95.1057777, 29.5499525 ], [ -95.1057761, 29.5499478 ], [ -95.1057737, 29.5499405 ], [ -95.1057737, 29.5499403 ], [ -95.1057736, 29.5499401 ], [ -95.1057706, 29.5499304 ], [ -95.10577, 29.5499284 ], [ -95.105769, 29.5499247 ], [ -95.1057667, 29.549917 ], [ -95.1057666, 29.5499166 ], [ -95.1057665, 29.5499162 ], [ -95.1057657, 29.5499132 ], [ -95.1057633, 29.549904 ], [ -95.1057627, 29.5499014 ], [ -95.1057607, 29.5498936 ], [ -95.1057603, 29.5498918 ], [ -95.1057595, 29.5498884 ], [ -95.1057583, 29.5498828 ], [ -95.1057575, 29.5498795 ], [ -95.1057572, 29.5498779 ], [ -95.1057556, 29.5498701 ], [ -95.1057554, 29.549869 ], [ -95.105755, 29.5498672 ], [ -95.1057545, 29.5498646 ], [ -95.1057541, 29.5498622 ], [ -95.1057527, 29.5498548 ], [ -95.1057527, 29.5498546 ], [ -95.1057527, 29.5498543 ], [ -95.105751, 29.5498445 ], [ -95.1057507, 29.5498424 ], [ -95.1057504, 29.5498404 ], [ -95.105749, 29.5498306 ], [ -95.1057489, 29.5498303 ], [ -95.1057489, 29.54983 ], [ -95.1057484, 29.5498265 ], [ -95.105748, 29.5498226 ], [ -95.1057477, 29.5498206 ], [ -95.1057473, 29.5498175 ], [ -95.105747, 29.5498147 ], [ -95.1057462, 29.5498068 ], [ -95.105746, 29.5498051 ], [ -95.1057458, 29.5498021 ], [ -95.1057452, 29.5497957 ], [ -95.1057449, 29.5497926 ], [ -95.1057448, 29.5497908 ], [ -95.1057443, 29.5497829 ], [ -95.1057442, 29.5497816 ], [ -95.1057441, 29.5497801 ], [ -95.105744, 29.5497775 ], [ -95.1057437, 29.5497711 ], [ -95.1057435, 29.5497676 ], [ -95.1057435, 29.5497672 ], [ -95.1057435, 29.5497669 ], [ -95.1057433, 29.5497589 ], [ -95.1057433, 29.5497577 ], [ -95.1057432, 29.5497551 ], [ -95.1057432, 29.5497529 ], [ -95.1057431, 29.549743 ], [ -95.1057431, 29.5497428 ], [ -95.1057431, 29.5497425 ], [ -95.1057431, 29.5497406 ], [ -95.1057432, 29.549735 ], [ -95.1057432, 29.5497327 ], [ -95.1057432, 29.54973 ], [ -95.1057433, 29.5497286 ], [ -95.1057436, 29.5497191 ], [ -95.1057436, 29.5497175 ], [ -95.1057437, 29.5497158 ], [ -95.1057443, 29.549705 ], [ -95.1057444, 29.5497031 ], [ -95.105745, 29.5496952 ], [ -95.1057452, 29.5496925 ], [ -95.1057453, 29.5496908 ], [ -95.1057463, 29.5496801 ], [ -95.1057464, 29.5496793 ], [ -95.1057472, 29.5496713 ], [ -95.1057474, 29.5496698 ], [ -95.1057477, 29.5496676 ], [ -95.1057479, 29.5496655 ], [ -95.1057492, 29.5496556 ], [ -95.1057493, 29.5496554 ], [ -95.1057495, 29.5496538 ], [ -95.1057511, 29.549643 ], [ -95.1057513, 29.5496419 ], [ -95.105753, 29.5496322 ], [ -95.1057532, 29.5496308 ], [ -95.1057536, 29.5496287 ], [ -95.1057556, 29.5496187 ], [ -95.1057556, 29.5496184 ], [ -95.1057557, 29.549618 ], [ -95.105756, 29.5496167 ], [ -95.1057576, 29.549609 ], [ -95.1057582, 29.5496066 ], [ -95.1057584, 29.5496053 ], [ -95.105761, 29.5495945 ], [ -95.1057612, 29.5495936 ], [ -95.105764, 29.5495825 ], [ -95.1057643, 29.5495814 ], [ -95.1057673, 29.5495706 ], [ -95.1057674, 29.5495704 ], [ -95.1057675, 29.54957 ], [ -95.1057709, 29.5495586 ], [ -95.1057712, 29.5495576 ], [ -95.1057743, 29.5495479 ], [ -95.1057746, 29.5495467 ], [ -95.1057752, 29.549545 ], [ -95.1057786, 29.5495349 ], [ -95.1057794, 29.5495329 ], [ -95.1057829, 29.5495232 ], [ -95.1057834, 29.5495219 ], [ -95.1057874, 29.5495116 ], [ -95.1057878, 29.5495105 ], [ -95.1057921, 29.5495 ], [ -95.1057925, 29.5494989 ], [ -95.105797, 29.5494885 ], [ -95.1057993, 29.5494816 ], [ -95.1056129, 29.5494593 ], [ -95.1044833, 29.5493242 ], [ -95.1041208, 29.5492808 ], [ -95.1041715, 29.5491037 ], [ -95.1037041, 29.5487288 ], [ -95.1037024, 29.5487273 ], [ -95.1036837, 29.548711 ], [ -95.1036825, 29.54871 ], [ -95.1036714, 29.5487003 ], [ -95.1036633, 29.5486932 ], [ -95.1036621, 29.5486921 ], [ -95.1036528, 29.548684 ], [ -95.103643, 29.5486753 ], [ -95.1036418, 29.5486743 ], [ -95.1036226, 29.5486572 ], [ -95.1036213, 29.5486561 ], [ -95.1036023, 29.548639 ], [ -95.103582, 29.5486208 ], [ -95.1035783, 29.5486175 ], [ -95.103569, 29.5486091 ], [ -95.1035619, 29.5486026 ], [ -95.1035581, 29.5485991 ], [ -95.1035418, 29.5485842 ], [ -95.1035403, 29.5485829 ], [ -95.1035326, 29.5485758 ], [ -95.1035217, 29.5485658 ], [ -95.1035204, 29.5485646 ], [ -95.1035082, 29.5485533 ], [ -95.1035018, 29.5485474 ], [ -95.1034992, 29.548545 ], [ -95.1034819, 29.5485289 ], [ -95.1034798, 29.5485268 ], [ -95.1034621, 29.5485103 ], [ -95.1034598, 29.5485081 ], [ -95.1034424, 29.5484916 ], [ -95.1034382, 29.5484877 ], [ -95.1034326, 29.5484823 ], [ -95.1034228, 29.5484729 ], [ -95.1034139, 29.5484644 ], [ -95.1034032, 29.5484542 ], [ -95.103399, 29.5484501 ], [ -95.1033909, 29.5484424 ], [ -95.1033837, 29.5484354 ], [ -95.1033672, 29.5484193 ], [ -95.1033589, 29.5484113 ], [ -95.1033507, 29.5484032 ], [ -95.1032853, 29.5483384 ], [ -95.1032755, 29.5483285 ], [ -95.1032683, 29.5483212 ], [ -95.1031359, 29.5481841 ], [ -95.1030075, 29.5480441 ], [ -95.1029948, 29.5480299 ], [ -95.1029943, 29.5480293 ], [ -95.1029922, 29.5480271 ], [ -95.1029858, 29.5480199 ], [ -95.1029851, 29.548019 ], [ -95.1028599, 29.5478741 ], [ -95.1027388, 29.5477265 ], [ -95.102622, 29.5475763 ], [ -95.1025096, 29.5474235 ], [ -95.1024925, 29.5473996 ], [ -95.1024893, 29.5473951 ], [ -95.1024864, 29.547391 ], [ -95.1024863, 29.5473908 ], [ -95.1024787, 29.54738 ], [ -95.1024772, 29.5473778 ], [ -95.1024759, 29.547376 ], [ -95.1024734, 29.5473725 ], [ -95.102468, 29.5473649 ], [ -95.1023439, 29.547182 ], [ -95.1023437, 29.5471817 ], [ -95.1023436, 29.5471814 ], [ -95.1023434, 29.5471812 ], [ -95.1023338, 29.5471666 ], [ -95.1023337, 29.5471663 ], [ -95.1023335, 29.547166 ], [ -95.1023238, 29.5471512 ], [ -95.1023237, 29.5471509 ], [ -95.1023138, 29.5471357 ], [ -95.1023072, 29.5471254 ], [ -95.1023039, 29.5471203 ], [ -95.1023006, 29.5471151 ], [ -95.102294, 29.5471048 ], [ -95.1022356, 29.5470115 ], [ -95.1018799, 29.5471523 ], [ -95.1015216, 29.547288 ], [ -95.1011608, 29.5474184 ], [ -95.1007975, 29.5475435 ], [ -95.1004319, 29.5476634 ], [ -95.0891382, 29.5512713 ], [ -95.0884616, 29.5496519 ], [ -95.0884085, 29.5496689 ], [ -95.089085, 29.5512882 ], [ -95.0793896, 29.5543846 ], [ -95.0782325, 29.554754 ], [ -95.0780516, 29.5548155 ], [ -95.0778736, 29.5548832 ], [ -95.0776989, 29.5549571 ], [ -95.0775277, 29.5550372 ], [ -95.0773604, 29.5551232 ], [ -95.0771971, 29.555215 ], [ -95.0770382, 29.5553125 ], [ -95.0768839, 29.5554155 ], [ -95.0767345, 29.5555238 ], [ -95.0765903, 29.5556374 ], [ -95.0764513, 29.5557559 ], [ -95.0763179, 29.5558792 ], [ -95.0761903, 29.5560071 ], [ -95.0760687, 29.5561394 ], [ -95.0759533, 29.5562758 ], [ -95.0758443, 29.5564162 ], [ -95.0757418, 29.5565604 ], [ -95.0756461, 29.556708 ], [ -95.0755572, 29.5568589 ], [ -95.0747852, 29.5584226 ], [ -95.075127, 29.5585307 ], [ -95.0758924, 29.5588484 ], [ -95.075829, 29.5590227 ], [ -95.0761451, 29.5591387 ], [ -95.0768444, 29.5593329 ], [ -95.0770723, 29.5595151 ], [ -95.0772958, 29.5597098 ], [ -95.0775104, 29.5599137 ], [ -95.0777157, 29.5601262 ], [ -95.0779269, 29.5603655 ], [ -95.0781111, 29.5605943 ], [ -95.0782844, 29.56083 ], [ -95.0784464, 29.561072 ], [ -95.0792504, 29.5642531 ], [ -95.0796417, 29.5655756 ], [ -95.0801231, 29.5672748 ], [ -95.081104, 29.5713884 ], [ -95.088976, 29.5746352 ], [ -95.0917126, 29.5757638 ], [ -95.0939923, 29.5767041 ], [ -95.0932535, 29.5780813 ], [ -95.0957808, 29.5792872 ], [ -95.0959672, 29.5792522 ], [ -95.0961363, 29.5792478 ], [ -95.0963012, 29.5792691 ], [ -95.0964569, 29.5793154 ], [ -95.0965853, 29.5793775 ], [ -95.0966992, 29.5794572 ], [ -95.0967761, 29.5795301 ], [ -95.0968926, 29.5796701 ], [ -95.0970129, 29.5797731 ], [ -95.0971494, 29.5798526 ], [ -95.0973003, 29.5799088 ], [ -95.0973795, 29.5799275 ], [ -95.0975312, 29.5799451 ], [ -95.0984054, 29.5799773 ], [ -95.1000765, 29.5800224 ], [ -95.1003185, 29.5800157 ], [ -95.100496, 29.5800308 ], [ -95.1006731, 29.5800621 ], [ -95.1008268, 29.5801029 ], [ -95.1009558, 29.580148 ], [ -95.1010946, 29.5802093 ], [ -95.1012063, 29.5802706 ], [ -95.1013449, 29.580405 ], [ -95.101456, 29.5805494 ], [ -95.1015122, 29.5806482 ], [ -95.1015529, 29.5807468 ], [ -95.1015554, 29.5808811 ], [ -95.1015343, 29.5809961 ], [ -95.1015379, 29.5810608 ], [ -95.1015853, 29.581479 ], [ -95.1016438, 29.5818405 ], [ -95.1016782, 29.5819729 ], [ -95.1017377, 29.582144 ], [ -95.1018556, 29.5823878 ], [ -95.1019271, 29.5825031 ], [ -95.102035, 29.5826493 ], [ -95.1021568, 29.5827862 ], [ -95.1022918, 29.5829133 ], [ -95.1024783, 29.5830571 ], [ -95.1026407, 29.5831596 ], [ -95.1029146, 29.5833741 ], [ -95.1032147, 29.5835606 ], [ -95.1026745, 29.5845313 ], [ -95.1024853, 29.5849325 ], [ -95.1023625, 29.5852462 ], [ -95.1022564, 29.5855701 ], [ -95.1021722, 29.585878 ], [ -95.1021396, 29.5860374 ], [ -95.1021111, 29.5861771 ], [ -95.1020714, 29.5864785 ], [ -95.102064, 29.5865817 ], [ -95.102057, 29.5866802 ], [ -95.1020623, 29.5869835 ], [ -95.1020733, 29.5877094 ], [ -95.1020988, 29.5879389 ], [ -95.1021522, 29.5882656 ], [ -95.1021736, 29.5885679 ], [ -95.1021798, 29.5888417 ], [ -95.1021653, 29.5892515 ], [ -95.1021672, 29.5896107 ], [ -95.1029815, 29.5903645 ], [ -95.1032739, 29.590658 ], [ -95.103509, 29.5909076 ], [ -95.1039746, 29.5914348 ], [ -95.1041969, 29.5917022 ], [ -95.1046056, 29.5922346 ], [ -95.1050492, 29.5928703 ], [ -95.1054537, 29.5935066 ], [ -95.1055824, 29.5937241 ], [ -95.1057924, 29.5941188 ], [ -95.1062815, 29.5950946 ], [ -95.1063731, 29.5953236 ], [ -95.106439, 29.5955739 ], [ -95.106684, 29.5962319 ], [ -95.1068744, 29.5968147 ], [ -95.1069807, 29.5971866 ], [ -95.1071395, 29.5978211 ], [ -95.1073038, 29.5986591 ], [ -95.1074176, 29.5995036 ], [ -95.1074757, 29.5997992 ], [ -95.1075576, 29.6016696 ], [ -95.1077225, 29.6039702 ], [ -95.1077613, 29.6042504 ], [ -95.107789, 29.6049323 ], [ -95.107946, 29.6079599 ], [ -95.1083171, 29.6079419 ], [ -95.1133028, 29.6077005 ], [ -95.1133893, 29.610806 ], [ -95.1134784, 29.6132908 ], [ -95.113492, 29.6134827 ], [ -95.1137789, 29.622388 ], [ -95.1140662, 29.6224352 ], [ -95.1146357, 29.6225503 ], [ -95.1151971, 29.6226927 ], [ -95.1157486, 29.6228619 ], [ -95.1160202, 29.6229564 ], [ -95.1165539, 29.6231648 ], [ -95.1170736, 29.6233986 ], [ -95.1175777, 29.6236571 ], [ -95.1180648, 29.6239395 ], [ -95.1185334, 29.6242449 ], [ -95.1189819, 29.6245725 ], [ -95.1194091, 29.6249211 ], [ -95.1198136, 29.6252898 ], [ -95.1201943, 29.6256774 ], [ -95.1203753, 29.6258779 ], [ -95.120718, 29.6262917 ], [ -95.1210341, 29.6267214 ], [ -95.1212881, 29.6271094 ], [ -95.1215204, 29.6275077 ], [ -95.1217307, 29.6279158 ], [ -95.1219405, 29.6283863 ], [ -95.1220343, 29.6286251 ], [ -95.1221994, 29.629109 ], [ -95.122334, 29.6296 ], [ -95.1224379, 29.6300968 ], [ -95.1224781, 29.6303468 ], [ -95.1225105, 29.6305977 ], [ -95.1225519, 29.6311013 ], [ -95.1223777, 29.6334606 ], [ -95.1247818, 29.6334134 ], [ -95.1278994, 29.6333665 ], [ -95.1308434, 29.633342 ], [ -95.1350925, 29.6332591 ], [ -95.1359958, 29.6332455 ], [ -95.1391523, 29.633198 ], [ -95.1393896, 29.6331356 ], [ -95.1396178, 29.6330512 ], [ -95.1398342, 29.6329457 ], [ -95.1399732, 29.6328626 ], [ -95.1401139, 29.6327639 ], [ -95.1402348, 29.6326651 ], [ -95.1410778, 29.6318822 ], [ -95.1412641, 29.6317275 ], [ -95.1414677, 29.6315905 ], [ -95.1416866, 29.6314727 ], [ -95.1419183, 29.6313753 ], [ -95.1420816, 29.6313215 ], [ -95.1424013, 29.6312476 ], [ -95.1427362, 29.6312804 ], [ -95.1459293, 29.6311979 ], [ -95.1476406, 29.6311716 ], [ -95.1482447, 29.6311512 ], [ -95.1501182, 29.6310662 ], [ -95.1560954, 29.6309363 ], [ -95.1625135, 29.6307708 ], [ -95.1740833, 29.6305125 ], [ -95.174997, 29.6304901 ], [ -95.1770285, 29.6304404 ], [ -95.177336, 29.6304329 ], [ -95.1780894, 29.6304144 ], [ -95.1788269, 29.6304026 ], [ -95.1808614, 29.6303701 ], [ -95.1823916, 29.6303727 ], [ -95.1842474, 29.6303209 ], [ -95.1887418, 29.6302553 ], [ -95.1892989, 29.6302705 ], [ -95.1907826, 29.6302497 ], [ -95.1908179, 29.6314049 ], [ -95.1926886, 29.6313704 ], [ -95.1924316, 29.6340669 ], [ -95.1931063, 29.6350039 ], [ -95.1933727, 29.6353903 ], [ -95.1948585, 29.6373422 ], [ -95.1953223, 29.6379664 ], [ -95.195878, 29.6386866 ], [ -95.1965054, 29.6395618 ], [ -95.1971881, 29.640421 ], [ -95.1974493, 29.6407721 ], [ -95.1975859, 29.6409374 ], [ -95.1985776, 29.6422682 ], [ -95.1999032, 29.6440054 ], [ -95.2019507, 29.6439588 ], [ -95.204653, 29.6439219 ], [ -95.2057731, 29.6438942 ], [ -95.2076243, 29.6438442 ], [ -95.2079887, 29.6438347 ], [ -95.2081335, 29.6509162 ], [ -95.2081367, 29.6510677 ], [ -95.2081616, 29.6510675 ], [ -95.2139976, 29.6510321 ], [ -95.2150413, 29.6510144 ], [ -95.215699, 29.6510085 ], [ -95.2163864, 29.6510021 ], [ -95.2164258, 29.6528046 ], [ -95.2195232, 29.6527733 ], [ -95.2232238, 29.6527124 ], [ -95.2246743, 29.652693 ], [ -95.2249289, 29.6526896 ], [ -95.2251152, 29.652674 ], [ -95.2490292, 29.6522838 ], [ -95.2490439, 29.6532939 ], [ -95.2491338, 29.653581 ], [ -95.2494869, 29.6700846 ], [ -95.248863, 29.6700944 ], [ -95.2487576, 29.6700614 ], [ -95.2487261, 29.6700532 ], [ -95.2486944, 29.6700455 ], [ -95.2486626, 29.6700382 ], [ -95.2486307, 29.6700315 ], [ -95.2485986, 29.6700252 ], [ -95.2485663, 29.6700198 ], [ -95.2485551, 29.6700181 ], [ -95.2485338, 29.6700148 ], [ -95.2485012, 29.6700104 ], [ -95.2484686, 29.6700064 ], [ -95.248406, 29.6700002 ], [ -95.2483336, 29.6699878 ], [ -95.2482309, 29.6699815 ], [ -95.2482234, 29.669981 ], [ -95.2479055, 29.6699613 ], [ -95.2408057, 29.6700743 ], [ -95.2407718, 29.6700726 ], [ -95.240738, 29.6700715 ], [ -95.2407041, 29.6700708 ], [ -95.2406701, 29.6700707 ], [ -95.2406362, 29.6700711 ], [ -95.2406023, 29.670072 ], [ -95.240585, 29.6700728 ], [ -95.2405684, 29.6700735 ], [ -95.2405447, 29.6700748 ], [ -95.2405346, 29.6700754 ], [ -95.2405292, 29.6700758 ], [ -95.2405008, 29.6700779 ], [ -95.240467, 29.6700809 ], [ -95.2404333, 29.6700843 ], [ -95.2403997, 29.6700884 ], [ -95.2403339, 29.6700977 ], [ -95.2403238, 29.6700993 ], [ -95.2402867, 29.6701051 ], [ -95.2400324, 29.6701435 ], [ -95.2397757, 29.6701835 ], [ -95.2396503, 29.6702155 ], [ -95.2396363, 29.6702191 ], [ -95.2396174, 29.6702239 ], [ -95.23959, 29.6702308 ], [ -95.2395845, 29.6702322 ], [ -95.2390783, 29.6703577 ], [ -95.2390772, 29.670358 ], [ -95.2382678, 29.6703766 ], [ -95.238018, 29.6703844 ], [ -95.2372909, 29.6703937 ], [ -95.23627, 29.670419 ], [ -95.2361466, 29.6704221 ], [ -95.2359864, 29.6704235 ], [ -95.235902, 29.6704243 ], [ -95.2358581, 29.6704265 ], [ -95.2341197, 29.6697372 ], [ -95.2335966, 29.6697552 ], [ -95.2333156, 29.6697501 ], [ -95.2329478, 29.6697464 ], [ -95.2329442, 29.6696979 ], [ -95.232942, 29.6696978 ], [ -95.2327641, 29.6696915 ], [ -95.2319335, 29.6696959 ], [ -95.2315577, 29.669701 ], [ -95.2313698, 29.6697035 ], [ -95.2309926, 29.6697085 ], [ -95.2309135, 29.6697095 ], [ -95.230804, 29.669711 ], [ -95.2306164, 29.6697135 ], [ -95.2304534, 29.669722 ], [ -95.2295094, 29.6697348 ], [ -95.2288887, 29.6697443 ], [ -95.2282548, 29.6697541 ], [ -95.2282574, 29.6698731 ], [ -95.2282729, 29.6706857 ], [ -95.2283033, 29.6706854 ], [ -95.228305, 29.670736 ], [ -95.228308, 29.6710294 ], [ -95.2283085, 29.6710811 ], [ -95.228313, 29.6713308 ], [ -95.2283163, 29.6715102 ], [ -95.2283171, 29.6715563 ], [ -95.2283213, 29.6717819 ], [ -95.2283239, 29.6719222 ], [ -95.2283255, 29.6720093 ], [ -95.2283296, 29.6722356 ], [ -95.2283314, 29.6723329 ], [ -95.2283338, 29.6724612 ], [ -95.2283379, 29.6726874 ], [ -95.228339, 29.6727449 ], [ -95.2283421, 29.6729148 ], [ -95.2283465, 29.6731556 ], [ -95.2283485, 29.6733211 ], [ -95.2283564, 29.6735619 ], [ -95.2283619, 29.6737926 ], [ -95.2283676, 29.6740305 ], [ -95.2283692, 29.6740953 ], [ -95.2283707, 29.6741459 ], [ -95.2283743, 29.6742623 ], [ -95.2283758, 29.6743102 ], [ -95.2283948, 29.674922 ], [ -95.2284202, 29.6756669 ], [ -95.2284205, 29.6756762 ], [ -95.2284235, 29.6757639 ], [ -95.2243969, 29.6758426 ], [ -95.2249875, 29.6766032 ], [ -95.2255389, 29.6773578 ], [ -95.2256801, 29.6775812 ], [ -95.2258129, 29.6778456 ], [ -95.2260327, 29.6781967 ], [ -95.2261901, 29.6784278 ], [ -95.2267914, 29.6792005 ], [ -95.2270006, 29.6794907 ], [ -95.2269639, 29.6794943 ], [ -95.2276976, 29.6805133 ], [ -95.2280537, 29.6810383 ], [ -95.228091, 29.681036 ], [ -95.2293462, 29.6828549 ], [ -95.2304313, 29.6843688 ], [ -95.2317671, 29.6862692 ], [ -95.2325083, 29.6873022 ], [ -95.2327702, 29.6876838 ], [ -95.2337142, 29.6889671 ], [ -95.2339129, 29.6892753 ], [ -95.2339291, 29.689275 ], [ -95.234677, 29.6903813 ], [ -95.2325327, 29.690401 ], [ -95.2298798, 29.6904375 ], [ -95.2282378, 29.6904262 ], [ -95.228151, 29.6944122 ], [ -95.228234, 29.7059012 ], [ -95.2282852, 29.7099181 ], [ -95.227788, 29.709973 ], [ -95.2262173, 29.7101178 ], [ -95.2262636, 29.7132378 ], [ -95.2262933, 29.716368 ], [ -95.2263579, 29.7190175 ], [ -95.2258562, 29.7188571 ], [ -95.2253876, 29.7187362 ], [ -95.2251758, 29.7186903 ], [ -95.2246837, 29.7186195 ], [ -95.224295, 29.7185494 ], [ -95.2236773, 29.7183304 ], [ -95.2230191, 29.7181282 ], [ -95.2223417, 29.717952 ], [ -95.2216722, 29.7178082 ], [ -95.2210559, 29.7177017 ], [ -95.220746, 29.7176572 ], [ -95.2201331, 29.717587 ], [ -95.2192848, 29.71753 ], [ -95.218589, 29.7175077 ], [ -95.2178912, 29.717509 ], [ -95.2175316, 29.7175216 ], [ -95.2165032, 29.7175798 ], [ -95.215594, 29.7176586 ], [ -95.2148757, 29.71777 ], [ -95.2145186, 29.7178349 ], [ -95.2138091, 29.7179831 ], [ -95.2129567, 29.7181958 ], [ -95.2124667, 29.7183358 ], [ -95.211997, 29.7184826 ], [ -95.2110916, 29.7188015 ], [ -95.2107291, 29.7189431 ], [ -95.2101411, 29.7191904 ], [ -95.2096468, 29.7194159 ], [ -95.2091636, 29.7196528 ], [ -95.2087097, 29.7198908 ], [ -95.2070307, 29.7208533 ], [ -95.20494, 29.7223683 ], [ -95.2035309, 29.7236549 ], [ -95.2029698, 29.7243993 ], [ -95.2026047, 29.7249335 ], [ -95.202368, 29.7253051 ], [ -95.2021288, 29.7257044 ], [ -95.2019048, 29.7261034 ], [ -95.2016818, 29.7265287 ], [ -95.2013649, 29.727193 ], [ -95.201071, 29.7278917 ], [ -95.2008579, 29.7284674 ], [ -95.2004979, 29.7295549 ], [ -95.2001992, 29.7303008 ], [ -95.1998477, 29.7310331 ], [ -95.1996171, 29.7314551 ], [ -95.199399, 29.7318219 ], [ -95.1990638, 29.7323363 ], [ -95.1987028, 29.7328362 ], [ -95.1982958, 29.7333459 ], [ -95.197891, 29.7338062 ], [ -95.1975288, 29.7341848 ], [ -95.1971302, 29.7345701 ], [ -95.1969263, 29.7347009 ], [ -95.1965322, 29.7349302 ], [ -95.1963294, 29.735037 ], [ -95.1959132, 29.7352344 ], [ -95.1954842, 29.7354095 ], [ -95.1950806, 29.7355502 ], [ -95.1947428, 29.7356511 ], [ -95.1943983, 29.7357389 ], [ -95.1854147, 29.7385872 ], [ -95.1847313, 29.7387439 ], [ -95.1841841, 29.7388454 ], [ -95.1836159, 29.7389289 ], [ -95.183167, 29.7389794 ], [ -95.1825947, 29.7390243 ], [ -95.1819207, 29.7390495 ], [ -95.1812631, 29.7390453 ], [ -95.1806545, 29.7390163 ], [ -95.1800252, 29.7389604 ], [ -95.1791923, 29.7390253 ], [ -95.1783627, 29.7391161 ], [ -95.1775373, 29.7392329 ], [ -95.1771266, 29.7393009 ], [ -95.1767173, 29.7393754 ], [ -95.1759036, 29.7395435 ], [ -95.1750974, 29.739737 ], [ -95.1746974, 29.7398432 ], [ -95.1739042, 29.7400742 ], [ -95.1738073, 29.7401148 ], [ -95.1736055, 29.7401797 ], [ -95.1733961, 29.7402219 ], [ -95.1732895, 29.7402342 ], [ -95.1731171, 29.7402417 ], [ -95.1729179, 29.7402314 ], [ -95.1727364, 29.7402039 ], [ -95.1725716, 29.7401631 ], [ -95.172421, 29.7401115 ], [ -95.1722692, 29.7400439 ], [ -95.1721217, 29.7399608 ], [ -95.1719928, 29.7398711 ], [ -95.171873, 29.7398106 ], [ -95.1716419, 29.7396938 ], [ -95.1650976, 29.7363865 ], [ -95.1644653, 29.7358964 ], [ -95.1637565, 29.7353165 ], [ -95.1632164, 29.7348513 ], [ -95.1625197, 29.7342192 ], [ -95.1474514, 29.7289769 ], [ -95.1468301, 29.7290184 ], [ -95.1458346, 29.7291062 ], [ -95.1448425, 29.7292199 ], [ -95.1438549, 29.7293597 ], [ -95.1434613, 29.7293248 ], [ -95.1429876, 29.729296 ], [ -95.1425588, 29.729282 ], [ -95.1420603, 29.7292803 ], [ -95.1413489, 29.729305 ], [ -95.1407217, 29.7293533 ], [ -95.1404092, 29.7293868 ], [ -95.1402818, 29.7294022 ], [ -95.1395767, 29.7290695 ], [ -95.1388737, 29.7287656 ], [ -95.1385177, 29.728622 ], [ -95.1381512, 29.7284811 ], [ -95.1374099, 29.7282169 ], [ -95.1366123, 29.7279628 ], [ -95.1355926, 29.7276813 ], [ -95.1346696, 29.7274668 ], [ -95.1336899, 29.7272796 ], [ -95.1326326, 29.7271228 ], [ -95.1316272, 29.7270162 ], [ -95.130643, 29.7269514 ], [ -95.1299827, 29.7269297 ], [ -95.1295169, 29.7269248 ], [ -95.1286935, 29.7269372 ], [ -95.1278714, 29.7269766 ], [ -95.1270411, 29.7270331 ], [ -95.1262033, 29.7271067 ], [ -95.1253692, 29.7272071 ], [ -95.1243121, 29.7273739 ], [ -95.1233386, 29.7275676 ], [ -95.1226007, 29.7277406 ], [ -95.1221873, 29.7278478 ], [ -95.1213679, 29.7280823 ], [ -95.120441, 29.7283842 ], [ -95.1195763, 29.7287826 ], [ -95.1187824, 29.7291624 ], [ -95.1175942, 29.7297563 ], [ -95.1167652, 29.7301895 ], [ -95.1156094, 29.7308201 ], [ -95.1150377, 29.7311439 ], [ -95.1139977, 29.7317537 ], [ -95.113062, 29.7323262 ], [ -95.1115693, 29.7327582 ], [ -95.110086, 29.7332143 ], [ -95.1088743, 29.7336072 ], [ -95.1074351, 29.7340981 ], [ -95.1061, 29.7345773 ], [ -95.1047744, 29.7350764 ], [ -95.1025592, 29.7359502 ], [ -95.1020069, 29.7361884 ], [ -95.1014661, 29.736446 ], [ -95.1011987, 29.7365828 ], [ -95.1006739, 29.7368705 ], [ -95.1001623, 29.7371772 ], [ -95.0996378, 29.7375209 ], [ -95.0991308, 29.7378841 ], [ -95.0986423, 29.7382661 ], [ -95.0984053, 29.7384639 ], [ -95.0979463, 29.7388728 ], [ -95.0973801, 29.7394302 ], [ -95.0969726, 29.7398739 ], [ -95.0965874, 29.7403325 ], [ -95.0962003, 29.7408392 ], [ -95.0958403, 29.741361 ], [ -95.0955083, 29.7418967 ], [ -95.0952049, 29.7424451 ], [ -95.0949308, 29.7430052 ], [ -95.0948049, 29.7432892 ], [ -95.0946177, 29.7437526 ], [ -95.0938199, 29.7441217 ], [ -95.0934309, 29.7443135 ], [ -95.0926673, 29.7447137 ], [ -95.0919202, 29.7451371 ], [ -95.0915533, 29.7453573 ], [ -95.0908329, 29.7458146 ], [ -95.0901315, 29.7462937 ], [ -95.0899724, 29.7464493 ], [ -95.0898648, 29.7465388 ], [ -95.0896678, 29.7466721 ], [ -95.0894573, 29.7468352 ], [ -95.0891405, 29.7471111 ], [ -95.088689, 29.7474364 ], [ -95.0881488, 29.7479463 ], [ -95.0876592, 29.7484665 ], [ -95.0874107, 29.7487021 ], [ -95.0867347, 29.7495126 ], [ -95.0859389, 29.7506018 ], [ -95.0854221, 29.7514455 ], [ -95.0851046, 29.7520077 ], [ -95.0848662, 29.7524937 ], [ -95.0845262, 29.7532825 ], [ -95.0841607, 29.7543217 ], [ -95.084064, 29.7548188 ], [ -95.0839797, 29.7551069 ], [ -95.0838089, 29.7555517 ], [ -95.0836941, 29.7557457 ], [ -95.0835488, 29.7559234 ], [ -95.0833759, 29.7560812 ], [ -95.0831789, 29.7562158 ], [ -95.082962, 29.7563245 ], [ -95.0827295, 29.7564051 ], [ -95.0824861, 29.7564559 ], [ -95.082237, 29.7564759 ], [ -95.0819871, 29.7564646 ], [ -95.0817416, 29.7564223 ], [ -95.0811021, 29.7561184 ], [ -95.0804723, 29.7557995 ], [ -95.0755124, 29.7531237 ], [ -95.0752247, 29.7529454 ], [ -95.0749542, 29.7527476 ], [ -95.0747026, 29.7525317 ], [ -95.0744717, 29.7522989 ], [ -95.0742627, 29.7520507 ], [ -95.0740772, 29.7517888 ], [ -95.0727171, 29.7500421 ], [ -95.072129, 29.7490783 ], [ -95.071527, 29.7472544 ], [ -95.0707394, 29.7448068 ], [ -95.0700972, 29.7440413 ], [ -95.0697567, 29.7431854 ], [ -95.0693855, 29.7423393 ], [ -95.068984, 29.7415039 ], [ -95.0685526, 29.7406798 ], [ -95.0680917, 29.739868 ], [ -95.0676018, 29.7390693 ], [ -95.0670833, 29.7382844 ], [ -95.0668135, 29.7378974 ], [ -95.0665368, 29.7375142 ], [ -95.0659627, 29.7367593 ], [ -95.0656656, 29.7363879 ], [ -95.0650514, 29.7356575 ], [ -95.0644112, 29.7349444 ], [ -95.0640815, 29.7345945 ], [ -95.0637456, 29.7342492 ], [ -95.0631692, 29.7336813 ], [ -95.0625738, 29.733125 ], [ -95.0622132, 29.732802 ], [ -95.0614748, 29.732171 ], [ -95.0610972, 29.7318631 ], [ -95.0607142, 29.7315605 ], [ -95.059932, 29.7309711 ], [ -95.0595331, 29.7306844 ], [ -95.0587201, 29.7301277 ], [ -95.0578875, 29.7295935 ], [ -95.0574641, 29.729335 ], [ -95.0566037, 29.7288355 ], [ -95.0561668, 29.7285946 ], [ -95.0552805, 29.728131 ], [ -95.0548312, 29.7279083 ], [ -95.0536892, 29.7273779 ], [ -95.0527064, 29.7269605 ], [ -95.0515519, 29.726514 ], [ -95.0505979, 29.7261791 ], [ -95.0498926, 29.7259505 ], [ -95.049413, 29.7257615 ], [ -95.048597, 29.7254639 ], [ -95.0481846, 29.7253247 ], [ -95.0473515, 29.7250658 ], [ -95.0465084, 29.724833 ], [ -95.0460834, 29.7247265 ], [ -95.0452271, 29.7245335 ], [ -95.0447962, 29.724447 ], [ -95.0439293, 29.7242943 ], [ -95.0430567, 29.7241688 ], [ -95.0421796, 29.7240706 ], [ -95.0417397, 29.7240318 ], [ -95.0408578, 29.7239748 ], [ -95.0404161, 29.7239566 ], [ -95.0390675, 29.7237785 ], [ -95.0382809, 29.7236833 ], [ -95.0367051, 29.7235116 ], [ -95.0351259, 29.7233651 ], [ -95.0335439, 29.7232437 ], [ -95.0331538, 29.7232218 ], [ -95.0327673, 29.7231712 ], [ -95.032387, 29.7230923 ], [ -95.0320158, 29.7229857 ], [ -95.0316561, 29.7228522 ], [ -95.0313106, 29.7226927 ], [ -95.0309818, 29.7225082 ], [ -95.030672, 29.7223003 ], [ -95.0305249, 29.7221879 ], [ -95.0302477, 29.7219474 ], [ -95.0299947, 29.7216874 ], [ -95.0297677, 29.7214096 ], [ -95.0295684, 29.7211162 ], [ -95.0293982, 29.7208091 ], [ -95.0292583, 29.7204905 ], [ -95.0291496, 29.7201628 ], [ -95.029073, 29.7198283 ], [ -95.0290469, 29.7196592 ], [ -95.0290194, 29.7193189 ], [ -95.0290248, 29.7189778 ], [ -95.0290399, 29.7188077 ], [ -95.0290947, 29.7184699 ], [ -95.0291819, 29.7181374 ], [ -95.0292375, 29.7179738 ], [ -95.0293009, 29.7175622 ], [ -95.0294059, 29.7167366 ], [ -95.0294814, 29.7159086 ], [ -95.0295082, 29.715494 ], [ -95.0295397, 29.7146638 ], [ -95.0295444, 29.7142485 ], [ -95.0295317, 29.713418 ], [ -95.0295143, 29.7130029 ], [ -95.0294574, 29.7121738 ], [ -95.0293712, 29.7113466 ], [ -95.0292664, 29.7105907 ], [ -95.0291711, 29.7100222 ], [ -95.0290287, 29.7092969 ], [ -95.0288636, 29.7085753 ], [ -95.0286759, 29.7078578 ], [ -95.028457, 29.7071692 ], [ -95.0282087, 29.7064883 ], [ -95.0280736, 29.706151 ], [ -95.0277817, 29.7054833 ], [ -95.0274614, 29.7048257 ], [ -95.0272906, 29.704501 ], [ -95.0271129, 29.7041791 ], [ -95.0267369, 29.7035443 ], [ -95.0263338, 29.7029223 ], [ -95.0259043, 29.702314 ], [ -95.0254489, 29.7017202 ], [ -95.0252117, 29.701429 ], [ -95.0247187, 29.7008585 ], [ -95.0244631, 29.7005795 ], [ -95.0239487, 29.7000486 ], [ -95.0234275, 29.6995485 ], [ -95.0161355, 29.7053604 ], [ -95.0160106, 29.7055312 ], [ -95.0158691, 29.7056639 ], [ -95.0157216, 29.7057606 ], [ -95.0155794, 29.7056122 ], [ -95.0146481, 29.7065198 ], [ -95.0138411, 29.7072358 ], [ -95.0132663, 29.7077027 ], [ -95.012665, 29.7081435 ], [ -95.0123547, 29.7083538 ], [ -95.0120525, 29.7085923 ], [ -95.0126378, 29.7095123 ], [ -95.0134919, 29.7107422 ], [ -95.0136864, 29.7125548 ], [ -95.0129694, 29.722526 ], [ -95.0135611, 29.7244612 ], [ -95.0136904, 29.724796 ], [ -95.0138271, 29.7251286 ], [ -95.0139711, 29.7254588 ], [ -95.0141223, 29.7257865 ], [ -95.0142807, 29.7261117 ], [ -95.0144463, 29.7264341 ], [ -95.014619, 29.7267536 ], [ -95.0147987, 29.7270702 ], [ -95.0149854, 29.7273837 ], [ -95.015179, 29.7276941 ], [ -95.0153793, 29.7280011 ], [ -95.0155865, 29.7283046 ], [ -95.0158002, 29.7286047 ], [ -95.0160206, 29.7289011 ], [ -95.0162475, 29.7291937 ], [ -95.0164808, 29.7294824 ], [ -95.0167204, 29.7297672 ], [ -95.0169663, 29.7300479 ], [ -95.0172183, 29.7303244 ], [ -95.0174764, 29.7305966 ], [ -95.0177404, 29.7308645 ], [ -95.0180103, 29.7311278 ], [ -95.018286, 29.7313865 ], [ -95.0185673, 29.7316406 ], [ -95.0188542, 29.7318899 ], [ -95.0191466, 29.7321343 ], [ -95.0194443, 29.7323737 ], [ -95.0197472, 29.7326081 ], [ -95.0200552, 29.7328374 ], [ -95.0203683, 29.7330614 ], [ -95.0206862, 29.7332801 ], [ -95.0210089, 29.7334934 ], [ -95.021338, 29.7337024 ], [ -95.0216716, 29.7339057 ], [ -95.0220097, 29.7341033 ], [ -95.0223521, 29.7342952 ], [ -95.0226987, 29.7344813 ], [ -95.0230494, 29.7346614 ], [ -95.023404, 29.7348356 ], [ -95.0237624, 29.7350038 ], [ -95.0241244, 29.7351659 ], [ -95.02449, 29.7353218 ], [ -95.024859, 29.7354715 ], [ -95.0252313, 29.735615 ], [ -95.0256066, 29.7357521 ], [ -95.025985, 29.7358829 ], [ -95.0263661, 29.7360072 ], [ -95.02675, 29.7361251 ], [ -95.0271364, 29.7362365 ], [ -95.0275252, 29.7363413 ], [ -95.0280353, 29.7364636 ], [ -95.0280533, 29.7364193 ], [ -95.0280847, 29.7363967 ], [ -95.0281507, 29.7363779 ], [ -95.028227, 29.7363774 ], [ -95.028287, 29.7363927 ], [ -95.0283404, 29.7364212 ], [ -95.0288546, 29.7366235 ], [ -95.0306192, 29.7368626 ], [ -95.0323885, 29.737074 ], [ -95.0343749, 29.7372777 ], [ -95.0362945, 29.737441 ], [ -95.0383598, 29.7375801 ], [ -95.0399286, 29.7376605 ], [ -95.0407086, 29.7377565 ], [ -95.0410969, 29.7378147 ], [ -95.041869, 29.7379512 ], [ -95.0422525, 29.7380295 ], [ -95.0426342, 29.7381144 ], [ -95.0433914, 29.7383041 ], [ -95.0441394, 29.73852 ], [ -95.0448769, 29.7387617 ], [ -95.0452413, 29.7388921 ], [ -95.045961, 29.7391718 ], [ -95.0463158, 29.739321 ], [ -95.047015, 29.7396378 ], [ -95.0476992, 29.7399786 ], [ -95.0483673, 29.7403429 ], [ -95.048695, 29.7405337 ], [ -95.049337, 29.7409322 ], [ -95.0499602, 29.7413527 ], [ -95.0502645, 29.741571 ], [ -95.0508579, 29.7420233 ], [ -95.0514301, 29.7424958 ], [ -95.0517081, 29.7427395 ], [ -95.0522469, 29.743241 ], [ -95.0527625, 29.7437608 ], [ -95.0530085, 29.7440613 ], [ -95.053248, 29.7443657 ], [ -95.0537074, 29.744986 ], [ -95.0541398, 29.7456209 ], [ -95.0543458, 29.7459435 ], [ -95.0547369, 29.7465985 ], [ -95.0550997, 29.7472657 ], [ -95.0554337, 29.7479443 ], [ -95.0557384, 29.7486333 ], [ -95.0558797, 29.7489814 ], [ -95.0561397, 29.7496843 ], [ -95.0563695, 29.750395 ], [ -95.0565688, 29.7511128 ], [ -95.0568709, 29.752427 ], [ -95.0569492, 29.7527201 ], [ -95.0571285, 29.7533013 ], [ -95.0572294, 29.753589 ], [ -95.0574535, 29.7541582 ], [ -95.0577069, 29.7547179 ], [ -95.0579891, 29.7552671 ], [ -95.0582995, 29.7558046 ], [ -95.0584651, 29.7560685 ], [ -95.0590092, 29.7568706 ], [ -95.0595797, 29.7576586 ], [ -95.0601762, 29.7584317 ], [ -95.0607982, 29.7591894 ], [ -95.0614452, 29.7599311 ], [ -95.0617779, 29.7602957 ], [ -95.0624612, 29.761012 ], [ -95.0631682, 29.7617108 ], [ -95.063898, 29.7623913 ], [ -95.0642714, 29.7627246 ], [ -95.0650345, 29.7633768 ], [ -95.065999, 29.7640079 ], [ -95.0669789, 29.7646206 ], [ -95.0679737, 29.7652147 ], [ -95.0694096, 29.7660248 ], [ -95.0708307, 29.7667744 ], [ -95.0714506, 29.7671809 ], [ -95.0719128, 29.7674614 ], [ -95.0724304, 29.7677539 ], [ -95.072969, 29.7680359 ], [ -95.0738053, 29.7684314 ], [ -95.0741466, 29.7685788 ], [ -95.0747918, 29.7688367 ], [ -95.0757216, 29.7691627 ], [ -95.0765441, 29.7694087 ], [ -95.0772246, 29.7695837 ], [ -95.0775677, 29.7696624 ], [ -95.0782769, 29.7698054 ], [ -95.0790103, 29.7699259 ], [ -95.07956, 29.7699985 ], [ -95.0800438, 29.77005 ], [ -95.0807721, 29.7701057 ], [ -95.0816856, 29.7701392 ], [ -95.0823559, 29.770138 ], [ -95.0827212, 29.7701283 ], [ -95.0833902, 29.7700936 ], [ -95.084208, 29.7700216 ], [ -95.085012, 29.7699185 ], [ -95.0857697, 29.7697915 ], [ -95.0864519, 29.7696517 ], [ -95.0871564, 29.7694814 ], [ -95.0880345, 29.7692309 ], [ -95.0888639, 29.7689533 ], [ -95.0894509, 29.7687315 ], [ -95.0903001, 29.7683713 ], [ -95.0908761, 29.7680989 ], [ -95.0914024, 29.7678287 ], [ -95.0917137, 29.7676587 ], [ -95.0923242, 29.7673025 ], [ -95.0929176, 29.7669249 ], [ -95.0934929, 29.7665266 ], [ -95.0940491, 29.7661081 ], [ -95.0945854, 29.7656703 ], [ -95.0951008, 29.7652138 ], [ -95.0955944, 29.7647393 ], [ -95.0960656, 29.7642478 ], [ -95.0962846, 29.763944 ], [ -95.0967071, 29.7633282 ], [ -95.0973016, 29.7623849 ], [ -95.0976692, 29.7617475 ], [ -95.0978602, 29.7613967 ], [ -95.098223, 29.7606874 ], [ -95.0985599, 29.7599685 ], [ -95.0989837, 29.758956 ], [ -95.0993405, 29.7579741 ], [ -95.0996181, 29.7570895 ], [ -95.100017, 29.7569124 ], [ -95.1008047, 29.7565415 ], [ -95.1015783, 29.7561488 ], [ -95.1023371, 29.7557346 ], [ -95.1030803, 29.7552994 ], [ -95.1036545, 29.7549418 ], [ -95.1042548, 29.7545471 ], [ -95.1048521, 29.7540594 ], [ -95.1054294, 29.7535537 ], [ -95.1059859, 29.7530305 ], [ -95.1065208, 29.7524904 ], [ -95.1067853, 29.7522085 ], [ -95.1072966, 29.7516325 ], [ -95.1077837, 29.7510407 ], [ -95.1082555, 29.7504212 ], [ -95.1084861, 29.7500993 ], [ -95.1089262, 29.7494446 ], [ -95.1093378, 29.748776 ], [ -95.1095328, 29.7484367 ], [ -95.1098481, 29.7478512 ], [ -95.1100339, 29.7476295 ], [ -95.1101357, 29.7475247 ], [ -95.1103596, 29.7473255 ], [ -95.1104816, 29.7472318 ], [ -95.1107407, 29.7470608 ], [ -95.1110179, 29.7469129 ], [ -95.1113104, 29.7467897 ], [ -95.1116155, 29.7466923 ], [ -95.1119843, 29.746659 ], [ -95.1127195, 29.7465754 ], [ -95.1134508, 29.7464692 ], [ -95.1141774, 29.7463405 ], [ -95.1149978, 29.7461669 ], [ -95.1158505, 29.746012 ], [ -95.1164605, 29.7458754 ], [ -95.1170518, 29.7457218 ], [ -95.117624, 29.7455526 ], [ -95.1182428, 29.745346 ], [ -95.1188516, 29.7451176 ], [ -95.1194492, 29.744868 ], [ -95.1200347, 29.7445973 ], [ -95.1205307, 29.7443467 ], [ -95.1215657, 29.7439146 ], [ -95.122587, 29.743458 ], [ -95.1237798, 29.742885 ], [ -95.1246741, 29.742426 ], [ -95.1254926, 29.7419798 ], [ -95.1259777, 29.7417436 ], [ -95.1262259, 29.7416346 ], [ -95.1267322, 29.7414352 ], [ -95.1273242, 29.7412388 ], [ -95.1275592, 29.7411712 ], [ -95.1280345, 29.7410516 ], [ -95.1286562, 29.7409286 ], [ -95.1290369, 29.7408713 ], [ -95.1295198, 29.7408178 ], [ -95.1302483, 29.7407769 ], [ -95.1315688, 29.7409467 ], [ -95.1330593, 29.7411526 ], [ -95.1342201, 29.7413483 ], [ -95.1349984, 29.7415048 ], [ -95.1354221, 29.7415986 ], [ -95.1362641, 29.7418035 ], [ -95.1366823, 29.7419146 ], [ -95.1370984, 29.7420314 ], [ -95.1379241, 29.742282 ], [ -95.1385578, 29.7424431 ], [ -95.1388773, 29.7425153 ], [ -95.1391985, 29.742582 ], [ -95.1398449, 29.7426984 ], [ -95.1407606, 29.7428236 ], [ -95.1416829, 29.7429038 ], [ -95.1426635, 29.7429388 ], [ -95.1436423, 29.7430002 ], [ -95.1446186, 29.7430879 ], [ -95.1464506, 29.7433053 ], [ -95.1470834, 29.7433512 ], [ -95.1474006, 29.7433643 ], [ -95.1480355, 29.7433708 ], [ -95.1486701, 29.743351 ], [ -95.1493029, 29.7433049 ], [ -95.1496182, 29.7432721 ], [ -95.1502456, 29.7431868 ], [ -95.1523093, 29.7452999 ], [ -95.1533732, 29.746064 ], [ -95.1613331, 29.7512067 ], [ -95.1620721, 29.7515329 ], [ -95.162823, 29.7518379 ], [ -95.1635848, 29.7521212 ], [ -95.1643569, 29.7523827 ], [ -95.1652113, 29.7526431 ], [ -95.1660758, 29.7528767 ], [ -95.1669493, 29.7530832 ], [ -95.1676746, 29.7532327 ], [ -95.1683674, 29.7533574 ], [ -95.1691842, 29.7534819 ], [ -95.1700053, 29.7535831 ], [ -95.1708297, 29.7536608 ], [ -95.171915, 29.7537446 ], [ -95.1725891, 29.753774 ], [ -95.173264, 29.7537792 ], [ -95.1739386, 29.75376 ], [ -95.1742754, 29.7537413 ], [ -95.1749473, 29.7536857 ], [ -95.1757983, 29.7535798 ], [ -95.1772817, 29.7533217 ], [ -95.1785551, 29.7531111 ], [ -95.1803239, 29.7528466 ], [ -95.1816627, 29.7526679 ], [ -95.1850298, 29.7525437 ], [ -95.1852713, 29.7525553 ], [ -95.185382, 29.7525606 ], [ -95.1858219, 29.7525679 ], [ -95.1863751, 29.7525552 ], [ -95.1869268, 29.7525183 ], [ -95.187565, 29.7524442 ], [ -95.1880203, 29.7523721 ], [ -95.1893095, 29.7520309 ], [ -95.1905281, 29.7517291 ], [ -95.1911007, 29.7515942 ], [ -95.1915235, 29.7515368 ], [ -95.1919408, 29.7514548 ], [ -95.1921469, 29.7514047 ], [ -95.1925528, 29.7512866 ], [ -95.1929487, 29.7511451 ], [ -95.1931423, 29.7510657 ], [ -95.193529, 29.7508857 ], [ -95.1937016, 29.7507955 ], [ -95.1940365, 29.750601 ], [ -95.1943568, 29.7503884 ], [ -95.1948915, 29.7501365 ], [ -95.1956842, 29.7497867 ], [ -95.1960935, 29.7496168 ], [ -95.1969213, 29.7492946 ], [ -95.1977608, 29.7489961 ], [ -95.1987494, 29.7486794 ], [ -95.199324, 29.7485722 ], [ -95.2000285, 29.7484116 ], [ -95.2006807, 29.748233 ], [ -95.201003, 29.7481338 ], [ -95.2016393, 29.7479158 ], [ -95.2019528, 29.7477971 ], [ -95.2022631, 29.747672 ], [ -95.2028732, 29.747403 ], [ -95.2031727, 29.7472592 ], [ -95.2037596, 29.7469535 ], [ -95.2043295, 29.7466241 ], [ -95.2048811, 29.7462718 ], [ -95.2051306, 29.7461007 ], [ -95.2056166, 29.7457445 ], [ -95.2060843, 29.7453702 ], [ -95.2064493, 29.7450541 ], [ -95.207251, 29.7444052 ], [ -95.2078444, 29.7438958 ], [ -95.2087351, 29.7430803 ], [ -95.2093452, 29.7424827 ], [ -95.2096431, 29.7421783 ], [ -95.2096408, 29.7423934 ], [ -95.2101791, 29.7577083 ], [ -95.2036942, 29.7577895 ], [ -95.1950626, 29.7578226 ], [ -95.1941642, 29.7577977 ], [ -95.1935734, 29.7577505 ], [ -95.1929008, 29.7576464 ], [ -95.1921114, 29.7574438 ], [ -95.1915791, 29.7572686 ], [ -95.1913987, 29.7571989 ], [ -95.1913921, 29.757934 ], [ -95.1915712, 29.7579904 ], [ -95.1916572, 29.7580287 ], [ -95.1917871, 29.758104 ], [ -95.1918674, 29.7581702 ], [ -95.1919794, 29.7583187 ], [ -95.1920661, 29.7585591 ], [ -95.1921214, 29.7587466 ], [ -95.1921899, 29.7590597 ], [ -95.1922081, 29.7592741 ], [ -95.1921998, 29.7594124 ], [ -95.1921786, 29.7595496 ], [ -95.1921035, 29.7598044 ], [ -95.1921173, 29.7598162 ], [ -95.1921379, 29.7598145 ], [ -95.1922204, 29.7597451 ], [ -95.1923126, 29.7596839 ], [ -95.1926798, 29.7594997 ], [ -95.1926957, 29.759555 ], [ -95.192692, 29.7596121 ], [ -95.1926724, 29.7596594 ], [ -95.1926413, 29.7596974 ], [ -95.1920935, 29.7601765 ], [ -95.1919783, 29.760303 ], [ -95.191895, 29.7604107 ], [ -95.1917652, 29.7606187 ], [ -95.1911782, 29.7617462 ], [ -95.1910414, 29.7619172 ], [ -95.1909162, 29.7620346 ], [ -95.1907753, 29.7621382 ], [ -95.1906436, 29.7622148 ], [ -95.1904059, 29.7623319 ], [ -95.1902528, 29.7624343 ], [ -95.1901345, 29.7625384 ], [ -95.1899683, 29.76272 ], [ -95.1897678, 29.7628964 ], [ -95.1895493, 29.7630566 ], [ -95.1894572, 29.763116 ], [ -95.1893239, 29.7631838 ], [ -95.1892182, 29.7632613 ], [ -95.1891198, 29.7633632 ], [ -95.1890509, 29.7634667 ], [ -95.1887004, 29.7642212 ], [ -95.1884667, 29.7649257 ], [ -95.1885296, 29.7653956 ], [ -95.1890456, 29.7670811 ], [ -95.1883032, 29.7670568 ], [ -95.1822306, 29.7672031 ], [ -95.1822841, 29.7709416 ], [ -95.1758896, 29.7710767 ], [ -95.1756908, 29.7711239 ], [ -95.1747322, 29.7711288 ], [ -95.1741008, 29.7711081 ], [ -95.1738309, 29.7710645 ], [ -95.1736099, 29.7710625 ], [ -95.1716829, 29.771118 ], [ -95.16953, 29.7711651 ], [ -95.1653026, 29.7712335 ], [ -95.1651145, 29.7712798 ], [ -95.1630379, 29.7716011 ], [ -95.1628461, 29.7715993 ], [ -95.1618683, 29.7716261 ], [ -95.1617289, 29.7716272 ], [ -95.161717, 29.7713029 ], [ -95.1615053, 29.7712989 ], [ -95.159646, 29.7713198 ], [ -95.1594514, 29.7714296 ], [ -95.1587244, 29.7714481 ], [ -95.1587214, 29.7716102 ], [ -95.1578104, 29.771633 ], [ -95.1578103, 29.7715958 ], [ -95.1575395, 29.771596 ], [ -95.1527776, 29.7721907 ], [ -95.1522764, 29.7721779 ], [ -95.1522793, 29.7722506 ], [ -95.1519629, 29.7723162 ], [ -95.1510965, 29.7724584 ], [ -95.1498572, 29.7726345 ], [ -95.1496799, 29.7726669 ], [ -95.1495414, 29.7727054 ], [ -95.1468211, 29.7731187 ], [ -95.1461173, 29.7732558 ], [ -95.1431499, 29.7739862 ], [ -95.1391628, 29.774932 ], [ -95.1383272, 29.7751882 ], [ -95.1373528, 29.7753843 ], [ -95.1351998, 29.7758959 ], [ -95.1348243, 29.7759851 ], [ -95.1325042, 29.7765527 ], [ -95.1317903, 29.7767143 ], [ -95.1299894, 29.7771567 ], [ -95.1269049, 29.7778829 ], [ -95.1247625, 29.7784098 ], [ -95.1237046, 29.7786848 ], [ -95.122759, 29.7789507 ], [ -95.1215957, 29.779315 ], [ -95.1210948, 29.7794951 ], [ -95.1208679, 29.7795862 ], [ -95.1206116, 29.7796998 ], [ -95.1164315, 29.7814446 ], [ -95.1164309, 29.7815705 ], [ -95.116232, 29.7816493 ], [ -95.1160471, 29.781619 ], [ -95.1154659, 29.7818874 ], [ -95.1117271, 29.7834444 ], [ -95.1074978, 29.7852201 ], [ -95.1068119, 29.7854759 ], [ -95.1061711, 29.7856225 ], [ -95.1061616, 29.7856324 ], [ -95.1055277, 29.7858204 ], [ -95.1049075, 29.7860727 ], [ -95.1038883, 29.786408 ], [ -95.1034414, 29.7865353 ], [ -95.0996895, 29.787766 ], [ -95.096454, 29.7888338 ], [ -95.0952291, 29.7892541 ], [ -95.093726, 29.78971 ], [ -95.0921472, 29.7902433 ], [ -95.0913027, 29.7904704 ], [ -95.0908923, 29.7905929 ], [ -95.0899325, 29.7908217 ], [ -95.0894069, 29.791001 ], [ -95.0882566, 29.7911939 ], [ -95.0882454, 29.791036 ], [ -95.0879027, 29.7910846 ], [ -95.0852216, 29.7914062 ], [ -95.0837024, 29.7916337 ], [ -95.0825809, 29.7918405 ], [ -95.0806647, 29.7924656 ], [ -95.0806707, 29.7924119 ], [ -95.0804067, 29.7924949 ], [ -95.0799935, 29.7926388 ], [ -95.0797756, 29.7927509 ], [ -95.0787937, 29.7930796 ], [ -95.0776669, 29.7934945 ], [ -95.0760559, 29.7940286 ], [ -95.0758587, 29.7941261 ], [ -95.0756644, 29.7941947 ], [ -95.072977, 29.7950994 ], [ -95.071457, 29.7956317 ], [ -95.0710778, 29.7957398 ], [ -95.0706887, 29.7958241 ], [ -95.0702916, 29.7958842 ], [ -95.0698885, 29.7959197 ], [ -95.0695834, 29.7959302 ], [ -95.0691745, 29.7959225 ], [ -95.068765, 29.7958901 ], [ -95.0683572, 29.7958331 ], [ -95.0680256, 29.7957631 ], [ -95.0676324, 29.7956536 ], [ -95.0668906, 29.7954102 ], [ -95.0664099, 29.7952197 ], [ -95.0636222, 29.7939893 ], [ -95.0611412, 29.7927892 ], [ -95.0611259, 29.7928133 ], [ -95.0636074, 29.7940136 ], [ -95.0663956, 29.7952443 ], [ -95.0668788, 29.7954357 ], [ -95.0677198, 29.7957096 ], [ -95.0681172, 29.7958129 ], [ -95.0684531, 29.7958767 ], [ -95.0688639, 29.7959278 ], [ -95.0692756, 29.7959542 ], [ -95.0696863, 29.7959557 ], [ -95.0700939, 29.7959324 ], [ -95.0704964, 29.7958843 ], [ -95.0708919, 29.7958116 ], [ -95.0712785, 29.7957149 ], [ -95.0715615, 29.7956267 ], [ -95.0729886, 29.795125 ], [ -95.0758711, 29.7941544 ], [ -95.076073, 29.7940524 ], [ -95.0776786, 29.79352 ], [ -95.0788053, 29.7931052 ], [ -95.0797894, 29.7927757 ], [ -95.0800075, 29.7926635 ], [ -95.0804179, 29.7925206 ], [ -95.0806345, 29.7924525 ], [ -95.0806285, 29.7925068 ], [ -95.0825898, 29.7918669 ], [ -95.0837083, 29.7916607 ], [ -95.0852264, 29.7914334 ], [ -95.0879073, 29.7911118 ], [ -95.0882161, 29.791068 ], [ -95.0882273, 29.7912268 ], [ -95.0894157, 29.7910276 ], [ -95.0899419, 29.790848 ], [ -95.0909028, 29.7906189 ], [ -95.0913124, 29.7904966 ], [ -95.0921575, 29.7902693 ], [ -95.0937369, 29.7897358 ], [ -95.0952399, 29.7892799 ], [ -95.0976116, 29.7884735 ], [ -95.0980169, 29.7883474 ], [ -95.1034521, 29.7865611 ], [ -95.1038984, 29.7864341 ], [ -95.1049138, 29.7861 ], [ -95.1055395, 29.7858459 ], [ -95.1061801, 29.785656 ], [ -95.1061887, 29.785647 ], [ -95.1068243, 29.7855012 ], [ -95.1075109, 29.7852452 ], [ -95.1117407, 29.7834692 ], [ -95.11548, 29.781912 ], [ -95.1160521, 29.7816478 ], [ -95.1162359, 29.7816779 ], [ -95.1164484, 29.7815938 ], [ -95.1164624, 29.7815879 ], [ -95.1164629, 29.7814619 ], [ -95.1206269, 29.7797239 ], [ -95.1208815, 29.779611 ], [ -95.1211085, 29.7795199 ], [ -95.1216073, 29.7793406 ], [ -95.1220319, 29.7792027 ], [ -95.1227691, 29.7789768 ], [ -95.1233986, 29.7787969 ], [ -95.1247715, 29.7784361 ], [ -95.1269135, 29.7779094 ], [ -95.1299938, 29.7771842 ], [ -95.1317984, 29.7767409 ], [ -95.1325125, 29.7765792 ], [ -95.1373607, 29.7754109 ], [ -95.138336, 29.7752147 ], [ -95.1391712, 29.7749585 ], [ -95.1431582, 29.7740128 ], [ -95.1461249, 29.7732825 ], [ -95.1464633, 29.7732107 ], [ -95.1466383, 29.7731749 ], [ -95.1475828, 29.7730277 ], [ -95.1495495, 29.772732 ], [ -95.1496879, 29.7726935 ], [ -95.1498625, 29.7726617 ], [ -95.151102, 29.7724855 ], [ -95.1519748, 29.7723422 ], [ -95.1523117, 29.7722724 ], [ -95.1523091, 29.7722063 ], [ -95.1527794, 29.7722183 ], [ -95.1575396, 29.7716235 ], [ -95.1577788, 29.7716233 ], [ -95.1577789, 29.7716627 ], [ -95.1587524, 29.7716364 ], [ -95.1587554, 29.7714748 ], [ -95.1594611, 29.7714569 ], [ -95.1596555, 29.7713472 ], [ -95.1616865, 29.7713299 ], [ -95.1616984, 29.7716549 ], [ -95.1618688, 29.7716536 ], [ -95.1628464, 29.7716268 ], [ -95.1630405, 29.7716287 ], [ -95.1651193, 29.771307 ], [ -95.1653032, 29.771261 ], [ -95.1695304, 29.7711926 ], [ -95.1716838, 29.7711455 ], [ -95.1736269, 29.7710895 ], [ -95.1738251, 29.7710916 ], [ -95.1740973, 29.7711355 ], [ -95.1747317, 29.7711563 ], [ -95.1756951, 29.7711514 ], [ -95.1758942, 29.7711041 ], [ -95.1782842, 29.7710527 ], [ -95.1816768, 29.7709797 ], [ -95.182024, 29.7709799 ], [ -95.1822845, 29.7709677 ], [ -95.1822962, 29.7718211 ], [ -95.1824816, 29.7786751 ], [ -95.1825358, 29.7811523 ], [ -95.1825596, 29.7816558 ], [ -95.1827591, 29.7885986 ], [ -95.1831661, 29.7885969 ], [ -95.1833437, 29.7886006 ], [ -95.1930902, 29.7884201 ], [ -95.193534, 29.7884128 ], [ -95.1935407, 29.7884127 ], [ -95.193541, 29.7884127 ], [ -95.1917563, 29.7905926 ], [ -95.191614, 29.7907642 ], [ -95.190295, 29.792368 ], [ -95.1900452, 29.7926571 ], [ -95.1899026, 29.7928567 ], [ -95.1888213, 29.7941378 ], [ -95.1824608, 29.8019261 ], [ -95.1821735, 29.8022769 ], [ -95.1793416, 29.805734 ], [ -95.1792693, 29.8058323 ], [ -95.1791478, 29.8060894 ], [ -95.1790523, 29.806352 ], [ -95.1790515, 29.806354 ], [ -95.1777043, 29.8099336 ], [ -95.1748285, 29.8175737 ], [ -95.1746609, 29.8180045 ], [ -95.1741706, 29.8192968 ], [ -95.1740848, 29.8195436 ], [ -95.1739943, 29.8197858 ], [ -95.1715077, 29.8263779 ], [ -95.1706565, 29.8286478 ], [ -95.1682915, 29.8349184 ], [ -95.1674991, 29.8370316 ], [ -95.1668816, 29.8386581 ], [ -95.1668505, 29.8388117 ], [ -95.1668531, 29.8483163 ], [ -95.1666604, 29.8496148 ], [ -95.1664353, 29.8511322 ], [ -95.1661554, 29.8524325 ], [ -95.1658609, 29.8544533 ], [ -95.165805, 29.8544836 ], [ -95.1611535, 29.8755724 ], [ -95.1611081, 29.8758314 ], [ -95.1608733, 29.8768292 ], [ -95.1608288, 29.8776446 ], [ -95.1608703, 29.8776446 ], [ -95.1609052, 29.8833092 ], [ -95.1608169, 29.8843057 ], [ -95.1608162, 29.8844185 ], [ -95.1607809, 29.8845269 ], [ -95.1607548, 29.8845642 ], [ -95.1607135, 29.8846231 ], [ -95.160619, 29.8847 ], [ -95.1596416, 29.8853172 ], [ -95.1594801, 29.8854357 ], [ -95.1594196, 29.8854901 ], [ -95.1593129, 29.8856097 ], [ -95.1592564, 29.8856873 ], [ -95.1591796, 29.8858236 ], [ -95.15912, 29.8859815 ], [ -95.1590245, 29.8862934 ], [ -95.1585018, 29.8874902 ], [ -95.1580475, 29.8884458 ], [ -95.1566497, 29.8914909 ], [ -95.1531425, 29.8994104 ], [ -95.1529927, 29.8997237 ], [ -95.1529313, 29.8998302 ], [ -95.1528401, 29.8999423 ], [ -95.152022, 29.9005168 ], [ -95.1520264, 29.9017747 ], [ -95.1521253, 29.9017747 ], [ -95.1517005, 29.9027411 ], [ -95.1509259, 29.9027626 ], [ -95.1339877, 29.902967 ], [ -95.1317729, 29.9020281 ], [ -95.1219109, 29.9021759 ], [ -95.1205516, 29.902122 ], [ -95.1238313, 29.9054267 ], [ -95.1245158, 29.9065864 ], [ -95.1245937, 29.9073237 ], [ -95.1245501, 29.9081032 ], [ -95.1240077, 29.9094834 ], [ -95.1237738, 29.9101879 ], [ -95.1233693, 29.9113017 ], [ -95.1233832, 29.9117897 ], [ -95.1233767, 29.9119631 ], [ -95.1233868, 29.912104 ], [ -95.1239809, 29.9146517 ], [ -95.1215135, 29.9157938 ], [ -95.1194773, 29.9195108 ], [ -95.12057, 29.9201693 ], [ -95.1207737, 29.9202591 ], [ -95.1210507, 29.9203596 ], [ -95.1147373, 29.9203278 ], [ -95.1149746, 29.9418219 ], [ -95.1369461, 29.9411521 ], [ -95.1379699, 29.9411405 ], [ -95.1384589, 29.9411538 ], [ -95.1392544, 29.9411485 ], [ -95.1393459, 29.9411376 ], [ -95.1396437, 29.9411367 ], [ -95.1402802, 29.941404 ], [ -95.1406057, 29.9419319 ], [ -95.1412894, 29.9428999 ], [ -95.1393361, 29.9447237 ], [ -95.1395669, 29.9449429 ], [ -95.1404911, 29.9446297 ], [ -95.1418673, 29.9441304 ], [ -95.1428792, 29.9437527 ], [ -95.1438071, 29.9443496 ], [ -95.1440114, 29.9444648 ], [ -95.1454099, 29.9447407 ], [ -95.1471192, 29.9464439 ], [ -95.1470564, 29.9479672 ], [ -95.147003, 29.9488157 ], [ -95.1451702, 29.9487231 ], [ -95.1429998, 29.9492388 ], [ -95.1427154, 29.9487035 ], [ -95.1426934, 29.9480323 ], [ -95.1423788, 29.9480339 ], [ -95.142346, 29.9481116 ], [ -95.1423384, 29.9481737 ], [ -95.1416683, 29.9497466 ], [ -95.1393469, 29.9502767 ], [ -95.1382692, 29.9508781 ], [ -95.1375418, 29.951792 ], [ -95.1196801, 29.9520256 ], [ -95.1186765, 29.9545747 ], [ -95.1180347, 29.9561766 ], [ -95.1143405, 29.9658239 ], [ -95.1214392, 29.9657533 ], [ -95.1250634, 29.9657173 ], [ -95.1252707, 29.9657152 ], [ -95.1239114, 29.9671397 ], [ -95.1233831, 29.967203 ], [ -95.1229966, 29.9672251 ], [ -95.1228853, 29.9673396 ], [ -95.1235139, 29.9678507 ], [ -95.1234803, 29.9684231 ], [ -95.1234989, 29.9687291 ], [ -95.1225788, 29.9707787 ], [ -95.1220985, 29.9706401 ], [ -95.1212571, 29.9704474 ], [ -95.1225654, 29.9709321 ], [ -95.1222302, 29.9726574 ], [ -95.1217369, 29.973877 ], [ -95.1214416, 29.9741635 ], [ -95.1211419, 29.9741548 ], [ -95.120773, 29.9740357 ], [ -95.1206755, 29.9740581 ], [ -95.1201674, 29.9739492 ], [ -95.1196981, 29.9739244 ], [ -95.11827, 29.9742821 ], [ -95.1180346, 29.9743506 ], [ -95.1203955, 29.9741942 ], [ -95.1209994, 29.9743334 ], [ -95.1214885, 29.9747912 ], [ -95.1208003, 29.9758965 ], [ -95.1203691, 29.9766752 ], [ -95.1203399, 29.9768147 ], [ -95.1202344, 29.9779837 ], [ -95.1201757, 29.9791375 ], [ -95.1201277, 29.9796582 ], [ -95.1195509, 29.9794799 ], [ -95.1194122, 29.9796314 ], [ -95.1196403, 29.9800231 ], [ -95.1197813, 29.9804611 ], [ -95.1193053, 29.9809353 ], [ -95.1187023, 29.9806332 ], [ -95.1180503, 29.9807032 ], [ -95.1176149, 29.980097 ], [ -95.1170959, 29.980116 ], [ -95.1166224, 29.9806477 ], [ -95.1165984, 29.9806819 ], [ -95.1165897, 29.9807146 ], [ -95.1174074, 29.9804611 ], [ -95.117812, 29.9810331 ], [ -95.1182754, 29.9811763 ], [ -95.118599, 29.9812923 ], [ -95.1186373, 29.9823497 ], [ -95.1194221, 29.981657 ], [ -95.1198406, 29.9815413 ], [ -95.1207152, 29.9812775 ], [ -95.1218371, 29.982082 ], [ -95.1219235, 29.9822827 ], [ -95.1223628, 29.9831803 ], [ -95.1223631, 29.9835608 ], [ -95.1223363, 29.9840699 ], [ -95.122324, 29.9845511 ], [ -95.1223374, 29.9855636 ], [ -95.1215684, 29.9855869 ], [ -95.1213658, 29.9856015 ], [ -95.1200975, 29.9856313 ], [ -95.1193799, 29.9856386 ], [ -95.1175536, 29.9856913 ], [ -95.113751, 29.9857823 ], [ -95.1115099, 29.9858539 ], [ -95.1106696, 29.9858733 ], [ -95.1106781, 29.9859646 ], [ -95.1106292, 29.9859672 ], [ -95.1105725, 29.9859897 ], [ -95.1105324, 29.9860242 ], [ -95.1105075, 29.9860683 ], [ -95.1105005, 29.9861067 ], [ -95.1105068, 29.9861508 ], [ -95.1105259, 29.986189 ], [ -95.1105557, 29.9862207 ], [ -95.1102716, 29.9865153 ], [ -95.1103315, 29.9865555 ], [ -95.1099891, 29.9881447 ], [ -95.1092051, 29.9911459 ], [ -95.1082233, 29.9954534 ], [ -95.1054473, 30.0080051 ], [ -95.1045012, 30.0123899 ], [ -95.1042193, 30.0136967 ], [ -95.1032212, 30.0179974 ], [ -95.1029405, 30.0193102 ], [ -95.1007414, 30.0193491 ], [ -95.0993832, 30.0193731 ], [ -95.0994178, 30.020325 ], [ -95.0994374, 30.0206362 ], [ -95.0994147, 30.0208107 ], [ -95.0994684, 30.0237082 ], [ -95.0994687, 30.0242318 ], [ -95.1017522, 30.024191 ], [ -95.10177, 30.0243992 ], [ -95.101809, 30.025473 ], [ -95.1018599, 30.0256462 ], [ -95.1019265, 30.027431 ], [ -95.1019311, 30.0280214 ], [ -95.1019422, 30.0282471 ], [ -95.1009132, 30.0282557 ], [ -95.1002692, 30.031062 ], [ -95.0993879, 30.034688 ], [ -95.0985536, 30.0382534 ], [ -95.0974614, 30.0436127 ], [ -95.1002139, 30.0435173 ], [ -95.1016241, 30.043518 ], [ -95.1016061, 30.0429408 ], [ -95.1025567, 30.0429178 ], [ -95.1025728, 30.0435292 ], [ -95.1047346, 30.043534 ], [ -95.1080207, 30.0434713 ], [ -95.1080079, 30.0422361 ], [ -95.1079782, 30.0411153 ], [ -95.1101001, 30.0410582 ], [ -95.1121259, 30.0410624 ], [ -95.1129398, 30.0415613 ], [ -95.113955, 30.0426851 ], [ -95.1144851, 30.0431827 ], [ -95.1159232, 30.0432964 ], [ -95.1165403, 30.0432882 ], [ -95.1167749, 30.043024 ], [ -95.1169566, 30.0432475 ], [ -95.1169926, 30.0433671 ], [ -95.1172666, 30.0435298 ], [ -95.1172221, 30.0443743 ], [ -95.1170366, 30.044752 ], [ -95.1171923, 30.0454291 ], [ -95.1170153, 30.0458674 ], [ -95.1165997, 30.0458601 ], [ -95.1162314, 30.0458672 ], [ -95.113425, 30.0458703 ], [ -95.1124159, 30.0458859 ], [ -95.1118049, 30.0458852 ], [ -95.1110499, 30.0459042 ], [ -95.1105648, 30.0459388 ], [ -95.1088664, 30.0459659 ], [ -95.107954, 30.0459709 ], [ -95.1073109, 30.0459933 ], [ -95.1053355, 30.0460278 ], [ -95.0999106, 30.0459906 ], [ -95.0990797, 30.0460075 ], [ -95.0981161, 30.0460138 ], [ -95.0981398, 30.0477999 ], [ -95.0933727, 30.0478685 ], [ -95.0957931, 30.0572255 ], [ -95.095935, 30.0577058 ], [ -95.0961467, 30.0585949 ], [ -95.096324, 30.0594713 ], [ -95.0965452, 30.0603774 ], [ -95.0992011, 30.0603225 ], [ -95.1017894, 30.0602951 ], [ -95.1018127, 30.061493 ], [ -95.1018073, 30.0620094 ], [ -95.101784, 30.062611 ], [ -95.1018085, 30.0648843 ], [ -95.1018418, 30.0667732 ], [ -95.1045417, 30.0667122 ], [ -95.1045445, 30.066616 ], [ -95.1066191, 30.0666441 ], [ -95.1066501, 30.0667133 ], [ -95.1102108, 30.0667958 ], [ -95.1093756, 30.0649227 ], [ -95.1072674, 30.0602707 ], [ -95.1074166, 30.0602506 ], [ -95.1102113, 30.060221 ], [ -95.1103524, 30.0602195 ], [ -95.1103704, 30.0615057 ], [ -95.1120617, 30.0620312 ], [ -95.1125082, 30.0621363 ], [ -95.1131526, 30.0623833 ], [ -95.1132544, 30.0624123 ], [ -95.1133263, 30.0624595 ], [ -95.1196345, 30.0642385 ], [ -95.121066, 30.0644806 ], [ -95.1215999, 30.0645337 ], [ -95.121291, 30.0668831 ], [ -95.1275951, 30.0675137 ], [ -95.127789, 30.0665143 ], [ -95.1307953, 30.0674403 ], [ -95.1384871, 30.0700446 ], [ -95.1391175, 30.0708348 ], [ -95.1389801, 30.0711669 ], [ -95.1385854, 30.0710433 ], [ -95.1385884, 30.0711447 ], [ -95.1384727, 30.0714006 ], [ -95.1378532, 30.0716438 ], [ -95.1376578, 30.0719228 ], [ -95.1374484, 30.072497 ], [ -95.1373431, 30.0726603 ], [ -95.1371976, 30.0727788 ], [ -95.1370576, 30.0729679 ], [ -95.1368895, 30.0729038 ], [ -95.1367608, 30.0729055 ], [ -95.1364669, 30.0730156 ], [ -95.1362661, 30.0731217 ], [ -95.1359696, 30.0733268 ], [ -95.1356374, 30.0736172 ], [ -95.1352244, 30.0737067 ], [ -95.134999, 30.0739956 ], [ -95.1349586, 30.0740261 ], [ -95.1350595, 30.0741274 ], [ -95.1376557, 30.0741182 ], [ -95.1386939, 30.0740501 ], [ -95.1394963, 30.0738921 ], [ -95.1397653, 30.0739715 ], [ -95.1405854, 30.0738805 ], [ -95.1403172, 30.075249 ], [ -95.1432944, 30.0786184 ], [ -95.1423669, 30.0792366 ], [ -95.141997, 30.0794597 ], [ -95.1415325, 30.0797153 ], [ -95.1415932, 30.0798 ], [ -95.1444786, 30.0838229 ], [ -95.1460326, 30.0829794 ], [ -95.1469116, 30.0825647 ], [ -95.1471171, 30.0824678 ], [ -95.147333, 30.0827619 ], [ -95.1468859, 30.0829705 ], [ -95.1467604, 30.0832477 ], [ -95.1469167, 30.083575 ], [ -95.1475071, 30.0839963 ], [ -95.1479812, 30.0842547 ], [ -95.1482754, 30.0847285 ], [ -95.1486362, 30.0845464 ], [ -95.1487708, 30.0847378 ], [ -95.149465, 30.0845166 ], [ -95.149944, 30.0841901 ], [ -95.1507585, 30.0851867 ], [ -95.156797, 30.0926926 ], [ -95.1585907, 30.0949401 ], [ -95.1593055, 30.0958991 ], [ -95.1629412, 30.1008854 ], [ -95.1656498, 30.1068161 ], [ -95.1669294, 30.1103506 ], [ -95.1810531, 30.0987635 ], [ -95.1928236, 30.0896331 ], [ -95.198342, 30.0851595 ], [ -95.2002108, 30.0836444 ], [ -95.2016078, 30.0825037 ], [ -95.2023532, 30.0819005 ], [ -95.2028712, 30.0814814 ], [ -95.205233, 30.0795648 ], [ -95.2057656, 30.0791355 ], [ -95.2073899, 30.0778265 ], [ -95.2085778, 30.0768595 ], [ -95.2102951, 30.0754616 ], [ -95.2119033, 30.0741332 ], [ -95.2123576, 30.0752001 ], [ -95.2124082, 30.0753189 ], [ -95.2125921, 30.0752621 ], [ -95.212746, 30.0752703 ], [ -95.2132073, 30.0752703 ], [ -95.2139315, 30.0752795 ], [ -95.2143771, 30.0768183 ], [ -95.2146009, 30.0768326 ], [ -95.2161183, 30.0769297 ], [ -95.2177538, 30.0764831 ], [ -95.2182611, 30.0763696 ], [ -95.2183496, 30.0761111 ], [ -95.2184085, 30.0753197 ], [ -95.2184162, 30.0743441 ], [ -95.218244, 30.0742544 ], [ -95.2178544, 30.0736232 ], [ -95.2177679, 30.0734555 ], [ -95.2176778, 30.0732136 ], [ -95.2176254, 30.072967 ], [ -95.2176113, 30.0727192 ], [ -95.217633, 30.0724651 ], [ -95.21762, 30.0724396 ], [ -95.2175953, 30.0724209 ], [ -95.2175204, 30.0724121 ], [ -95.217335, 30.0724206 ], [ -95.216541, 30.0724919 ], [ -95.2163181, 30.0724891 ], [ -95.216099, 30.0724664 ], [ -95.2158861, 30.0724241 ], [ -95.2156486, 30.0723504 ], [ -95.2154569, 30.0722673 ], [ -95.2152502, 30.0721483 ], [ -95.2151153, 30.0720497 ], [ -95.2150158, 30.0719632 ], [ -95.2149465, 30.0718942 ], [ -95.214862, 30.0717857 ], [ -95.2190739, 30.0684112 ], [ -95.2220296, 30.0683897 ], [ -95.2220278, 30.0660144 ], [ -95.2272638, 30.061751 ], [ -95.2272723, 30.0522769 ], [ -95.2274111, 30.0522745 ], [ -95.2281286, 30.0522618 ], [ -95.2310079, 30.0522421 ], [ -95.2314015, 30.0522274 ], [ -95.2329632, 30.0522288 ], [ -95.2332878, 30.0522511 ], [ -95.2333231, 30.0520708 ], [ -95.2357511, 30.0520399 ], [ -95.235757, 30.0521305 ], [ -95.2380248, 30.0520932 ], [ -95.2391427, 30.0520662 ], [ -95.2391649, 30.052984 ], [ -95.2391634, 30.0546409 ], [ -95.2435388, 30.0545815 ], [ -95.2447541, 30.0545583 ], [ -95.2457971, 30.0545527 ], [ -95.2467522, 30.0518699 ], [ -95.2475611, 30.0520431 ], [ -95.2472281, 30.0530926 ], [ -95.2478425, 30.0530983 ], [ -95.247848, 30.0541035 ], [ -95.2468848, 30.0541228 ], [ -95.246284, 30.0557564 ], [ -95.2497566, 30.0557023 ], [ -95.2498016, 30.0576734 ], [ -95.2468665, 30.0577069 ], [ -95.246774, 30.057708 ], [ -95.2461302, 30.0577153 ], [ -95.2459311, 30.0582657 ], [ -95.2453686, 30.0582776 ], [ -95.2453089, 30.0584303 ], [ -95.2450824, 30.0590101 ], [ -95.2448874, 30.0594906 ], [ -95.2448072, 30.0596747 ], [ -95.2443161, 30.0608309 ], [ -95.2441165, 30.0613396 ], [ -95.2436692, 30.0626178 ], [ -95.2428097, 30.0650122 ], [ -95.2416718, 30.0682919 ], [ -95.2414133, 30.0691491 ], [ -95.241286, 30.0695522 ], [ -95.2410353, 30.0703461 ], [ -95.2425313, 30.0703303 ], [ -95.24487, 30.0703304 ], [ -95.2457191, 30.0715851 ], [ -95.2499716, 30.0716426 ], [ -95.2499681, 30.0714691 ], [ -95.2537275, 30.0714302 ], [ -95.2561627, 30.071405 ], [ -95.2620777, 30.071399 ], [ -95.2628238, 30.0713982 ], [ -95.2628132, 30.070769 ], [ -95.2627888, 30.069311 ], [ -95.2626711, 30.0684536 ], [ -95.2626657, 30.0681661 ], [ -95.2625999, 30.064653 ], [ -95.2626066, 30.061192 ], [ -95.2625786, 30.0604318 ], [ -95.2613609, 30.0604174 ], [ -95.2613376, 30.0576912 ], [ -95.2627137, 30.0576933 ], [ -95.2627564, 30.0604351 ], [ -95.2652608, 30.0598901 ], [ -95.2640056, 30.0588064 ], [ -95.2639871, 30.0570306 ], [ -95.2639791, 30.0562689 ], [ -95.2639758, 30.0559471 ], [ -95.2639745, 30.0558212 ], [ -95.2639727, 30.0556529 ], [ -95.2639683, 30.0554396 ], [ -95.2639695, 30.0553461 ], [ -95.2639663, 30.0550411 ], [ -95.2639614, 30.0545955 ], [ -95.2639589, 30.0543272 ], [ -95.263957, 30.0541496 ], [ -95.263944, 30.0539779 ], [ -95.2639416, 30.0538171 ], [ -95.2639432, 30.0536481 ], [ -95.2639508, 30.0535494 ], [ -95.2639319, 30.0517372 ], [ -95.2627182, 30.0518318 ], [ -95.2626081, 30.0430771 ], [ -95.2625135, 30.0428534 ], [ -95.271337, 30.0429429 ], [ -95.2939126, 30.0429123 ], [ -95.2934603, 30.0289138 ], [ -95.2934761, 30.0286021 ], [ -95.2934062, 30.0230551 ], [ -95.2933831, 30.0212211 ], [ -95.293388, 30.0196606 ], [ -95.293387, 30.0196164 ], [ -95.2933816, 30.0194725 ], [ -95.293374, 30.0193889 ], [ -95.2933764, 30.0182529 ], [ -95.2933645, 30.0176039 ], [ -95.2933698, 30.0171214 ], [ -95.2933478, 30.0145079 ], [ -95.2912608, 30.0145225 ], [ -95.2912768, 30.0161193 ], [ -95.2912793, 30.0163706 ], [ -95.2933241, 30.016323 ], [ -95.2933387, 30.0166587 ], [ -95.2933324, 30.0172455 ], [ -95.2933448, 30.0182532 ], [ -95.2933424, 30.0193894 ], [ -95.2933557, 30.019675 ], [ -95.2930571, 30.0196672 ], [ -95.2930227, 30.0196942 ], [ -95.2930223, 30.0200034 ], [ -95.2933563, 30.0200101 ], [ -95.2933519, 30.0211766 ], [ -95.2912899, 30.0212122 ], [ -95.2892237, 30.0212415 ], [ -95.288173, 30.0212564 ], [ -95.2846827, 30.0213058 ], [ -95.2846416, 30.0287804 ], [ -95.2850673, 30.0298314 ], [ -95.2840733, 30.0302244 ], [ -95.2829493, 30.0305964 ], [ -95.2825493, 30.0306894 ], [ -95.2821063, 30.0307814 ], [ -95.2812403, 30.0308624 ], [ -95.2801093, 30.0307875 ], [ -95.2779289, 30.0311277 ], [ -95.2757715, 30.0316814 ], [ -95.2739609, 30.0323551 ], [ -95.2726665, 30.0326419 ], [ -95.2715477, 30.0327621 ], [ -95.2708419, 30.0327325 ], [ -95.2702783, 30.0326487 ], [ -95.2692764, 30.0324565 ], [ -95.2682233, 30.0321067 ], [ -95.2663802, 30.03179 ], [ -95.2647897, 30.0315023 ], [ -95.2634353, 30.0310365 ], [ -95.2620883, 30.0302648 ], [ -95.2605828, 30.0284345 ], [ -95.259948, 30.027895 ], [ -95.2596307, 30.0276162 ], [ -95.2573775, 30.0269118 ], [ -95.2558573, 30.0268207 ], [ -95.2536734, 30.0264005 ], [ -95.2533854, 30.0263451 ], [ -95.2525099, 30.0262149 ], [ -95.2521635, 30.0262402 ], [ -95.2502188, 30.0263824 ], [ -95.2502159, 30.0234018 ], [ -95.249697, 30.0233447 ], [ -95.2494394, 30.0233055 ], [ -95.2489289, 30.0232062 ], [ -95.2484266, 30.0230792 ], [ -95.2479344, 30.0229251 ], [ -95.2474543, 30.0227444 ], [ -95.2469881, 30.0225379 ], [ -95.2465378, 30.0223064 ], [ -95.246105, 30.0220508 ], [ -95.2456915, 30.0217721 ], [ -95.2452988, 30.0214713 ], [ -95.244946, 30.0211659 ], [ -95.2447776, 30.0210064 ], [ -95.2444576, 30.0206747 ], [ -95.2441609, 30.020327 ], [ -95.2438886, 30.0199645 ], [ -95.2436416, 30.0195885 ], [ -95.2434208, 30.0192003 ], [ -95.2433205, 30.0190021 ], [ -95.243227, 30.0188014 ], [ -95.2430645, 30.018403 ], [ -95.2429289, 30.017997 ], [ -95.2428207, 30.0175848 ], [ -95.242777, 30.0173768 ], [ -95.2427106, 30.016958 ], [ -95.2426714, 30.016522 ], [ -95.2426631, 30.0162961 ], [ -95.2426628, 30.0160701 ], [ -95.2428721, 30.0088634 ], [ -95.2428613, 30.0061033 ], [ -95.2425353, 30.0060513 ], [ -95.2422407, 30.0059902 ], [ -95.2419502, 30.0059158 ], [ -95.2416646, 30.0058282 ], [ -95.2413846, 30.0057277 ], [ -95.241111, 30.0056146 ], [ -95.2408446, 30.0054892 ], [ -95.2405862, 30.0053519 ], [ -95.240255, 30.0051508 ], [ -95.2400177, 30.004987 ], [ -95.2392952, 30.004422 ], [ -95.2388188, 30.0039983 ], [ -95.2383775, 30.0035467 ], [ -95.2379704, 30.0030653 ], [ -95.2376962, 30.0026959 ], [ -95.237524, 30.0024401 ], [ -95.2373308, 30.0020676 ], [ -95.2371391, 30.0016427 ], [ -95.2369236, 30.0010636 ], [ -95.2368334, 30.0007695 ], [ -95.2367249, 30.0003431 ], [ -95.23666, 30.0000239 ], [ -95.2366117, 29.9997225 ], [ -95.2365786, 29.9990097 ], [ -95.2365749, 29.9987742 ], [ -95.2366248, 29.997788 ], [ -95.2366256, 29.9976026 ], [ -95.2366034, 29.978872 ], [ -95.2366078, 29.9778658 ], [ -95.2360185, 29.9778575 ], [ -95.2360087, 29.975351 ], [ -95.2352473, 29.9753534 ], [ -95.2317382, 29.9754134 ], [ -95.2317517, 29.9771803 ], [ -95.2317245, 29.9785654 ], [ -95.2317366, 29.9788694 ], [ -95.2317536, 29.9806499 ], [ -95.2317927, 29.9867778 ], [ -95.2318338, 29.9882023 ], [ -95.231813, 29.9904904 ], [ -95.2318207, 29.9905058 ], [ -95.2318018, 29.9949926 ], [ -95.2318177, 29.9992771 ], [ -95.231862, 29.999541 ], [ -95.231869, 30.0003642 ], [ -95.2318605, 30.0020321 ], [ -95.231879, 30.003134 ], [ -95.231877, 30.0041698 ], [ -95.2318993, 30.0052835 ], [ -95.221578, 30.0062102 ], [ -95.2192199, 30.0063998 ], [ -95.2056058, 30.0078843 ], [ -95.2036416, 30.0080846 ], [ -95.2036312, 30.0110982 ], [ -95.2036389, 30.0123977 ], [ -95.2037762, 30.0190877 ], [ -95.2027698, 30.0173781 ], [ -95.2024412, 30.0154442 ], [ -95.2022235, 30.0151255 ], [ -95.201811, 30.0143715 ], [ -95.2004098, 30.0135241 ], [ -95.1992883, 30.0135106 ], [ -95.1982588, 30.0138226 ], [ -95.1975511, 30.0131552 ], [ -95.1975501, 30.0142408 ], [ -95.1953354, 30.0157039 ], [ -95.1941476, 30.0171372 ], [ -95.1930315, 30.0179153 ], [ -95.1912869, 30.0180535 ], [ -95.1897652, 30.0179701 ], [ -95.1862654, 30.0184942 ], [ -95.1851313, 30.0189377 ], [ -95.1836648, 30.0199239 ], [ -95.1822276, 30.0203472 ], [ -95.1803166, 30.0207066 ], [ -95.1797196, 30.0201572 ], [ -95.1793363, 30.0198382 ], [ -95.1792583, 30.0197826 ], [ -95.1760787, 30.0186508 ], [ -95.1745528, 30.0188286 ], [ -95.1728136, 30.0196583 ], [ -95.172176, 30.0195566 ], [ -95.1705991, 30.0200381 ], [ -95.1696897, 30.0207972 ], [ -95.1686414, 30.0216561 ], [ -95.168075, 30.0218949 ], [ -95.1671176, 30.021577 ], [ -95.1656593, 30.0217294 ], [ -95.1654393, 30.0218393 ], [ -95.1636803, 30.0226957 ], [ -95.1620065, 30.0234682 ], [ -95.1606283, 30.0240516 ], [ -95.1603377, 30.0252348 ], [ -95.1606061, 30.025675 ], [ -95.1601099, 30.0263179 ], [ -95.1588992, 30.0268589 ], [ -95.1585806, 30.0276584 ], [ -95.1573541, 30.028337 ], [ -95.1569978, 30.0288724 ], [ -95.1558713, 30.0293074 ], [ -95.1546706, 30.0293243 ], [ -95.1536163, 30.0297313 ], [ -95.1530708, 30.0294674 ], [ -95.1530257, 30.0291858 ], [ -95.1530353, 30.0291813 ], [ -95.1530156, 30.0291223 ], [ -95.1530038, 30.0289773 ], [ -95.1531408, 30.0282658 ], [ -95.1531786, 30.0281583 ], [ -95.1532287, 30.0280608 ], [ -95.153666, 30.0273893 ], [ -95.1537603, 30.0272835 ], [ -95.1538735, 30.0271849 ], [ -95.1557356, 30.0257844 ], [ -95.156233, 30.0254305 ], [ -95.1563, 30.0253738 ], [ -95.1565196, 30.0240738 ], [ -95.1559401, 30.0232857 ], [ -95.1558356, 30.0231305 ], [ -95.1562742, 30.0221765 ], [ -95.1579214, 30.0211742 ], [ -95.1584932, 30.0208489 ], [ -95.1591244, 30.0205097 ], [ -95.1590956, 30.0203368 ], [ -95.1591015, 30.0200396 ], [ -95.1588149, 30.0198774 ], [ -95.1587276, 30.0199015 ], [ -95.1575126, 30.0200927 ], [ -95.1554762, 30.0195536 ], [ -95.1554765, 30.0195427 ], [ -95.1554316, 30.0195418 ], [ -95.154943, 30.0194124 ], [ -95.1537893, 30.0187372 ], [ -95.1530321, 30.0187726 ], [ -95.1525414, 30.0184961 ], [ -95.1514525, 30.0186645 ], [ -95.1509716, 30.0191522 ], [ -95.1487413, 30.0180123 ], [ -95.1483422, 30.0174989 ], [ -95.1490254, 30.0174523 ], [ -95.1482889, 30.0169778 ], [ -95.1461592, 30.0147282 ], [ -95.1456283, 30.0143934 ], [ -95.1444668, 30.0131029 ], [ -95.1438856, 30.0121931 ], [ -95.1428351, 30.0096928 ], [ -95.1420192, 30.0091002 ], [ -95.140724, 30.0073356 ], [ -95.1399503, 30.0066824 ], [ -95.1390274, 30.0062919 ], [ -95.1383954, 30.0058063 ], [ -95.1382709, 30.0052999 ], [ -95.1382973, 30.0051663 ], [ -95.1383542, 30.0050423 ], [ -95.1384394, 30.0049313 ], [ -95.1391834, 30.0043866 ], [ -95.1396626, 30.0034007 ], [ -95.1401724, 30.0030973 ], [ -95.1410996, 30.0042777 ], [ -95.1414979, 30.0052925 ], [ -95.1417813, 30.0044401 ], [ -95.1421509, 30.0042517 ], [ -95.1409027, 30.0026628 ], [ -95.1416333, 30.002228 ], [ -95.1453389, 30.0021979 ], [ -95.1457368, 30.0021882 ], [ -95.1457268, 30.0018304 ], [ -95.1457016, 30.0016655 ], [ -95.1456915, 30.0015033 ], [ -95.1457088, 30.0012742 ], [ -95.1456995, 30.0010047 ], [ -95.1457192, 30.0007624 ], [ -95.1457126, 29.9998976 ], [ -95.1419051, 29.9999529 ], [ -95.1418972, 29.9994992 ], [ -95.141885, 29.99942 ], [ -95.1416765, 29.9991213 ], [ -95.1418106, 29.9990472 ], [ -95.1420891, 29.9988663 ], [ -95.1424528, 29.9986571 ], [ -95.1430243, 29.9983284 ], [ -95.1430914, 29.9976447 ], [ -95.1425541, 29.9973988 ], [ -95.1416966, 29.997327 ], [ -95.1405325, 29.9941447 ], [ -95.140645, 29.9935101 ], [ -95.1412064, 29.9929438 ], [ -95.1460973, 29.9913135 ], [ -95.1461003, 29.9907224 ], [ -95.1454757, 29.9896498 ], [ -95.1437103, 29.9897205 ], [ -95.142169, 29.9897638 ], [ -95.1415362, 29.9889069 ], [ -95.1403225, 29.9878579 ], [ -95.1394613, 29.9875758 ], [ -95.1373229, 29.9869656 ], [ -95.1364941, 29.9863071 ], [ -95.1360357, 29.9857284 ], [ -95.135842, 29.9854177 ], [ -95.1352289, 29.984564 ], [ -95.1352905, 29.9840271 ], [ -95.1356709, 29.9837866 ], [ -95.1362093, 29.9837303 ], [ -95.1364195, 29.9836286 ], [ -95.1374698, 29.9832798 ], [ -95.1379424, 29.982631 ], [ -95.1392262, 29.981411 ], [ -95.1405104, 29.9812684 ], [ -95.1419765, 29.9812384 ], [ -95.142252, 29.9799654 ], [ -95.1436518, 29.9799549 ], [ -95.1449006, 29.9799752 ], [ -95.1475595, 29.9799223 ], [ -95.154006, 29.9798684 ], [ -95.1566863, 29.9798577 ], [ -95.1567198, 29.9798234 ], [ -95.1571213, 29.9792024 ], [ -95.1574067, 29.9791211 ], [ -95.1576718, 29.9788501 ], [ -95.1593053, 29.9772859 ], [ -95.1628312, 29.9739367 ], [ -95.1699941, 29.9669946 ], [ -95.1733608, 29.9637233 ], [ -95.1734399, 29.9636376 ], [ -95.16877, 29.9636695 ], [ -95.1686978, 29.9632762 ], [ -95.1686584, 29.9628874 ], [ -95.1686501, 29.9624967 ], [ -95.1686607, 29.9622543 ], [ -95.1687014, 29.9618762 ], [ -95.1687556, 29.9615734 ], [ -95.1688531, 29.9611886 ], [ -95.1690084, 29.9607418 ], [ -95.1691349, 29.9604519 ], [ -95.1693056, 29.9601218 ], [ -95.1695177, 29.9602455 ], [ -95.1696675, 29.9603036 ], [ -95.1699365, 29.9603897 ], [ -95.1701217, 29.9599509 ], [ -95.1697931, 29.959843 ], [ -95.1696822, 29.9597851 ], [ -95.1695687, 29.9597005 ], [ -95.1731372, 29.9549324 ], [ -95.1734751, 29.9544215 ], [ -95.1737021, 29.9540253 ], [ -95.1746262, 29.9540115 ], [ -95.1773262, 29.9539927 ], [ -95.1772815, 29.9532439 ], [ -95.1771401, 29.9514507 ], [ -95.1769704, 29.9442313 ], [ -95.1769213, 29.9421423 ], [ -95.1769082, 29.941587 ], [ -95.1768101, 29.9378878 ], [ -95.1767223, 29.9364589 ], [ -95.1765745, 29.9350373 ], [ -95.1765198, 29.9347432 ], [ -95.1726284, 29.9348 ], [ -95.1682905, 29.9353952 ], [ -95.1657656, 29.9354812 ], [ -95.1656592, 29.9352762 ], [ -95.1672282, 29.9352426 ], [ -95.1679799, 29.9352148 ], [ -95.1705225, 29.9305254 ], [ -95.1615238, 29.9257531 ], [ -95.1614861, 29.92372 ], [ -95.1607271, 29.9228585 ], [ -95.1603223, 29.9224209 ], [ -95.1567334, 29.9183308 ], [ -95.155877, 29.9173894 ], [ -95.1558404, 29.9173478 ], [ -95.1557592, 29.9172188 ], [ -95.1556898, 29.9171028 ], [ -95.1565829, 29.9159863 ], [ -95.1591871, 29.9126 ], [ -95.1590196, 29.9124644 ], [ -95.1576504, 29.9111753 ], [ -95.1572302, 29.9107265 ], [ -95.15694, 29.910372 ], [ -95.1565643, 29.9098456 ], [ -95.1562619, 29.9093412 ], [ -95.1560023, 29.908814 ], [ -95.155889, 29.9085427 ], [ -95.1557372, 29.9081217 ], [ -95.1556503, 29.9078349 ], [ -95.155576, 29.9075453 ], [ -95.1555144, 29.9072533 ], [ -95.1554654, 29.9069591 ], [ -95.1554293, 29.9066632 ], [ -95.1554059, 29.9063659 ], [ -95.155395, 29.9059181 ], [ -95.1554038, 29.9056188 ], [ -95.1554255, 29.9053195 ], [ -95.1554617, 29.9050889 ], [ -95.155527, 29.9047761 ], [ -95.1556059, 29.9044644 ], [ -95.1556981, 29.9041542 ], [ -95.1559811, 29.9033466 ], [ -95.1560223, 29.9031275 ], [ -95.1560309, 29.9029125 ], [ -95.1560097, 29.9027049 ], [ -95.1560019, 29.9024575 ], [ -95.1559781, 29.902331 ], [ -95.155934, 29.9021804 ], [ -95.1558551, 29.9019791 ], [ -95.1557535, 29.901813 ], [ -95.1555877, 29.9015973 ], [ -95.1554018, 29.9014569 ], [ -95.1551836, 29.9013276 ], [ -95.1549785, 29.901238 ], [ -95.1547632, 29.9011703 ], [ -95.1545268, 29.9011238 ], [ -95.1543236, 29.9010999 ], [ -95.1540963, 29.9010985 ], [ -95.1539598, 29.901114 ], [ -95.1535341, 29.9012034 ], [ -95.1532135, 29.9013219 ], [ -95.1528614, 29.9014673 ], [ -95.1529588, 29.9012233 ], [ -95.1529816, 29.901166 ], [ -95.158692, 29.8882666 ], [ -95.1591908, 29.8871422 ], [ -95.1592791, 29.8869521 ], [ -95.1597188, 29.8859337 ], [ -95.1597893, 29.8858205 ], [ -95.1598755, 29.8857368 ], [ -95.1599837, 29.8856524 ], [ -95.1608564, 29.8851287 ], [ -95.1609872, 29.8850439 ], [ -95.1610946, 29.8849514 ], [ -95.1611895, 29.8848433 ], [ -95.1612696, 29.8847354 ], [ -95.1613408, 29.8845658 ], [ -95.1613836, 29.8844011 ], [ -95.1613865, 29.8837154 ], [ -95.1613056, 29.8833587 ], [ -95.1613046, 29.8833055 ], [ -95.1613045, 29.8832517 ], [ -95.161274, 29.8776322 ], [ -95.1612724, 29.8773452 ], [ -95.161522, 29.8762368 ], [ -95.1614237, 29.8762177 ], [ -95.1615679, 29.8754825 ], [ -95.1661774, 29.8547034 ], [ -95.1663179, 29.8546088 ], [ -95.1666048, 29.8526411 ], [ -95.166851, 29.8511192 ], [ -95.1672612, 29.8482607 ], [ -95.1672491, 29.8419523 ], [ -95.167249, 29.8389537 ], [ -95.1672589, 29.8388451 ], [ -95.167283, 29.8387318 ], [ -95.1679561, 29.8369351 ], [ -95.1679912, 29.8368519 ], [ -95.1688057, 29.8346718 ], [ -95.1709898, 29.8288897 ], [ -95.1718612, 29.8265836 ], [ -95.1744698, 29.819659 ], [ -95.1750938, 29.8180026 ], [ -95.1752561, 29.8175717 ], [ -95.176143, 29.8152172 ], [ -95.1767094, 29.8137061 ], [ -95.1780932, 29.8100145 ], [ -95.1782128, 29.810055 ], [ -95.1784676, 29.809379 ], [ -95.1787033, 29.8087537 ], [ -95.1785805, 29.808715 ], [ -95.1794708, 29.8063878 ], [ -95.1794862, 29.8063467 ], [ -95.1795862, 29.8060801 ], [ -95.1796325, 29.8059893 ], [ -95.1821868, 29.8028701 ], [ -95.1824653, 29.80253 ], [ -95.1895379, 29.7939185 ], [ -95.1902064, 29.7931046 ], [ -95.1902384, 29.7930656 ], [ -95.1903948, 29.7928708 ], [ -95.1909273, 29.7922142 ], [ -95.1923161, 29.7905169 ], [ -95.1932171, 29.7894166 ], [ -95.1933823, 29.789397 ], [ -95.1941487, 29.7884685 ], [ -95.1942816, 29.7883069 ], [ -95.1944226, 29.7883838 ], [ -95.1944708, 29.7883153 ], [ -95.1961659, 29.7882632 ], [ -95.1962966, 29.788054 ], [ -95.1962419, 29.7879102 ], [ -95.1963223, 29.7878227 ], [ -95.1965157, 29.7878132 ], [ -95.1967943, 29.7874743 ], [ -95.1969323, 29.7873719 ], [ -95.1969637, 29.7872314 ], [ -95.1971036, 29.7870875 ], [ -95.1972269, 29.7870303 ], [ -95.197236, 29.7870037 ], [ -95.1973481, 29.7870312 ], [ -95.197458, 29.7869266 ], [ -95.1977021, 29.7869199 ], [ -95.1978471, 29.7866691 ], [ -95.1979588, 29.7864481 ], [ -95.1979454, 29.7863245 ], [ -95.198047, 29.786242 ], [ -95.1981879, 29.7861448 ], [ -95.1983144, 29.7862072 ], [ -95.1989801, 29.7860413 ], [ -95.1991131, 29.7860707 ], [ -95.1991255, 29.7864628 ], [ -95.1994855, 29.7863706 ], [ -95.1995041, 29.7861673 ], [ -95.1997912, 29.7860273 ], [ -95.1999795, 29.7861099 ], [ -95.2002037, 29.7860066 ], [ -95.200496, 29.7861657 ], [ -95.2008537, 29.7858338 ], [ -95.2010062, 29.7858843 ], [ -95.2012738, 29.7857675 ], [ -95.2015742, 29.7856218 ], [ -95.201747, 29.7853955 ], [ -95.2019102, 29.7854535 ], [ -95.201924, 29.785176 ], [ -95.2019568, 29.7851219 ], [ -95.201924, 29.7849006 ], [ -95.2017783, 29.7846932 ], [ -95.2018403, 29.7846252 ], [ -95.2020898, 29.7847347 ], [ -95.2021876, 29.7845836 ], [ -95.2022081, 29.7845266 ], [ -95.2023743, 29.7844991 ], [ -95.202359, 29.7843472 ], [ -95.2024638, 29.7842228 ], [ -95.2025813, 29.7841991 ], [ -95.2027348, 29.7840398 ], [ -95.202927, 29.7839025 ], [ -95.2026633, 29.7838587 ], [ -95.2026514, 29.7837482 ], [ -95.2025018, 29.7837232 ], [ -95.2024715, 29.783625 ], [ -95.2025767, 29.7835375 ], [ -95.2024772, 29.78324 ], [ -95.2024216, 29.7831223 ], [ -95.2025316, 29.7826268 ], [ -95.20285, 29.7823211 ], [ -95.2030497, 29.7821868 ], [ -95.2031516, 29.7820587 ], [ -95.2032506, 29.7820393 ], [ -95.2033497, 29.7819775 ], [ -95.2034586, 29.7820263 ], [ -95.2035833, 29.7819587 ], [ -95.2030606, 29.7814692 ], [ -95.202922, 29.7810928 ], [ -95.2030436, 29.7809282 ], [ -95.2040321, 29.7792105 ], [ -95.2046433, 29.7784791 ], [ -95.2047458, 29.7782907 ], [ -95.2048421, 29.7779556 ], [ -95.2050325, 29.7773928 ], [ -95.2052757, 29.7770302 ], [ -95.2052482, 29.7766305 ], [ -95.2049315, 29.7760127 ], [ -95.20493, 29.7756172 ], [ -95.2049915, 29.7754109 ], [ -95.2053053, 29.7755116 ], [ -95.2056139, 29.7756231 ], [ -95.206054, 29.7755336 ], [ -95.206926, 29.7754599 ], [ -95.207102, 29.7754885 ], [ -95.2073408, 29.7755959 ], [ -95.2075187, 29.7756957 ], [ -95.2076711, 29.7758045 ], [ -95.2078261, 29.7759446 ], [ -95.2079385, 29.7760728 ], [ -95.2080157, 29.7761893 ], [ -95.2080862, 29.7763732 ], [ -95.2081247, 29.776565 ], [ -95.2081321, 29.7766948 ], [ -95.2081116, 29.7766933 ], [ -95.2080763, 29.7777111 ], [ -95.208088, 29.778208 ], [ -95.2081156, 29.7784242 ], [ -95.2081687, 29.7785888 ], [ -95.208253, 29.7787425 ], [ -95.208366, 29.7788805 ], [ -95.2084702, 29.7789848 ], [ -95.2085397, 29.7790387 ], [ -95.2086361, 29.7790902 ], [ -95.208732, 29.7791219 ], [ -95.2088229, 29.779137 ], [ -95.2089395, 29.7791359 ], [ -95.2090446, 29.7791178 ], [ -95.2093381, 29.7790276 ], [ -95.2096956, 29.7789433 ], [ -95.2102267, 29.7788771 ], [ -95.2105193, 29.7789126 ], [ -95.2107495, 29.778951 ], [ -95.2109555, 29.7789962 ], [ -95.2111359, 29.7790478 ], [ -95.2115218, 29.7792456 ], [ -95.2118894, 29.7794692 ], [ -95.2122082, 29.7797006 ], [ -95.2123845, 29.7798594 ], [ -95.2125233, 29.7800102 ], [ -95.2126631, 29.7801946 ], [ -95.2127814, 29.7803901 ], [ -95.2128761, 29.7805955 ], [ -95.2128898, 29.7807133 ], [ -95.2129059, 29.7809395 ], [ -95.2129085, 29.7811651 ], [ -95.2128977, 29.7813903 ], [ -95.2128736, 29.7816144 ], [ -95.2128745, 29.7817463 ], [ -95.2129089, 29.7819821 ], [ -95.2129844, 29.7822109 ], [ -95.2130701, 29.7823805 ], [ -95.2132339, 29.7826225 ], [ -95.2133723, 29.7827772 ], [ -95.213575, 29.7829555 ], [ -95.2136817, 29.7830639 ], [ -95.2137705, 29.7831811 ], [ -95.2138328, 29.7832884 ], [ -95.2140136, 29.7832847 ], [ -95.2143891, 29.7846287 ], [ -95.2146963, 29.7852091 ], [ -95.2149628, 29.7855998 ], [ -95.2150489, 29.7860498 ], [ -95.2148134, 29.7867223 ], [ -95.2145151, 29.7871784 ], [ -95.2141087, 29.7875226 ], [ -95.2136112, 29.7876792 ], [ -95.2128452, 29.7877866 ], [ -95.2122797, 29.7879027 ], [ -95.2118875, 29.7880993 ], [ -95.2103515, 29.7893302 ], [ -95.2095306, 29.7897434 ], [ -95.2087068, 29.7897937 ], [ -95.2076852, 29.7897249 ], [ -95.2068669, 29.7896241 ], [ -95.2063352, 29.7894323 ], [ -95.2055455, 29.7889703 ], [ -95.2053209, 29.7889643 ], [ -95.2051748, 29.7891696 ], [ -95.2051075, 29.7900113 ], [ -95.2052372, 29.7903889 ], [ -95.2055529, 29.7908505 ], [ -95.2060456, 29.7914023 ], [ -95.2061348, 29.7915753 ], [ -95.206557, 29.7926847 ], [ -95.2065132, 29.793816 ], [ -95.2062423, 29.793848 ], [ -95.2063524, 29.7942102 ], [ -95.2067781, 29.7949405 ], [ -95.2068457, 29.7953375 ], [ -95.2067966, 29.7955516 ], [ -95.206628, 29.7956546 ], [ -95.2063786, 29.7957193 ], [ -95.2060893, 29.7957471 ], [ -95.2048634, 29.7954969 ], [ -95.2045343, 29.7954875 ], [ -95.2042013, 29.7955859 ], [ -95.2039902, 29.7957235 ], [ -95.2038164, 29.79597 ], [ -95.2036783, 29.7963611 ], [ -95.2037897, 29.7966875 ], [ -95.2040602, 29.797162 ], [ -95.2044184, 29.7974954 ], [ -95.2068514, 29.7996114 ], [ -95.2072865, 29.8000906 ], [ -95.2076076, 29.8003151 ], [ -95.2077654, 29.8004992 ], [ -95.2079193, 29.8007908 ], [ -95.2079922, 29.8010443 ], [ -95.2080983, 29.8015141 ], [ -95.2082097, 29.8018405 ], [ -95.2084235, 29.802347 ], [ -95.2087111, 29.8027525 ], [ -95.2089897, 29.8030118 ], [ -95.2092298, 29.8031982 ], [ -95.2097168, 29.8033915 ], [ -95.2099609, 29.8034702 ], [ -95.2103191, 29.8038036 ], [ -95.2104743, 29.8040594 ], [ -95.2106229, 29.8044945 ], [ -95.2107821, 29.8046427 ], [ -95.2111018, 29.8049031 ], [ -95.2113871, 29.804983 ], [ -95.2115941, 29.8049529 ], [ -95.2118821, 29.8049611 ], [ -95.2124539, 29.805085 ], [ -95.2129821, 29.8052795 ], [ -95.2133868, 29.8054705 ], [ -95.2137065, 29.8057309 ], [ -95.213944, 29.805989 ], [ -95.2140621, 29.806136 ], [ -95.2141762, 29.8063906 ], [ -95.2142478, 29.8066799 ], [ -95.2141588, 29.806857 ], [ -95.2140288, 29.8070329 ], [ -95.2138151, 29.8072423 ], [ -95.2136041, 29.80738 ], [ -95.2134315, 29.8075906 ], [ -95.2132577, 29.8078371 ], [ -95.2130718, 29.8084065 ], [ -95.2130638, 29.8086217 ], [ -95.2128832, 29.8090476 ], [ -95.2127505, 29.8092952 ], [ -95.2126839, 29.8095875 ], [ -95.2125583, 29.8097531 ], [ -95.2121012, 29.8102213 ], [ -95.2117578, 29.810662 ], [ -95.2106114, 29.8118075 ], [ -95.2077288, 29.8118425 ], [ -95.2024501, 29.8119447 ], [ -95.2025594, 29.8170785 ], [ -95.2025574, 29.8177993 ], [ -95.2026363, 29.8199496 ], [ -95.2026231, 29.8211881 ], [ -95.2026496, 29.8228971 ], [ -95.2078794, 29.8228013 ], [ -95.2083501, 29.8228042 ], [ -95.2127123, 29.8227291 ], [ -95.2127471, 29.8227285 ], [ -95.2127638, 29.8263778 ], [ -95.2148022, 29.8263409 ], [ -95.2185853, 29.8262525 ], [ -95.2193958, 29.8262422 ], [ -95.2193856, 29.825861 ], [ -95.2205472, 29.8258745 ], [ -95.2211302, 29.8258669 ], [ -95.2230491, 29.825834 ], [ -95.2250417, 29.8257839 ], [ -95.2247688, 29.8253768 ], [ -95.2242126, 29.8244634 ], [ -95.2242585, 29.8244507 ], [ -95.2232887, 29.822944 ], [ -95.2232705, 29.8226196 ], [ -95.2231781, 29.8188948 ], [ -95.2252097, 29.8189051 ], [ -95.226272, 29.8179494 ], [ -95.2288114, 29.8157539 ], [ -95.228524, 29.8162429 ], [ -95.228704, 29.816513 ], [ -95.2287873, 29.8165549 ], [ -95.22938, 29.8166082 ], [ -95.2300694, 29.8165343 ], [ -95.2305235, 29.8166184 ], [ -95.2308205, 29.8168851 ], [ -95.2309685, 29.8171286 ], [ -95.2310182, 29.8173646 ], [ -95.23114, 29.8177556 ], [ -95.231099, 29.8180212 ], [ -95.2310198, 29.8182617 ], [ -95.2309365, 29.8184018 ], [ -95.2306989, 29.818572 ], [ -95.2303963, 29.8187225 ], [ -95.2301421, 29.8191954 ], [ -95.2301378, 29.8193675 ], [ -95.2300319, 29.8199622 ], [ -95.2300344, 29.8202912 ], [ -95.2299635, 29.8205416 ], [ -95.2297485, 29.8208098 ], [ -95.2291161, 29.8210974 ], [ -95.2289585, 29.8213649 ], [ -95.2287525, 29.8214567 ], [ -95.2284162, 29.8211094 ], [ -95.2278027, 29.8216719 ], [ -95.2274833, 29.8218699 ], [ -95.2274917, 29.8223021 ], [ -95.2284444, 29.8220197 ], [ -95.2296478, 29.8241064 ], [ -95.2296366, 29.8241112 ], [ -95.2297357, 29.8243873 ], [ -95.2298688, 29.8246182 ], [ -95.2301595, 29.8252182 ], [ -95.2304815, 29.8258404 ], [ -95.2305048, 29.8266703 ], [ -95.2304887, 29.8281283 ], [ -95.2306277, 29.8283868 ], [ -95.231531, 29.8297987 ], [ -95.2315882, 29.8299413 ], [ -95.2316002, 29.8301136 ], [ -95.2316134, 29.8301247 ], [ -95.2315781, 29.8302024 ], [ -95.231448, 29.8303508 ], [ -95.2313558, 29.8304898 ], [ -95.2311935, 29.8306892 ], [ -95.2307754, 29.8311341 ], [ -95.23064, 29.8314096 ], [ -95.23036, 29.8320439 ], [ -95.2302439, 29.832391 ], [ -95.2302151, 29.8325864 ], [ -95.2302248, 29.8326773 ], [ -95.2302105, 29.8329261 ], [ -95.2302548, 29.8333686 ], [ -95.2302366, 29.8334892 ], [ -95.230197, 29.8336143 ], [ -95.2301271, 29.8339401 ], [ -95.2301261, 29.8340248 ], [ -95.2301436, 29.8341165 ], [ -95.2301328, 29.8342011 ], [ -95.23015, 29.8342742 ], [ -95.2301834, 29.8343356 ], [ -95.2303134, 29.8345079 ], [ -95.2319252, 29.8358894 ], [ -95.232608, 29.8365064 ], [ -95.2329608, 29.8369089 ], [ -95.2333227, 29.8371846 ], [ -95.2336006, 29.8373963 ], [ -95.2341122, 29.8380758 ], [ -95.2340309, 29.838775 ], [ -95.2338927, 29.839083 ], [ -95.2333567, 29.839425 ], [ -95.2327246, 29.8396868 ], [ -95.2322863, 29.839706 ], [ -95.2318385, 29.8400758 ], [ -95.2314793, 29.8410165 ], [ -95.2302902, 29.8408692 ], [ -95.2295725, 29.8411284 ], [ -95.2292228, 29.8412399 ], [ -95.2291394, 29.8413715 ], [ -95.2290993, 29.8414346 ], [ -95.2287253, 29.8413982 ], [ -95.2274884, 29.841327 ], [ -95.2274818, 29.8417618 ], [ -95.2274615, 29.841978 ], [ -95.2274298, 29.8421687 ], [ -95.2273676, 29.8424201 ], [ -95.2273185, 29.8425508 ], [ -95.2272014, 29.8427901 ], [ -95.2270766, 29.8430103 ], [ -95.2242488, 29.8474594 ], [ -95.2259576, 29.8474219 ], [ -95.2277432, 29.8473827 ], [ -95.2284362, 29.8473675 ], [ -95.2285094, 29.8478401 ], [ -95.2285258, 29.8480446 ], [ -95.2285748, 29.8497644 ], [ -95.2285602, 29.8500257 ], [ -95.2285411, 29.8501478 ], [ -95.2284032, 29.8506 ], [ -95.2282972, 29.8508589 ], [ -95.2282718, 29.8510223 ], [ -95.2282863, 29.8511592 ], [ -95.2283425, 29.8513026 ], [ -95.2283663, 29.8513964 ], [ -95.2283944, 29.851629 ], [ -95.2283926, 29.8517939 ], [ -95.2283551, 29.8521635 ], [ -95.2283479, 29.8526185 ], [ -95.2283864, 29.8527353 ], [ -95.2284842, 29.8529247 ], [ -95.2285104, 29.8530315 ], [ -95.2285069, 29.8532795 ], [ -95.2284907, 29.8534165 ], [ -95.2284951, 29.8535393 ], [ -95.2285351, 29.8538262 ], [ -95.2285507, 29.8546372 ], [ -95.2285363, 29.8549807 ], [ -95.2285015, 29.8553234 ], [ -95.2284642, 29.8555408 ], [ -95.2283842, 29.8558494 ], [ -95.2283582, 29.8560267 ], [ -95.2283393, 29.8563561 ], [ -95.2283453, 29.8566727 ], [ -95.2283718, 29.8568502 ], [ -95.2284115, 29.8569829 ], [ -95.2284748, 29.8570941 ], [ -95.2285806, 29.8572319 ], [ -95.2286373, 29.8572781 ], [ -95.2287984, 29.857366 ], [ -95.2293802, 29.8577432 ], [ -95.232, 29.8576585 ], [ -95.2347285, 29.8576671 ], [ -95.2415442, 29.857543 ], [ -95.2415446, 29.857605 ], [ -95.2477389, 29.8575173 ], [ -95.247753, 29.8576569 ], [ -95.2477763, 29.8597728 ], [ -95.2477734, 29.8605927 ], [ -95.2477844, 29.8609909 ], [ -95.2477834, 29.8722669 ], [ -95.2477996, 29.8750129 ], [ -95.2573974, 29.8748688 ], [ -95.2626948, 29.8748136 ], [ -95.2693148, 29.8747957 ], [ -95.2731442, 29.8747363 ], [ -95.2803805, 29.87466 ], [ -95.2803853, 29.8760241 ], [ -95.2804312, 29.8802359 ], [ -95.2804999, 29.8830901 ], [ -95.2820139, 29.8830811 ], [ -95.2820448, 29.885278 ], [ -95.2870576, 29.8852522 ], [ -95.2876151, 29.8852493 ], [ -95.287626, 29.8853864 ], [ -95.2876349, 29.8872725 ], [ -95.2876935, 29.8912287 ], [ -95.2878821, 29.891202 ], [ -95.2887558, 29.8911869 ], [ -95.289517, 29.8911973 ], [ -95.2895188, 29.8912519 ], [ -95.2900852, 29.8912585 ], [ -95.2900844, 29.8911991 ], [ -95.2902792, 29.8911826 ], [ -95.2964474, 29.8911024 ], [ -95.2966075, 29.8911101 ], [ -95.2972214, 29.8910955 ], [ -95.2972286, 29.8932618 ], [ -95.2972907, 29.8962107 ], [ -95.2973544, 29.8972938 ], [ -95.2897653, 29.8973814 ], [ -95.2898134, 29.8993099 ], [ -95.2880145, 29.8993311 ], [ -95.2878322, 29.8993765 ], [ -95.2871664, 29.8993891 ], [ -95.2873415, 29.911747 ], [ -95.287379, 29.9124774 ], [ -95.2911109, 29.9124347 ], [ -95.2911122, 29.9132471 ], [ -95.2904613, 29.9132555 ], [ -95.290478, 29.9138894 ], [ -95.2916261, 29.9141183 ], [ -95.2915518, 29.9124296 ], [ -95.2914879, 29.9080137 ], [ -95.2959628, 29.9079651 ], [ -95.2959498, 29.9068795 ], [ -95.295882, 29.903577 ], [ -95.2997803, 29.9035172 ], [ -95.2997796, 29.9024719 ], [ -95.2997892, 29.9023226 ], [ -95.2997792, 29.9019425 ], [ -95.2997839, 29.9006747 ], [ -95.3008384, 29.9006588 ], [ -95.3008211, 29.8993919 ], [ -95.3010924, 29.8994006 ], [ -95.3010385, 29.8972408 ], [ -95.3010397, 29.8953147 ], [ -95.3010951, 29.8951287 ], [ -95.3011531, 29.8941352 ], [ -95.3011852, 29.893874 ], [ -95.3012041, 29.8935262 ], [ -95.3012119, 29.8931332 ], [ -95.3012082, 29.8922951 ], [ -95.3011304, 29.8921281 ], [ -95.3011293, 29.8916929 ], [ -95.3011285, 29.8913403 ], [ -95.3027937, 29.8913385 ], [ -95.3029288, 29.8913024 ], [ -95.3045065, 29.8912754 ], [ -95.3046811, 29.8912527 ], [ -95.3064204, 29.8912412 ], [ -95.3081689, 29.8870319 ], [ -95.3098106, 29.8829279 ], [ -95.3137915, 29.8730541 ], [ -95.316387, 29.8665875 ], [ -95.3176501, 29.8665695 ], [ -95.3210279, 29.8665504 ], [ -95.3246723, 29.8665112 ], [ -95.3294262, 29.8664874 ], [ -95.3314796, 29.8664518 ], [ -95.3329504, 29.8665193 ], [ -95.3325136, 29.8673842 ], [ -95.3322773, 29.8678063 ], [ -95.3319805, 29.8682665 ], [ -95.3317972, 29.86857 ], [ -95.3316442, 29.8687966 ], [ -95.3313587, 29.8693531 ], [ -95.3313427, 29.8693535 ], [ -95.33083, 29.8702421 ], [ -95.3307061, 29.8705284 ], [ -95.3304325, 29.8709631 ], [ -95.3313449, 29.8709456 ], [ -95.3320045, 29.8709423 ], [ -95.332346, 29.8709802 ], [ -95.3326986, 29.8709998 ], [ -95.3331837, 29.8709917 ], [ -95.3348716, 29.8710058 ], [ -95.3348812, 29.8716203 ], [ -95.3348876, 29.8717909 ], [ -95.3349049, 29.87191 ], [ -95.3348971, 29.8722932 ], [ -95.3349216, 29.8730173 ], [ -95.3349454, 29.8747507 ], [ -95.3353993, 29.8747477 ], [ -95.3356497, 29.8747578 ], [ -95.3393385, 29.8747201 ], [ -95.3402761, 29.8746992 ], [ -95.341638, 29.8747011 ], [ -95.3415855, 29.8745236 ], [ -95.3414817, 29.8742673 ], [ -95.3414812, 29.8741624 ], [ -95.3415546, 29.8741612 ], [ -95.3414383, 29.8738806 ], [ -95.3412994, 29.8736327 ], [ -95.3410352, 29.8732798 ], [ -95.3409229, 29.8730577 ], [ -95.3411592, 29.8712026 ], [ -95.3412568, 29.8709323 ], [ -95.3425372, 29.8709314 ], [ -95.3427284, 29.8709433 ], [ -95.3455169, 29.870932 ], [ -95.3517148, 29.8708542 ], [ -95.3518746, 29.8711862 ], [ -95.3522723, 29.8718814 ], [ -95.3527354, 29.8727427 ], [ -95.3530682, 29.8733617 ], [ -95.3537141, 29.8746019 ], [ -95.3538896, 29.8749605 ], [ -95.3547561, 29.876554 ], [ -95.3550778, 29.8771649 ], [ -95.3551364, 29.8773989 ], [ -95.3551421, 29.8777115 ], [ -95.3550859, 29.8793432 ], [ -95.3550251, 29.8819701 ], [ -95.3550127, 29.8830455 ], [ -95.3549939, 29.8830813 ], [ -95.3549818, 29.8834936 ], [ -95.3549187, 29.8834942 ], [ -95.3549065, 29.8839101 ], [ -95.3549696, 29.8839108 ], [ -95.3549436, 29.8847961 ], [ -95.3549498, 29.8849421 ], [ -95.3548616, 29.8867186 ], [ -95.354845, 29.8875159 ], [ -95.3548499, 29.8880703 ], [ -95.3513434, 29.888109 ], [ -95.3451391, 29.8881513 ], [ -95.3440955, 29.8881498 ], [ -95.3439088, 29.8881569 ], [ -95.3381377, 29.8881787 ], [ -95.3329644, 29.8881871 ], [ -95.3330388, 29.8909196 ], [ -95.3330682, 29.8940198 ], [ -95.3331263, 29.8940266 ], [ -95.3342314, 29.8940458 ], [ -95.3404794, 29.8939661 ], [ -95.3405397, 29.8974844 ], [ -95.3405424, 29.8988167 ], [ -95.3432445, 29.8987909 ], [ -95.3485772, 29.8987672 ], [ -95.3485375, 29.8977684 ], [ -95.3547212, 29.8977015 ], [ -95.3549021, 29.9021375 ], [ -95.3549606, 29.902521 ], [ -95.3550109, 29.9047227 ], [ -95.3550633, 29.9058612 ], [ -95.3550459, 29.9060169 ], [ -95.3550766, 29.9070544 ], [ -95.3551099, 29.907755 ], [ -95.3551363, 29.9077532 ], [ -95.3551932, 29.9095072 ], [ -95.3552204, 29.9096374 ], [ -95.3552468, 29.9103424 ], [ -95.3552683, 29.9118141 ], [ -95.3553101, 29.9131114 ], [ -95.3553487, 29.9133045 ], [ -95.3554463, 29.9163674 ], [ -95.3554567, 29.9167383 ], [ -95.3554756, 29.9168577 ], [ -95.3555079, 29.9182762 ], [ -95.3555892, 29.9205393 ], [ -95.3556347, 29.9222703 ], [ -95.3557155, 29.924162 ], [ -95.3557576, 29.9256423 ], [ -95.355747, 29.9259056 ], [ -95.3557888, 29.9272586 ], [ -95.3558182, 29.9276577 ], [ -95.3558687, 29.9290253 ], [ -95.3558977, 29.9295352 ], [ -95.3559498, 29.9311831 ], [ -95.3559131, 29.9314698 ], [ -95.3559733, 29.9331683 ], [ -95.3560576, 29.9349046 ], [ -95.3560319, 29.9351273 ], [ -95.3560703, 29.9366483 ], [ -95.3561218, 29.9369477 ], [ -95.3560786, 29.93856 ], [ -95.3559412, 29.9393982 ], [ -95.3559336, 29.939802 ], [ -95.3535526, 29.939802 ], [ -95.3499135, 29.9398932 ], [ -95.3457263, 29.9399166 ], [ -95.3455369, 29.9399237 ], [ -95.3454884, 29.9387021 ], [ -95.3455108, 29.9386332 ], [ -95.3454463, 29.9359043 ], [ -95.3453988, 29.9358631 ], [ -95.3455311, 29.9348016 ], [ -95.3451589, 29.934127 ], [ -95.3448388, 29.9336117 ], [ -95.3444671, 29.9332673 ], [ -95.3440617, 29.9332357 ], [ -95.3421954, 29.9332392 ], [ -95.3379931, 29.9333385 ], [ -95.337606, 29.9333599 ], [ -95.3335744, 29.9333964 ], [ -95.3336326, 29.9380154 ], [ -95.3333535, 29.9380181 ], [ -95.3333649, 29.9387667 ], [ -95.3318226, 29.9388198 ], [ -95.3317919, 29.9382214 ], [ -95.3317454, 29.9373163 ], [ -95.3317006, 29.9339011 ], [ -95.3316997, 29.9300254 ], [ -95.3310739, 29.9300437 ], [ -95.3311237, 29.9300017 ], [ -95.3311095, 29.9296866 ], [ -95.3311204, 29.9293984 ], [ -95.3311446, 29.9291391 ], [ -95.3312218, 29.9285472 ], [ -95.3312141, 29.9275771 ], [ -95.3312198, 29.9262459 ], [ -95.3312093, 29.9258353 ], [ -95.3311706, 29.9254086 ], [ -95.3311418, 29.9251967 ], [ -95.3310293, 29.9246144 ], [ -95.3308637, 29.9236135 ], [ -95.3308308, 29.9230086 ], [ -95.3261961, 29.9230467 ], [ -95.3262266, 29.9261424 ], [ -95.3185295, 29.9262101 ], [ -95.3184998, 29.9243074 ], [ -95.3172863, 29.9243186 ], [ -95.3172412, 29.9212663 ], [ -95.3153135, 29.9212854 ], [ -95.3153455, 29.9234557 ], [ -95.31543, 29.929192 ], [ -95.315446, 29.9302753 ], [ -95.3172669, 29.9302279 ], [ -95.3172684, 29.9305375 ], [ -95.3175391, 29.9305307 ], [ -95.3176538, 29.9338 ], [ -95.3177177, 29.937229 ], [ -95.3177062, 29.9373878 ], [ -95.3177097, 29.9375464 ], [ -95.3178837, 29.9375468 ], [ -95.3179095, 29.9389118 ], [ -95.3168439, 29.9389203 ], [ -95.316819, 29.9375296 ], [ -95.3158025, 29.9375463 ], [ -95.31503, 29.9375485 ], [ -95.3150141, 29.936262 ], [ -95.3149641, 29.935012 ], [ -95.314979, 29.9348351 ], [ -95.3149652, 29.9341973 ], [ -95.313494, 29.9342193 ], [ -95.3134153, 29.9306121 ], [ -95.3124744, 29.930627 ], [ -95.3124873, 29.931792 ], [ -95.3125056, 29.9320648 ], [ -95.312632, 29.9381058 ], [ -95.3119811, 29.9381281 ], [ -95.3119949, 29.9397218 ], [ -95.3153165, 29.9397193 ], [ -95.3160102, 29.939731 ], [ -95.3183321, 29.9397353 ], [ -95.3183401, 29.9409397 ], [ -95.316901, 29.9410191 ], [ -95.3158619, 29.9410645 ], [ -95.3158626, 29.9410753 ], [ -95.315485, 29.9411196 ], [ -95.3110394, 29.9413809 ], [ -95.3062966, 29.9412795 ], [ -95.3035116, 29.941247 ], [ -95.3034918, 29.9408573 ], [ -95.3033853, 29.940409 ], [ -95.3033752, 29.938949 ], [ -95.3033097, 29.9377473 ], [ -95.3032584, 29.9365095 ], [ -95.3031806, 29.9346341 ], [ -95.3031582, 29.9337557 ], [ -95.3030783, 29.9306173 ], [ -95.302875, 29.9305826 ], [ -95.3020207, 29.9305967 ], [ -95.3008389, 29.9305943 ], [ -95.2978744, 29.9306129 ], [ -95.2940529, 29.9306135 ], [ -95.293374, 29.931246 ], [ -95.2909356, 29.9334469 ], [ -95.2893872, 29.934963 ], [ -95.2880755, 29.9361561 ], [ -95.2876067, 29.9365684 ], [ -95.2875514, 29.9351583 ], [ -95.2875241, 29.9347691 ], [ -95.2874791, 29.9346185 ], [ -95.2839148, 29.9346411 ], [ -95.279217, 29.934712 ], [ -95.2729429, 29.934766 ], [ -95.2729647, 29.9351718 ], [ -95.272972, 29.9387076 ], [ -95.2730865, 29.9387131 ], [ -95.2740503, 29.9386922 ], [ -95.2740698, 29.9389155 ], [ -95.2741306, 29.940596 ], [ -95.2768929, 29.9410038 ], [ -95.2768913, 29.9410861 ], [ -95.277449, 29.9410842 ], [ -95.2783115, 29.9411892 ], [ -95.2787908, 29.9412287 ], [ -95.2793779, 29.9412521 ], [ -95.2807517, 29.9412351 ], [ -95.2811016, 29.9412239 ], [ -95.2828322, 29.9411354 ], [ -95.2826014, 29.941415 ], [ -95.2821254, 29.9418318 ], [ -95.282177, 29.9418762 ], [ -95.281, 29.9429293 ], [ -95.2809191, 29.9429293 ], [ -95.2801951, 29.9435828 ], [ -95.2802798, 29.9435819 ], [ -95.2797631, 29.9440548 ], [ -95.2796791, 29.9440559 ], [ -95.2793486, 29.9443583 ], [ -95.2776061, 29.9460056 ], [ -95.2771412, 29.9464324 ], [ -95.2770875, 29.9464055 ], [ -95.2764281, 29.9470224 ], [ -95.2765127, 29.9470219 ], [ -95.2759002, 29.9475924 ], [ -95.2758007, 29.947593 ], [ -95.2757803, 29.947614 ], [ -95.2747428, 29.9486794 ], [ -95.2744483, 29.9490949 ], [ -95.2741983, 29.9492185 ], [ -95.2739561, 29.9494555 ], [ -95.2734238, 29.9498724 ], [ -95.2730764, 29.9501672 ], [ -95.2729408, 29.9501719 ], [ -95.2727787, 29.9503166 ], [ -95.2729453, 29.9503155 ], [ -95.2728317, 29.9504539 ], [ -95.272872, 29.9505689 ], [ -95.2724328, 29.95076 ], [ -95.2719349, 29.9511644 ], [ -95.2715392, 29.9515185 ], [ -95.2708332, 29.9521948 ], [ -95.2702834, 29.9526337 ], [ -95.2682133, 29.9545607 ] ], [ [ -95.5632961, 29.846749 ], [ -95.5632957, 29.8468113 ], [ -95.5632931, 29.8471904 ], [ -95.5632939, 29.8473004 ], [ -95.5632955, 29.8473916 ], [ -95.5632865, 29.8476322 ], [ -95.5632748, 29.8479237 ], [ -95.5632741, 29.8479417 ], [ -95.5632557, 29.8481311 ], [ -95.5632184, 29.8485145 ], [ -95.563215, 29.8485495 ], [ -95.5631671, 29.8490419 ], [ -95.5631754, 29.8495236 ], [ -95.5631808, 29.8498301 ], [ -95.5631803, 29.8499095 ], [ -95.563176, 29.8503795 ], [ -95.563176, 29.8503856 ], [ -95.5631756, 29.8504241 ], [ -95.5631741, 29.8505847 ], [ -95.5630186, 29.8504303 ], [ -95.5629744, 29.8504168 ], [ -95.5628945, 29.8503922 ], [ -95.5625777, 29.8503453 ], [ -95.5625774, 29.8503453 ], [ -95.5624055, 29.8503462 ], [ -95.5622733, 29.8503491 ], [ -95.5620621, 29.85035 ], [ -95.5617465, 29.8503478 ], [ -95.5616334, 29.8503434 ], [ -95.5616418, 29.8518889 ], [ -95.5616426, 29.8520207 ], [ -95.5606538, 29.8520148 ], [ -95.5595762, 29.8519863 ], [ -95.5595674, 29.8510595 ], [ -95.5595603, 29.8503033 ], [ -95.5591313, 29.8503067 ], [ -95.5590051, 29.850304 ], [ -95.5585063, 29.8502934 ], [ -95.5581228, 29.850287 ], [ -95.5580947, 29.8502865 ], [ -95.5575035, 29.850278 ], [ -95.5574881, 29.8502788 ], [ -95.5573907, 29.8502837 ], [ -95.5573774, 29.8502844 ], [ -95.5573264, 29.8502841 ], [ -95.5542833, 29.850267 ], [ -95.5543282, 29.8503268 ], [ -95.5531684, 29.8503141 ], [ -95.5530385, 29.8503127 ], [ -95.5530382, 29.8502747 ], [ -95.5530381, 29.8502626 ], [ -95.5520619, 29.8502579 ], [ -95.5519672, 29.8502575 ], [ -95.5517066, 29.8502562 ], [ -95.551397, 29.8502547 ], [ -95.5511588, 29.8502536 ], [ -95.5509695, 29.8502527 ], [ -95.5507803, 29.8502518 ], [ -95.550591, 29.8502509 ], [ -95.5504017, 29.8502499 ], [ -95.5502148, 29.850249 ], [ -95.5500256, 29.8502481 ], [ -95.5498994, 29.8502475 ], [ -95.5498979, 29.8502906 ], [ -95.5498973, 29.8502906 ], [ -95.5489036, 29.8502929 ], [ -95.5488881, 29.850293 ], [ -95.5488874, 29.850293 ], [ -95.5488683, 29.850293 ], [ -95.5488672, 29.8502544 ], [ -95.5488623, 29.8500821 ], [ -95.5488604, 29.8498106 ], [ -95.5488585, 29.8495453 ], [ -95.5488813, 29.8493744 ], [ -95.5488813, 29.8493712 ], [ -95.5488779, 29.8490858 ], [ -95.5488736, 29.8488298 ], [ -95.5488738, 29.8486716 ], [ -95.5488694, 29.8484006 ], [ -95.5488691, 29.8481128 ], [ -95.5488688, 29.8479397 ], [ -95.5488712, 29.8478601 ], [ -95.5488689, 29.8475035 ], [ -95.5488683, 29.8474133 ], [ -95.5488638, 29.8467175 ], [ -95.5488635, 29.8466671 ], [ -95.5488632, 29.8466121 ], [ -95.5488594, 29.8457423 ], [ -95.5488571, 29.8452176 ], [ -95.5500439, 29.8452089 ], [ -95.5501906, 29.8452045 ], [ -95.5504258, 29.8452026 ], [ -95.5506376, 29.8452008 ], [ -95.5508174, 29.8451993 ], [ -95.5508714, 29.8451988 ], [ -95.5508979, 29.8451986 ], [ -95.5509084, 29.8451985 ], [ -95.5509709, 29.845198 ], [ -95.5511191, 29.8451968 ], [ -95.5512728, 29.8451955 ], [ -95.5514239, 29.8451943 ], [ -95.5515748, 29.845193 ], [ -95.551726, 29.8451918 ], [ -95.5518771, 29.8451906 ], [ -95.5520254, 29.8451894 ], [ -95.5521819, 29.8451881 ], [ -95.5523375, 29.8451868 ], [ -95.5524858, 29.8451856 ], [ -95.5526366, 29.8451844 ], [ -95.5527895, 29.8451831 ], [ -95.5529647, 29.8451817 ], [ -95.5529786, 29.8451816 ], [ -95.5531611, 29.8451799 ], [ -95.554283, 29.8451696 ], [ -95.5552143, 29.8451582 ], [ -95.5558535, 29.8451503 ], [ -95.5560983, 29.8451473 ], [ -95.5572624, 29.8451342 ], [ -95.5573869, 29.8451378 ], [ -95.5573866, 29.8451217 ], [ -95.5573864, 29.8451149 ], [ -95.5574524, 29.845115 ], [ -95.5578719, 29.8451155 ], [ -95.559464, 29.8451173 ], [ -95.5615412, 29.8451196 ], [ -95.561642, 29.8451207 ], [ -95.5616436, 29.8451207 ], [ -95.5617375, 29.8451191 ], [ -95.5632838, 29.8451106 ], [ -95.5632861, 29.8456501 ], [ -95.5632909, 29.8461743 ], [ -95.5632961, 29.846749 ] ], [ [ -95.5464166, 29.7589013 ], [ -95.5462739, 29.7631718 ], [ -95.5463315, 29.7652104 ], [ -95.5439898, 29.7652081 ], [ -95.5436514, 29.7652078 ], [ -95.5434068, 29.765208 ], [ -95.543269, 29.7652075 ], [ -95.5432523, 29.7652074 ], [ -95.542946, 29.7652071 ], [ -95.5405152, 29.7652048 ], [ -95.5404776, 29.7651347 ], [ -95.5400206, 29.7653126 ], [ -95.5399138, 29.7653119 ], [ -95.5399718, 29.7731187 ], [ -95.5402327, 29.7731364 ], [ -95.540262, 29.775766 ], [ -95.539643, 29.7757647 ], [ -95.5375967, 29.7757844 ], [ -95.5375728, 29.7731951 ], [ -95.5314761, 29.7732445 ], [ -95.5317057, 29.7838014 ], [ -95.5274574, 29.783837 ], [ -95.5274606, 29.7843149 ], [ -95.5201014, 29.7842565 ], [ -95.5200574, 29.7850372 ], [ -95.5200295, 29.7857363 ], [ -95.519937, 29.7878982 ], [ -95.5200633, 29.7883802 ], [ -95.520232, 29.7887574 ], [ -95.5202693, 29.788904 ], [ -95.5167527, 29.7889303 ], [ -95.5158228, 29.7894333 ], [ -95.5155124, 29.7895469 ], [ -95.5139453, 29.7897113 ], [ -95.5139285, 29.794404 ], [ -95.5128108, 29.7944026 ], [ -95.5128213, 29.7972789 ], [ -95.5101262, 29.7972442 ], [ -95.5101507, 29.7988176 ], [ -95.5100213, 29.7986443 ], [ -95.5097063, 29.7983753 ], [ -95.5095483, 29.7982733 ], [ -95.5089383, 29.7978793 ], [ -95.5087743, 29.7978193 ], [ -95.5084713, 29.7977423 ], [ -95.5081253, 29.7975823 ], [ -95.5073243, 29.7972363 ], [ -95.5072363, 29.7972083 ], [ -95.5070723, 29.7971813 ], [ -95.5069463, 29.7971913 ], [ -95.5067863, 29.7971913 ], [ -95.5067703, 29.7971913 ], [ -95.5063223, 29.7970813 ], [ -95.5062153, 29.7970433 ], [ -95.5061653, 29.7970153 ], [ -95.5061273, 29.7969823 ], [ -95.5061023, 29.7969333 ], [ -95.5058003, 29.7960863 ], [ -95.5057623, 29.7960363 ], [ -95.5057053, 29.7959983 ], [ -95.5054853, 29.7959103 ], [ -95.5053843, 29.7958993 ], [ -95.5052643, 29.7959263 ], [ -95.5051503, 29.7959633 ], [ -95.5048543, 29.7960583 ], [ -95.5045833, 29.7961683 ], [ -95.5044253, 29.7962173 ], [ -95.5042053, 29.7962453 ], [ -95.5038523, 29.7962283 ], [ -95.5037263, 29.7962673 ], [ -95.5035373, 29.7963443 ], [ -95.5031273, 29.7965803 ], [ -95.5029383, 29.7966403 ], [ -95.5027233, 29.7966893 ], [ -95.5025973, 29.7967063 ], [ -95.5022443, 29.7966293 ], [ -95.5017723, 29.7965023 ], [ -95.5017423, 29.7964923 ], [ -95.5012363, 29.7963213 ], [ -95.5007633, 29.7961833 ], [ -95.5005684, 29.7961003 ], [ -95.5004384, 29.7960643 ], [ -95.5000703, 29.7959633 ], [ -95.5000113, 29.7959253 ], [ -95.4997153, 29.7958813 ], [ -95.4991603, 29.7958383 ], [ -95.4988833, 29.7957723 ], [ -95.4985993, 29.7956673 ], [ -95.4985233, 29.7956183 ], [ -95.4981453, 29.7955743 ], [ -95.4978934, 29.7955583 ], [ -95.4977293, 29.7955303 ], [ -95.4975523, 29.7954703 ], [ -95.4973383, 29.7953223 ], [ -95.4970233, 29.7950583 ], [ -95.4967143, 29.7947453 ], [ -95.4965833, 29.7945863 ], [ -95.4964803, 29.7944695 ], [ -95.4961207, 29.7943664 ], [ -95.495486, 29.794006 ], [ -95.4954413, 29.7938906 ], [ -95.4954347, 29.7943626 ], [ -95.4954304, 29.7947288 ], [ -95.4933729, 29.794752 ], [ -95.4914318, 29.7947722 ], [ -95.4902419, 29.7947939 ], [ -95.4894037, 29.7948255 ], [ -95.4850292, 29.7947941 ], [ -95.4850168, 29.789037 ], [ -95.4850042, 29.7844543 ], [ -95.4864084, 29.7844702 ], [ -95.4863934, 29.7833805 ], [ -95.4866656, 29.7833814 ], [ -95.4875574, 29.7834242 ], [ -95.4877648, 29.783438 ], [ -95.4878735, 29.7834554 ], [ -95.4881958, 29.7834688 ], [ -95.48819, 29.7829967 ], [ -95.4881874, 29.7827847 ], [ -95.4881841, 29.7820827 ], [ -95.4882168, 29.7801201 ], [ -95.488244, 29.7792481 ], [ -95.4882977, 29.7771999 ], [ -95.4880565, 29.7773177 ], [ -95.4878325, 29.7773961 ], [ -95.4874351, 29.7775077 ], [ -95.4870826, 29.7775356 ], [ -95.4870415, 29.7705201 ], [ -95.4870022, 29.7703948 ], [ -95.4869812, 29.7695166 ], [ -95.4872111, 29.7696751 ], [ -95.4875327, 29.7696862 ], [ -95.4877923, 29.769673 ], [ -95.4880071, 29.7696597 ], [ -95.488158, 29.7695936 ], [ -95.4882293, 29.769456 ], [ -95.4882059, 29.7693174 ], [ -95.4875121, 29.7687317 ], [ -95.4873329, 29.7685189 ], [ -95.4873146, 29.7682169 ], [ -95.4873677, 29.7679673 ], [ -95.4874873, 29.7676542 ], [ -95.4877962, 29.7672692 ], [ -95.4880911, 29.7670052 ], [ -95.488595, 29.7667572 ], [ -95.4890728, 29.7666125 ], [ -95.4894261, 29.7666555 ], [ -95.489826, 29.7667414 ], [ -95.4903165, 29.7668208 ], [ -95.4906942, 29.7668211 ], [ -95.4908583, 29.7667831 ], [ -95.4909652, 29.7667001 ], [ -95.4909842, 29.7666071 ], [ -95.4909402, 29.7665131 ], [ -95.4901482, 29.7660799 ], [ -95.4898534, 29.7658426 ], [ -95.4897654, 29.7656506 ], [ -95.4896705, 29.7653426 ], [ -95.4896104, 29.7650791 ], [ -95.4896544, 29.7649311 ], [ -95.4897055, 29.7648981 ], [ -95.4897995, 29.7648651 ], [ -95.4899195, 29.7648641 ], [ -95.4901335, 29.7649301 ], [ -95.4904365, 29.7652161 ], [ -95.4907333, 29.7653636 ], [ -95.4911409, 29.7656496 ], [ -95.491394, 29.7656823 ], [ -95.4917127, 29.7656085 ], [ -95.4920423, 29.7655917 ], [ -95.4922879, 29.7654758 ], [ -95.4923769, 29.7653598 ], [ -95.4924079, 29.7652778 ], [ -95.4923669, 29.7651412 ], [ -95.492245, 29.7649933 ], [ -95.4918601, 29.7647937 ], [ -95.491159, 29.764538 ], [ -95.4909194, 29.764326 ], [ -95.4908199, 29.7641869 ], [ -95.4907569, 29.7640439 ], [ -95.4907439, 29.7639069 ], [ -95.4907883, 29.7637419 ], [ -95.4909584, 29.7635341 ], [ -95.4911784, 29.7633412 ], [ -95.4913684, 29.763187 ], [ -95.4915634, 29.7630991 ], [ -95.4916705, 29.7630771 ], [ -95.4918275, 29.7630941 ], [ -95.4921663, 29.7631878 ], [ -95.4923347, 29.7633018 ], [ -95.492354, 29.7634622 ], [ -95.4922864, 29.7638906 ], [ -95.4922614, 29.7640488 ], [ -95.4923099, 29.7641971 ], [ -95.4924298, 29.7643732 ], [ -95.4928108, 29.7646736 ], [ -95.4932175, 29.7649105 ], [ -95.4935765, 29.7650145 ], [ -95.4938343, 29.765093 ], [ -95.494099, 29.7651298 ], [ -95.4944187, 29.7651172 ], [ -95.4946277, 29.7650465 ], [ -95.4947655, 29.764934 ], [ -95.4948372, 29.7647999 ], [ -95.4948356, 29.7646788 ], [ -95.4948466, 29.7645344 ], [ -95.4949506, 29.7643477 ], [ -95.4950268, 29.7641889 ], [ -95.4950885, 29.7640893 ], [ -95.4951614, 29.7639881 ], [ -95.4954764, 29.7637241 ], [ -95.4958105, 29.7634712 ], [ -95.4959301, 29.7632679 ], [ -95.4959795, 29.7630492 ], [ -95.4959363, 29.7626675 ], [ -95.4960257, 29.7624475 ], [ -95.4961236, 29.7623141 ], [ -95.4963062, 29.7622342 ], [ -95.4964424, 29.7621551 ], [ -95.4965981, 29.7621109 ], [ -95.4966885, 29.7620192 ], [ -95.4967521, 29.7618828 ], [ -95.4968101, 29.7617335 ], [ -95.4969116, 29.7615778 ], [ -95.4970902, 29.7615587 ], [ -95.4972877, 29.7616656 ], [ -95.4978592, 29.7620065 ], [ -95.498033, 29.7620945 ], [ -95.4982084, 29.7621192 ], [ -95.4983179, 29.762091 ], [ -95.4984796, 29.762024 ], [ -95.498648, 29.7619471 ], [ -95.4987805, 29.7617846 ], [ -95.4988274, 29.7614851 ], [ -95.4989154, 29.7611501 ], [ -95.4990154, 29.7608581 ], [ -95.4991494, 29.7605529 ], [ -95.4995085, 29.760323 ], [ -95.4997196, 29.760232 ], [ -95.5000018, 29.7601433 ], [ -95.5002976, 29.760157 ], [ -95.5005291, 29.7602627 ], [ -95.5007104, 29.7603457 ], [ -95.5010349, 29.7603773 ], [ -95.5008348, 29.7588995 ], [ -95.5008137, 29.7584754 ], [ -95.5008877, 29.7578374 ], [ -95.5011682, 29.7564261 ], [ -95.5013222, 29.755155 ], [ -95.5012686, 29.752971 ], [ -95.5013265, 29.75297 ], [ -95.5045284, 29.7529201 ], [ -95.5047299, 29.7525117 ], [ -95.5050072, 29.7520744 ], [ -95.5051309, 29.7517038 ], [ -95.5053389, 29.7507638 ], [ -95.5053967, 29.7502188 ], [ -95.5056638, 29.7497902 ], [ -95.5057453, 29.7492243 ], [ -95.5058707, 29.7487929 ], [ -95.5060214, 29.7485289 ], [ -95.5062837, 29.7483228 ], [ -95.5065806, 29.7482882 ], [ -95.5068308, 29.7483327 ], [ -95.5070919, 29.7484168 ], [ -95.5075449, 29.7485988 ], [ -95.5078159, 29.7486048 ], [ -95.5080489, 29.7485437 ], [ -95.5082291, 29.7483641 ], [ -95.5082485, 29.7482538 ], [ -95.5082279, 29.7481108 ], [ -95.5080999, 29.7480299 ], [ -95.5074319, 29.7478397 ], [ -95.5069948, 29.7477232 ], [ -95.5067988, 29.7475691 ], [ -95.5067238, 29.7473932 ], [ -95.5067368, 29.7471951 ], [ -95.5069979, 29.7468838 ], [ -95.5073569, 29.7464877 ], [ -95.5077675, 29.7461206 ], [ -95.5080145, 29.7460373 ], [ -95.5083476, 29.7460599 ], [ -95.5086339, 29.7461577 ], [ -95.5089701, 29.7462398 ], [ -95.5091841, 29.7462238 ], [ -95.5093827, 29.7461149 ], [ -95.5097999, 29.7459054 ], [ -95.5103504, 29.7457449 ], [ -95.5107878, 29.7457047 ], [ -95.5116409, 29.7457138 ], [ -95.5118402, 29.7456962 ], [ -95.5120319, 29.7456148 ], [ -95.5122007, 29.7454888 ], [ -95.5123529, 29.7451978 ], [ -95.5123719, 29.7449278 ], [ -95.5122598, 29.7446842 ], [ -95.5120482, 29.7442941 ], [ -95.5120519, 29.7441358 ], [ -95.5121959, 29.7439987 ], [ -95.5123729, 29.7438948 ], [ -95.5125999, 29.7438228 ], [ -95.5127614, 29.743803 ], [ -95.5129203, 29.7438288 ], [ -95.5132223, 29.7440098 ], [ -95.5134423, 29.7442628 ], [ -95.5135563, 29.7444388 ], [ -95.5137727, 29.7446765 ], [ -95.5138647, 29.7448003 ], [ -95.5140407, 29.7448883 ], [ -95.5142866, 29.7449272 ], [ -95.5144507, 29.7449213 ], [ -95.5146267, 29.7448832 ], [ -95.5148287, 29.7447733 ], [ -95.5151376, 29.7445349 ], [ -95.5153646, 29.7443758 ], [ -95.5155666, 29.7441779 ], [ -95.5157746, 29.7439309 ], [ -95.5159639, 29.7437028 ], [ -95.5161589, 29.7434998 ], [ -95.5163229, 29.7433738 ], [ -95.5164757, 29.7432929 ], [ -95.5166368, 29.7433568 ], [ -95.5168067, 29.7435021 ], [ -95.5169668, 29.7436514 ], [ -95.5170777, 29.7438024 ], [ -95.5171506, 29.7438967 ], [ -95.5172576, 29.7439196 ], [ -95.5173646, 29.7439087 ], [ -95.5174997, 29.7437644 ], [ -95.5180074, 29.7427528 ], [ -95.5181632, 29.7426866 ], [ -95.5183082, 29.7426706 ], [ -95.5184342, 29.7427036 ], [ -95.5185282, 29.7427696 ], [ -95.5186283, 29.7429067 ], [ -95.5187669, 29.7431598 ], [ -95.5188809, 29.7432918 ], [ -95.5189719, 29.7433648 ], [ -95.5197603, 29.7433047 ], [ -95.5207178, 29.7421985 ], [ -95.5230442, 29.74218 ], [ -95.5230637, 29.7429849 ], [ -95.526685, 29.7429356 ], [ -95.5267239, 29.7432498 ], [ -95.5267999, 29.7433428 ], [ -95.5271079, 29.7435738 ], [ -95.5273349, 29.7436788 ], [ -95.5274669, 29.7437547 ], [ -95.5275739, 29.7438928 ], [ -95.5276439, 29.7439368 ], [ -95.5277879, 29.7440908 ], [ -95.5280469, 29.7444867 ], [ -95.5281029, 29.7446238 ], [ -95.5281659, 29.7446457 ], [ -95.5282539, 29.7446958 ], [ -95.5283679, 29.7448388 ], [ -95.5284309, 29.7449757 ], [ -95.5284869, 29.7452398 ], [ -95.5284869, 29.7453988 ], [ -95.5284239, 29.7454817 ], [ -95.5284179, 29.7456247 ], [ -95.5285059, 29.7457788 ], [ -95.5286142, 29.7458775 ], [ -95.5281802, 29.7461305 ], [ -95.527971, 29.7462945 ], [ -95.527857, 29.7464095 ], [ -95.527637, 29.7465035 ], [ -95.527448, 29.7465365 ], [ -95.527259, 29.7465415 ], [ -95.527108, 29.7465255 ], [ -95.526919, 29.7465255 ], [ -95.526582, 29.7466489 ], [ -95.5262554, 29.7468268 ], [ -95.5260102, 29.7470116 ], [ -95.5259264, 29.7471283 ], [ -95.5259288, 29.7516434 ], [ -95.5259674, 29.7533529 ], [ -95.5259883, 29.7535848 ], [ -95.5261096, 29.7537788 ], [ -95.5263199, 29.7539306 ], [ -95.5266519, 29.754003 ], [ -95.5291217, 29.7540174 ], [ -95.5294959, 29.7542394 ], [ -95.5296404, 29.7546294 ], [ -95.5296793, 29.758373 ], [ -95.529722, 29.7586249 ], [ -95.5298671, 29.7588436 ], [ -95.5300929, 29.7589875 ], [ -95.5303686, 29.7590811 ], [ -95.5338706, 29.7590419 ], [ -95.5377738, 29.7589982 ], [ -95.5464166, 29.7589013 ] ], [ [ -95.4844491, 29.6990857 ], [ -95.4844431, 29.6990888 ], [ -95.4829149, 29.6998783 ], [ -95.482566, 29.7000567 ], [ -95.4823981, 29.7001396 ], [ -95.48237, 29.7001538 ], [ -95.482194, 29.7002432 ], [ -95.4816494, 29.7005197 ], [ -95.4812363, 29.7007294 ], [ -95.4811218, 29.7007875 ], [ -95.4805778, 29.7010637 ], [ -95.4805649, 29.7010574 ], [ -95.4805094, 29.7010304 ], [ -95.4804872, 29.7010195 ], [ -95.4804871, 29.7010149 ], [ -95.4804781, 29.7003204 ], [ -95.4804775, 29.7002739 ], [ -95.4804755, 29.7001171 ], [ -95.4804737, 29.6999796 ], [ -95.480471, 29.6997652 ], [ -95.4804658, 29.6993664 ], [ -95.4804496, 29.699217 ], [ -95.4804463, 29.6988161 ], [ -95.4804453, 29.6987168 ], [ -95.4804425, 29.6984149 ], [ -95.4804424, 29.6984143 ], [ -95.4804418, 29.6983321 ], [ -95.4802891, 29.6983333 ], [ -95.4802852, 29.6983333 ], [ -95.4762586, 29.6983655 ], [ -95.4761389, 29.6983665 ], [ -95.4740822, 29.6983829 ], [ -95.4741236, 29.7020426 ], [ -95.4741439, 29.7038422 ], [ -95.4741439, 29.703843 ], [ -95.4741507, 29.7044452 ], [ -95.4761142, 29.7035193 ], [ -95.4761211, 29.7038216 ], [ -95.4761246, 29.7039234 ], [ -95.4761384, 29.7047489 ], [ -95.4761455, 29.7054375 ], [ -95.4761462, 29.7055321 ], [ -95.4761481, 29.7057716 ], [ -95.4761629, 29.7066785 ], [ -95.4761706, 29.7071513 ], [ -95.4761737, 29.7073382 ], [ -95.4761669, 29.7073382 ], [ -95.475547, 29.7073411 ], [ -95.4754529, 29.7073419 ], [ -95.4751378, 29.7073433 ], [ -95.4743003, 29.7073474 ], [ -95.4739551, 29.7073535 ], [ -95.4733703, 29.7073509 ], [ -95.4726261, 29.7073498 ], [ -95.4726235, 29.7073497 ], [ -95.4725304, 29.7073488 ], [ -95.4725789, 29.7110743 ], [ -95.4725856, 29.711583 ], [ -95.4726027, 29.7128989 ], [ -95.4680274, 29.7129598 ], [ -95.4680611, 29.7156242 ], [ -95.46806, 29.7166435 ], [ -95.4680744, 29.7166803 ], [ -95.4681169, 29.720049 ], [ -95.4681189, 29.7202065 ], [ -95.466645, 29.7202294 ], [ -95.4661802, 29.7202338 ], [ -95.4656176, 29.7202391 ], [ -95.4654942, 29.7202403 ], [ -95.4640735, 29.7202603 ], [ -95.4639749, 29.7202617 ], [ -95.4639929, 29.7215682 ], [ -95.4640105, 29.7238754 ], [ -95.4640106, 29.7238837 ], [ -95.4640208, 29.7247909 ], [ -95.4640213, 29.7248235 ], [ -95.464033, 29.7254783 ], [ -95.4640337, 29.7255252 ], [ -95.4639576, 29.7255334 ], [ -95.4632944, 29.7255785 ], [ -95.4631516, 29.7255884 ], [ -95.4628064, 29.7256072 ], [ -95.4624667, 29.7256287 ], [ -95.4623064, 29.7256402 ], [ -95.4620406, 29.7256611 ], [ -95.461987, 29.7256647 ], [ -95.4617954, 29.725682 ], [ -95.4616598, 29.7256942 ], [ -95.461506, 29.7257087 ], [ -95.4610515, 29.7257505 ], [ -95.4599716, 29.7258481 ], [ -95.4596545, 29.725876 ], [ -95.4594843, 29.725891 ], [ -95.4594917, 29.7258422 ], [ -95.4595452, 29.7254894 ], [ -95.4595453, 29.7254888 ], [ -95.4595536, 29.7254396 ], [ -95.4596136, 29.7250846 ], [ -95.4596923, 29.7245969 ], [ -95.4596983, 29.7245573 ], [ -95.4596983, 29.7245183 ], [ -95.4596987, 29.7242184 ], [ -95.4596974, 29.7237866 ], [ -95.4596963, 29.7234439 ], [ -95.4596961, 29.723295 ], [ -95.4596942, 29.7229242 ], [ -95.4596924, 29.7226984 ], [ -95.459689, 29.7223894 ], [ -95.4596797, 29.7218313 ], [ -95.4596754, 29.7215596 ], [ -95.4596729, 29.7213433 ], [ -95.4596622, 29.7204312 ], [ -95.4596622, 29.720425 ], [ -95.4596618, 29.7203166 ], [ -95.4514844, 29.7203752 ], [ -95.4515126, 29.722668 ], [ -95.4513996, 29.7226696 ], [ -95.4513949, 29.7226697 ], [ -95.4513879, 29.7226698 ], [ -95.4510291, 29.7226746 ], [ -95.4506645, 29.7226789 ], [ -95.4504816, 29.7226811 ], [ -95.4501239, 29.7226853 ], [ -95.4497514, 29.7226894 ], [ -95.4497448, 29.7226895 ], [ -95.4495689, 29.7226913 ], [ -95.4495626, 29.7226914 ], [ -95.4479148, 29.7227093 ], [ -95.4479134, 29.7227088 ], [ -95.4479112, 29.7227081 ], [ -95.4478809, 29.7211532 ], [ -95.4478763, 29.7209201 ], [ -95.4478199, 29.7180235 ], [ -95.4478189, 29.7180022 ], [ -95.4478068, 29.7177332 ], [ -95.4477324, 29.7139832 ], [ -95.4476848, 29.7128487 ], [ -95.44765, 29.710621 ], [ -95.4476445, 29.7103396 ], [ -95.4476391, 29.7100582 ], [ -95.4476336, 29.7097768 ], [ -95.4476232, 29.7094695 ], [ -95.4476349, 29.7091939 ], [ -95.4476287, 29.7089172 ], [ -95.4476268, 29.7088323 ], [ -95.4476223, 29.7086323 ], [ -95.4476159, 29.7083524 ], [ -95.447564, 29.7060985 ], [ -95.4475636, 29.7060836 ], [ -95.4475571, 29.7057468 ], [ -95.4475578, 29.7056935 ], [ -95.4475361, 29.7045493 ], [ -95.447415, 29.6984023 ], [ -95.4474111, 29.6981308 ], [ -95.4474108, 29.6981114 ], [ -95.447407, 29.6978418 ], [ -95.4473494, 29.6957315 ], [ -95.447317, 29.6942056 ], [ -95.4473162, 29.6941697 ], [ -95.4473111, 29.6939303 ], [ -95.4473107, 29.6939147 ], [ -95.4473048, 29.6936397 ], [ -95.4472995, 29.6935518 ], [ -95.447298, 29.6935275 ], [ -95.4472964, 29.6935011 ], [ -95.4472962, 29.6934471 ], [ -95.4472961, 29.6934036 ], [ -95.4472955, 29.6932244 ], [ -95.4472951, 29.6932078 ], [ -95.4472866, 29.6929426 ], [ -95.4472849, 29.6929139 ], [ -95.4472841, 29.6929016 ], [ -95.4472784, 29.6928064 ], [ -95.4472778, 29.6926161 ], [ -95.4472777, 29.6926027 ], [ -95.4472775, 29.6925249 ], [ -95.4472772, 29.6925117 ], [ -95.4472736, 29.6924226 ], [ -95.4472733, 29.6924151 ], [ -95.4472662, 29.6922391 ], [ -95.4472675, 29.6921544 ], [ -95.4472675, 29.6921529 ], [ -95.4472683, 29.6921015 ], [ -95.4472623, 29.6918286 ], [ -95.447262, 29.6918145 ], [ -95.4472562, 29.6915485 ], [ -95.4472524, 29.6914016 ], [ -95.447246, 29.6911267 ], [ -95.4472445, 29.6911213 ], [ -95.447244, 29.6911192 ], [ -95.4472437, 29.6911181 ], [ -95.4472423, 29.6911129 ], [ -95.4472394, 29.6909309 ], [ -95.4472393, 29.6909214 ], [ -95.4472387, 29.6908854 ], [ -95.4472379, 29.6908347 ], [ -95.447236, 29.6907682 ], [ -95.4472341, 29.6906966 ], [ -95.4472309, 29.6905421 ], [ -95.4472287, 29.6904328 ], [ -95.4472284, 29.6904189 ], [ -95.447222, 29.6901496 ], [ -95.4472216, 29.6901334 ], [ -95.4472699, 29.6901329 ], [ -95.4475359, 29.6901305 ], [ -95.4476959, 29.690129 ], [ -95.4478559, 29.6901275 ], [ -95.4490954, 29.6901091 ], [ -95.4491005, 29.6901064 ], [ -95.4494051, 29.6899436 ], [ -95.449699, 29.6898318 ], [ -95.4498796, 29.6897673 ], [ -95.4500616, 29.6897054 ], [ -95.450245, 29.6896463 ], [ -95.4504296, 29.68959 ], [ -95.4506155, 29.6895365 ], [ -95.4508025, 29.6894858 ], [ -95.4509907, 29.689438 ], [ -95.4512167, 29.6893994 ], [ -95.4512203, 29.689676 ], [ -95.4512234, 29.6899037 ], [ -95.4512246, 29.6899969 ], [ -95.4514462, 29.6900783 ], [ -95.4517726, 29.6901481 ], [ -95.4518559, 29.6901476 ], [ -95.4520588, 29.6901464 ], [ -95.4522676, 29.6901446 ], [ -95.4524786, 29.6901428 ], [ -95.4526875, 29.690141 ], [ -95.4528923, 29.6901395 ], [ -95.4530978, 29.690138 ], [ -95.453302, 29.6901369 ], [ -95.4535058, 29.6901358 ], [ -95.4537121, 29.6901355 ], [ -95.4538886, 29.6901327 ], [ -95.453915, 29.6901317 ], [ -95.4541226, 29.690131 ], [ -95.4543295, 29.6901303 ], [ -95.4545196, 29.6901294 ], [ -95.4547266, 29.6901285 ], [ -95.4549253, 29.6901276 ], [ -95.4551431, 29.690126 ], [ -95.4553656, 29.6901254 ], [ -95.4555834, 29.6901242 ], [ -95.4557879, 29.6901222 ], [ -95.4559932, 29.6901201 ], [ -95.4561982, 29.6901187 ], [ -95.4564024, 29.6901172 ], [ -95.4566081, 29.6901158 ], [ -95.4568121, 29.6901141 ], [ -95.4570168, 29.6901124 ], [ -95.457223, 29.6901107 ], [ -95.457427, 29.690109 ], [ -95.4576317, 29.6901073 ], [ -95.4578377, 29.6901057 ], [ -95.4580416, 29.6901041 ], [ -95.4582462, 29.6901023 ], [ -95.4584495, 29.6901006 ], [ -95.4595524, 29.6900746 ], [ -95.4598674, 29.6900713 ], [ -95.4601823, 29.690068 ], [ -95.4604972, 29.6900647 ], [ -95.4606232, 29.6900634 ], [ -95.4607138, 29.6900624 ], [ -95.4609295, 29.6900602 ], [ -95.4609382, 29.6900601 ], [ -95.4611468, 29.6900579 ], [ -95.4613631, 29.6900557 ], [ -95.4615678, 29.6900535 ], [ -95.4617054, 29.6900521 ], [ -95.4617253, 29.6900519 ], [ -95.4618828, 29.6900502 ], [ -95.4621977, 29.6900469 ], [ -95.4625126, 29.6900436 ], [ -95.4628276, 29.6900403 ], [ -95.4631425, 29.690037 ], [ -95.4634575, 29.6900337 ], [ -95.4637724, 29.6900304 ], [ -95.4640338, 29.6900156 ], [ -95.4640897, 29.6900159 ], [ -95.4644082, 29.6900173 ], [ -95.4645471, 29.6900142 ], [ -95.4647156, 29.6900104 ], [ -95.4650429, 29.6900076 ], [ -95.4652471, 29.6900059 ], [ -95.4654553, 29.6900057 ], [ -95.4656643, 29.6900054 ], [ -95.4658792, 29.6900051 ], [ -95.4660933, 29.6900048 ], [ -95.4663053, 29.6900026 ], [ -95.4665167, 29.6900003 ], [ -95.4667273, 29.6899981 ], [ -95.4669393, 29.6899958 ], [ -95.4671507, 29.6899935 ], [ -95.4673598, 29.6899923 ], [ -95.4675831, 29.6899954 ], [ -95.4678726, 29.6899958 ], [ -95.468084, 29.6899937 ], [ -95.4682897, 29.6899916 ], [ -95.4684947, 29.6899894 ], [ -95.4686999, 29.6899877 ], [ -95.4689045, 29.689986 ], [ -95.469109, 29.6899843 ], [ -95.4693143, 29.6899826 ], [ -95.4695189, 29.6899809 ], [ -95.4697234, 29.6899792 ], [ -95.4697573, 29.6899789 ], [ -95.4699273, 29.6899775 ], [ -95.4701332, 29.6899758 ], [ -95.4703378, 29.6899741 ], [ -95.4705431, 29.6899724 ], [ -95.4707476, 29.6899707 ], [ -95.4709522, 29.689969 ], [ -95.4711568, 29.6899675 ], [ -95.4713603, 29.6899661 ], [ -95.4715638, 29.6899647 ], [ -95.4717906, 29.6899632 ], [ -95.4717928, 29.6899631 ], [ -95.4719786, 29.6899603 ], [ -95.472197, 29.6899568 ], [ -95.472403, 29.6899533 ], [ -95.4726075, 29.6899499 ], [ -95.4728113, 29.6899464 ], [ -95.4728912, 29.689945 ], [ -95.4730172, 29.6899429 ], [ -95.473221, 29.6899395 ], [ -95.4734269, 29.689936 ], [ -95.4736314, 29.6899325 ], [ -95.4738351, 29.6899291 ], [ -95.4740411, 29.6899256 ], [ -95.4742456, 29.6899221 ], [ -95.4744489, 29.6899187 ], [ -95.4746542, 29.6899137 ], [ -95.4748571, 29.6899098 ], [ -95.4750607, 29.6899059 ], [ -95.4752658, 29.689902 ], [ -95.4754687, 29.6898981 ], [ -95.4756723, 29.6898942 ], [ -95.4759087, 29.6898897 ], [ -95.4759152, 29.6902071 ], [ -95.4759182, 29.6903724 ], [ -95.4759225, 29.690684 ], [ -95.4759283, 29.6909972 ], [ -95.4759283, 29.6909998 ], [ -95.4759283, 29.6910812 ], [ -95.4819887, 29.6910527 ], [ -95.4843171, 29.6910272 ], [ -95.484321, 29.6911089 ], [ -95.4843327, 29.6916043 ], [ -95.4843371, 29.6921337 ], [ -95.4843521, 29.6922991 ], [ -95.4843559, 29.6928428 ], [ -95.4843593, 29.6933065 ], [ -95.4843599, 29.6933861 ], [ -95.4843623, 29.6934437 ], [ -95.4843667, 29.6935461 ], [ -95.4843812, 29.6940828 ], [ -95.4843916, 29.6945734 ], [ -95.4843928, 29.6947357 ], [ -95.4843928, 29.6947382 ], [ -95.4843889, 29.695233 ], [ -95.4843951, 29.6957723 ], [ -95.4843887, 29.695935 ], [ -95.4843964, 29.6964608 ], [ -95.4843965, 29.6964685 ], [ -95.4844015, 29.6967612 ], [ -95.4844109, 29.6970377 ], [ -95.4844133, 29.6972008 ], [ -95.4844198, 29.6974707 ], [ -95.4844258, 29.6977435 ], [ -95.4844268, 29.6977822 ], [ -95.48443, 29.6979061 ], [ -95.4844304, 29.6979966 ], [ -95.4844312, 29.6981798 ], [ -95.4844312, 29.6981841 ], [ -95.4844318, 29.6983589 ], [ -95.4844318, 29.6983653 ], [ -95.484432, 29.6983717 ], [ -95.484446, 29.6989343 ], [ -95.4844491, 29.6990857 ] ], [ [ -95.4476426, 29.7245308 ], [ -95.4476384, 29.7245308 ], [ -95.4472794, 29.7245336 ], [ -95.4472771, 29.7245336 ], [ -95.4472762, 29.7244427 ], [ -95.4470977, 29.724445 ], [ -95.4469389, 29.7244472 ], [ -95.4467796, 29.7244493 ], [ -95.4466217, 29.7244514 ], [ -95.4464625, 29.7244535 ], [ -95.4463081, 29.7244557 ], [ -95.4461529, 29.7244579 ], [ -95.4459977, 29.7244601 ], [ -95.4458391, 29.7244625 ], [ -95.4456784, 29.7244648 ], [ -95.4455199, 29.7244672 ], [ -95.4453599, 29.7244695 ], [ -95.4452014, 29.7244719 ], [ -95.4450406, 29.7244743 ], [ -95.4448806, 29.7244766 ], [ -95.4447227, 29.724479 ], [ -95.4445344, 29.7244827 ], [ -95.444346, 29.7244854 ], [ -95.4441893, 29.7244877 ], [ -95.4440325, 29.72449 ], [ -95.4438766, 29.7244923 ], [ -95.4437198, 29.7244946 ], [ -95.443563, 29.7244969 ], [ -95.443407, 29.7244992 ], [ -95.4432232, 29.7245019 ], [ -95.4432138, 29.7242305 ], [ -95.4432037, 29.7239545 ], [ -95.4432008, 29.7237891 ], [ -95.4431941, 29.7235143 ], [ -95.4431884, 29.7232397 ], [ -95.4431851, 29.7231358 ], [ -95.4431852, 29.7230757 ], [ -95.4431798, 29.722801 ], [ -95.4431728, 29.7225262 ], [ -95.4431697, 29.72236 ], [ -95.4431645, 29.7220862 ], [ -95.4431585, 29.7218106 ], [ -95.4431542, 29.7216455 ], [ -95.443151, 29.7213729 ], [ -95.443143, 29.721095 ], [ -95.4431387, 29.7209315 ], [ -95.4431358, 29.7206572 ], [ -95.4431325, 29.7204231 ], [ -95.4431316, 29.7203775 ], [ -95.4431301, 29.7202942 ], [ -95.436242, 29.7237731 ], [ -95.4334343, 29.7252583 ], [ -95.4331956, 29.7252616 ], [ -95.4185559, 29.7254611 ], [ -95.418555, 29.7253958 ], [ -95.4183531, 29.7114817 ], [ -95.4182325, 29.7072442 ], [ -95.4182372, 29.7070723 ], [ -95.4182091, 29.7063055 ], [ -95.4229758, 29.7062696 ], [ -95.4245891, 29.7062675 ], [ -95.4273012, 29.7062535 ], [ -95.4276143, 29.7062408 ], [ -95.4310014, 29.7062102 ], [ -95.4331377, 29.7062122 ], [ -95.4331161, 29.7046931 ], [ -95.4331705, 29.7046904 ], [ -95.4331727, 29.7047502 ], [ -95.4337616, 29.7047468 ], [ -95.4355763, 29.7047364 ], [ -95.4355753, 29.7046623 ], [ -95.4430908, 29.7046114 ], [ -95.4456897, 29.7045827 ], [ -95.4457144, 29.7057543 ], [ -95.4457173, 29.7059201 ], [ -95.4471884, 29.7059032 ], [ -95.4472442, 29.7059025 ], [ -95.4472476, 29.7060843 ], [ -95.4472476, 29.7060859 ], [ -95.4472614, 29.7068342 ], [ -95.4472667, 29.7071177 ], [ -95.4472693, 29.7072486 ], [ -95.4473667, 29.7122375 ], [ -95.4474276, 29.7151322 ], [ -95.4474859, 29.7179001 ], [ -95.4474866, 29.7179422 ], [ -95.4474907, 29.7181687 ], [ -95.4474908, 29.7181704 ], [ -95.4474985, 29.7185009 ], [ -95.4475017, 29.7186312 ], [ -95.4475043, 29.7187686 ], [ -95.4475072, 29.718906 ], [ -95.4475101, 29.7190441 ], [ -95.4475135, 29.7191891 ], [ -95.4475166, 29.7193271 ], [ -95.4475201, 29.7195088 ], [ -95.4475252, 29.7197298 ], [ -95.447528, 29.7198678 ], [ -95.4475314, 29.7200052 ], [ -95.4475346, 29.7201426 ], [ -95.4475374, 29.7202806 ], [ -95.4475404, 29.720418 ], [ -95.447543, 29.7205561 ], [ -95.4475462, 29.7206935 ], [ -95.4475497, 29.7208309 ], [ -95.4475526, 29.7209689 ], [ -95.4475557, 29.721105 ], [ -95.4475597, 29.7213122 ], [ -95.4475639, 29.7215187 ], [ -95.4475672, 29.7216562 ], [ -95.4475704, 29.7217936 ], [ -95.4475732, 29.7219316 ], [ -95.4475759, 29.7220677 ], [ -95.4475788, 29.7222115 ], [ -95.4475815, 29.7223432 ], [ -95.4475852, 29.72248 ], [ -95.4475883, 29.7226173 ], [ -95.447591, 29.7227554 ], [ -95.447594, 29.7228928 ], [ -95.4475967, 29.7230301 ], [ -95.4475997, 29.7231682 ], [ -95.4476032, 29.7233056 ], [ -95.4476062, 29.7234436 ], [ -95.4476092, 29.723581 ], [ -95.4476119, 29.7237184 ], [ -95.447615, 29.7238552 ], [ -95.4476178, 29.7239926 ], [ -95.447627, 29.7239923 ], [ -95.4476302, 29.724132 ], [ -95.4476398, 29.7242558 ], [ -95.4476412, 29.7243933 ], [ -95.4476426, 29.7245308 ] ], [ [ -95.29508, 30.0055126 ], [ -95.2950655, 30.0055126 ], [ -95.2945782, 30.0055132 ], [ -95.2945429, 30.0055133 ], [ -95.2945418, 30.0053758 ], [ -95.2945407, 30.0052383 ], [ -95.2945406, 30.0052148 ], [ -95.2945405, 30.0052053 ], [ -95.2945635, 30.0052044 ], [ -95.2949263, 30.0051898 ], [ -95.2950774, 30.0051838 ], [ -95.2950775, 30.0051971 ], [ -95.2950778, 30.0052377 ], [ -95.2950789, 30.0053751 ], [ -95.29508, 30.0055126 ] ], [ [ -95.2591124, 29.7732669 ], [ -95.2591124, 29.7732703 ], [ -95.2581058, 29.7733896 ], [ -95.2571475, 29.7735063 ], [ -95.257147, 29.7735063 ], [ -95.2569333, 29.7735323 ], [ -95.2561959, 29.7736279 ], [ -95.2561889, 29.7736284 ], [ -95.256182, 29.7736289 ], [ -95.2561427, 29.7736315 ], [ -95.2561039, 29.773634 ], [ -95.2559974, 29.7736403 ], [ -95.2558918, 29.7736457 ], [ -95.2558802, 29.7736462 ], [ -95.2558688, 29.7736467 ], [ -95.2555015, 29.7736576 ], [ -95.2553112, 29.7736591 ], [ -95.2549108, 29.773634 ], [ -95.2544342, 29.7735717 ], [ -95.2539534, 29.7734917 ], [ -95.2536763, 29.7734557 ], [ -95.2528096, 29.7733433 ], [ -95.2522331, 29.7732685 ], [ -95.2520668, 29.7732418 ], [ -95.2515557, 29.7731598 ], [ -95.2509571, 29.7731942 ], [ -95.2477163, 29.7732144 ], [ -95.2471752, 29.773222 ], [ -95.244765, 29.7732439 ], [ -95.2438135, 29.7732786 ], [ -95.2435966, 29.7732986 ], [ -95.243339, 29.7733264 ], [ -95.242429, 29.7733376 ], [ -95.2421486, 29.7733404 ], [ -95.2421513, 29.7734015 ], [ -95.2421553, 29.7734951 ], [ -95.2417874, 29.7734877 ], [ -95.2416126, 29.7734724 ], [ -95.2411637, 29.7734728 ], [ -95.2410853, 29.7735847 ], [ -95.2409994, 29.7734941 ], [ -95.2401255, 29.7734942 ], [ -95.2399296, 29.7734057 ], [ -95.2381547, 29.773413 ], [ -95.2379816, 29.7735118 ], [ -95.237524, 29.7735068 ], [ -95.2375231, 29.7734215 ], [ -95.2372754, 29.7734205 ], [ -95.2371825, 29.7734201 ], [ -95.2371802, 29.7733986 ], [ -95.2371787, 29.7733843 ], [ -95.2371785, 29.773383 ], [ -95.2371773, 29.7733718 ], [ -95.2371787, 29.773369 ], [ -95.2371793, 29.7733679 ], [ -95.2371796, 29.7733672 ], [ -95.2371793, 29.7733672 ], [ -95.2371787, 29.7733672 ], [ -95.2370336, 29.7733712 ], [ -95.2369452, 29.77337 ], [ -95.2368568, 29.7733675 ], [ -95.2367684, 29.7733636 ], [ -95.2366802, 29.7733585 ], [ -95.2365921, 29.7733519 ], [ -95.2365042, 29.7733441 ], [ -95.2364164, 29.7733349 ], [ -95.2363289, 29.7733244 ], [ -95.2362416, 29.7733126 ], [ -95.2361545, 29.7732994 ], [ -95.2360677, 29.773285 ], [ -95.2360674, 29.7732849 ], [ -95.2357967, 29.7732493 ], [ -95.2356109, 29.7732213 ], [ -95.2354256, 29.7731905 ], [ -95.235241, 29.7731568 ], [ -95.235057, 29.7731204 ], [ -95.2347948, 29.7730566 ], [ -95.2346179, 29.7730162 ], [ -95.2345287, 29.7729959 ], [ -95.234438, 29.7729768 ], [ -95.2343932, 29.7729676 ], [ -95.2343462, 29.772958 ], [ -95.2343386, 29.7729563 ], [ -95.2337332, 29.7728302 ], [ -95.2333378, 29.7727496 ], [ -95.233114, 29.7726978 ], [ -95.2329445, 29.7726586 ], [ -95.2329226, 29.7726537 ], [ -95.2326484, 29.7725926 ], [ -95.2326506, 29.7725843 ], [ -95.2325296, 29.7725555 ], [ -95.2324992, 29.7725486 ], [ -95.232346, 29.7725136 ], [ -95.2321921, 29.7724786 ], [ -95.2320338, 29.7724439 ], [ -95.2318772, 29.7724096 ], [ -95.2317202, 29.7723753 ], [ -95.2315637, 29.772341 ], [ -95.2314076, 29.7723068 ], [ -95.2314049, 29.7723063 ], [ -95.2314048, 29.7723062 ], [ -95.2314046, 29.7723062 ], [ -95.2314005, 29.7723053 ], [ -95.2313963, 29.7723043 ], [ -95.2313348, 29.7722905 ], [ -95.2312353, 29.7722675 ], [ -95.2309195, 29.7721933 ], [ -95.2308685, 29.7721812 ], [ -95.2308676, 29.772181 ], [ -95.2308485, 29.7721765 ], [ -95.230524, 29.7720997 ], [ -95.2305289, 29.7722327 ], [ -95.2274802, 29.7715582 ], [ -95.227475, 29.7713604 ], [ -95.2274674, 29.7711659 ], [ -95.2273199, 29.7709592 ], [ -95.2270644, 29.7704037 ], [ -95.2273289, 29.7695508 ], [ -95.2271501, 29.7691682 ], [ -95.2268711, 29.7689523 ], [ -95.2265743, 29.7689294 ], [ -95.2265093, 29.7689269 ], [ -95.2263371, 29.7689947 ], [ -95.2261083, 29.7692224 ], [ -95.2255629, 29.7695384 ], [ -95.2255589, 29.7695377 ], [ -95.225507, 29.769521 ], [ -95.2252539, 29.7694966 ], [ -95.2252087, 29.769138 ], [ -95.2250978, 29.7686986 ], [ -95.224842, 29.7685776 ], [ -95.2243942, 29.7685521 ], [ -95.2241084, 29.7686816 ], [ -95.2239239, 29.7687052 ], [ -95.2238476, 29.7685497 ], [ -95.2238474, 29.7685494 ], [ -95.2235792, 29.7683497 ], [ -95.2237073, 29.7676623 ], [ -95.2237159, 29.7676421 ], [ -95.2237161, 29.7676418 ], [ -95.2237162, 29.7676416 ], [ -95.2237186, 29.767636 ], [ -95.2238597, 29.767308 ], [ -95.2238918, 29.7672333 ], [ -95.2238926, 29.7672314 ], [ -95.2239997, 29.7669826 ], [ -95.2223392, 29.7663189 ], [ -95.222266, 29.766291 ], [ -95.2221934, 29.7662669 ], [ -95.2221931, 29.7662668 ], [ -95.2221203, 29.766244 ], [ -95.2221198, 29.7662439 ], [ -95.2219834, 29.7662044 ], [ -95.2219105, 29.7661851 ], [ -95.2219094, 29.7661848 ], [ -95.2219076, 29.7661844 ], [ -95.2218351, 29.7661664 ], [ -95.2218345, 29.7661663 ], [ -95.2217612, 29.7661494 ], [ -95.2217606, 29.7661492 ], [ -95.2216876, 29.7661336 ], [ -95.2216858, 29.7661332 ], [ -95.2216847, 29.766133 ], [ -95.2216109, 29.7661184 ], [ -95.221537, 29.766105 ], [ -95.2215357, 29.7661047 ], [ -95.2213917, 29.766082 ], [ -95.2213222, 29.7660721 ], [ -95.2212538, 29.7660605 ], [ -95.221252, 29.7660602 ], [ -95.2212508, 29.76606 ], [ -95.2211826, 29.7660485 ], [ -95.2211813, 29.7660483 ], [ -95.2211057, 29.7660397 ], [ -95.221105, 29.7660396 ], [ -95.2210273, 29.7660326 ], [ -95.2209494, 29.7660266 ], [ -95.2209488, 29.7660265 ], [ -95.2208739, 29.7660218 ], [ -95.2208728, 29.7660218 ], [ -95.2208034, 29.7660185 ], [ -95.2207335, 29.7660162 ], [ -95.2207328, 29.7660162 ], [ -95.2207305, 29.7660161 ], [ -95.2206622, 29.7660149 ], [ -95.2205916, 29.7660148 ], [ -95.220591, 29.7660148 ], [ -95.2205228, 29.7660157 ], [ -95.2205209, 29.7660157 ], [ -95.2205198, 29.7660158 ], [ -95.2204327, 29.7660184 ], [ -95.2204308, 29.7660185 ], [ -95.2204363, 29.7659118 ], [ -95.2204589, 29.7659118 ], [ -95.2207191, 29.7659114 ], [ -95.220878, 29.765911 ], [ -95.2209514, 29.7657657 ], [ -95.221055, 29.7655562 ], [ -95.2211262, 29.7654123 ], [ -95.2211981, 29.7652667 ], [ -95.2212377, 29.7651879 ], [ -95.2212703, 29.7651227 ], [ -95.2213413, 29.7649787 ], [ -95.2214125, 29.764834 ], [ -95.2214837, 29.7646894 ], [ -95.2215551, 29.7645445 ], [ -95.2216671, 29.7645875 ], [ -95.2218362, 29.7646524 ], [ -95.2219628, 29.7647139 ], [ -95.2220054, 29.7647174 ], [ -95.2221747, 29.7647818 ], [ -95.2223424, 29.7648426 ], [ -95.222509, 29.7649031 ], [ -95.222676, 29.7649638 ], [ -95.2228437, 29.7650306 ], [ -95.2231327, 29.7651457 ], [ -95.2233966, 29.7652507 ], [ -95.2234296, 29.7652635 ], [ -95.2240626, 29.7655155 ], [ -95.2241382, 29.7655459 ], [ -95.2241647, 29.7655309 ], [ -95.2241915, 29.7655162 ], [ -95.224218, 29.7655012 ], [ -95.2242436, 29.7654852 ], [ -95.2242676, 29.7654677 ], [ -95.2242899, 29.7654481 ], [ -95.2243105, 29.7654271 ], [ -95.2243296, 29.7654052 ], [ -95.2243482, 29.7653829 ], [ -95.2243662, 29.7653601 ], [ -95.2243831, 29.7653367 ], [ -95.2243985, 29.7653128 ], [ -95.2244117, 29.765288 ], [ -95.2244227, 29.7652623 ], [ -95.224432, 29.765236 ], [ -95.2244401, 29.7652092 ], [ -95.2244475, 29.7651824 ], [ -95.2244546, 29.7651556 ], [ -95.2244607, 29.7651285 ], [ -95.2244655, 29.7651013 ], [ -95.2244687, 29.7650739 ], [ -95.2244703, 29.7650465 ], [ -95.2244708, 29.765019 ], [ -95.2244704, 29.7649915 ], [ -95.2244694, 29.7649639 ], [ -95.224468, 29.7649364 ], [ -95.224467, 29.7649087 ], [ -95.2244657, 29.7648807 ], [ -95.2244609, 29.7648536 ], [ -95.2244498, 29.7648285 ], [ -95.2244353, 29.7648044 ], [ -95.2244188, 29.7647809 ], [ -95.2244014, 29.7647576 ], [ -95.224384, 29.7647343 ], [ -95.2243678, 29.7647106 ], [ -95.2243524, 29.7646866 ], [ -95.2243371, 29.7646625 ], [ -95.2243219, 29.7646384 ], [ -95.2243068, 29.7646143 ], [ -95.2242918, 29.7645901 ], [ -95.2242768, 29.7645659 ], [ -95.2242619, 29.7645417 ], [ -95.224247, 29.7645175 ], [ -95.2242322, 29.7644932 ], [ -95.2242174, 29.7644689 ], [ -95.2242027, 29.7644446 ], [ -95.224188, 29.7644202 ], [ -95.2241734, 29.7643959 ], [ -95.2241588, 29.7643715 ], [ -95.2241442, 29.7643471 ], [ -95.2241297, 29.7643227 ], [ -95.2241151, 29.7642984 ], [ -95.2241005, 29.764274 ], [ -95.2240904, 29.7642572 ], [ -95.2240866, 29.7642509 ], [ -95.2240858, 29.7642496 ], [ -95.2240711, 29.7642253 ], [ -95.2240562, 29.7642011 ], [ -95.2240409, 29.764177 ], [ -95.2240254, 29.764153 ], [ -95.22401, 29.764129 ], [ -95.2239951, 29.7641047 ], [ -95.2239811, 29.7640802 ], [ -95.2239684, 29.764055 ], [ -95.2239578, 29.764029 ], [ -95.2239494, 29.7640024 ], [ -95.2239428, 29.7639756 ], [ -95.2239373, 29.7639485 ], [ -95.2239328, 29.7639212 ], [ -95.2239294, 29.7638938 ], [ -95.2239269, 29.7638664 ], [ -95.2239261, 29.763839 ], [ -95.2239269, 29.7638115 ], [ -95.2239282, 29.7637839 ], [ -95.2239286, 29.7637564 ], [ -95.2239275, 29.763729 ], [ -95.223926, 29.7637015 ], [ -95.2239242, 29.763674 ], [ -95.223922, 29.7636466 ], [ -95.2239195, 29.7636192 ], [ -95.2239167, 29.7635918 ], [ -95.2239125, 29.7635645 ], [ -95.2239081, 29.7635372 ], [ -95.2239047, 29.7635099 ], [ -95.2239035, 29.7634825 ], [ -95.2239046, 29.763455 ], [ -95.2239066, 29.7634275 ], [ -95.223908, 29.7634 ], [ -95.2239075, 29.7633725 ], [ -95.2239054, 29.7633451 ], [ -95.2239021, 29.7633177 ], [ -95.223898, 29.7632904 ], [ -95.2238933, 29.7632632 ], [ -95.2238877, 29.7632361 ], [ -95.2238815, 29.7632092 ], [ -95.2238748, 29.7631823 ], [ -95.2238681, 29.7631554 ], [ -95.2238614, 29.7631285 ], [ -95.2238544, 29.7631016 ], [ -95.2238469, 29.7630749 ], [ -95.2238383, 29.7630485 ], [ -95.2238285, 29.7630224 ], [ -95.2238173, 29.7629967 ], [ -95.2238054, 29.7629712 ], [ -95.2237931, 29.7629458 ], [ -95.2237809, 29.7629205 ], [ -95.2237684, 29.7628952 ], [ -95.2237556, 29.7628701 ], [ -95.2237429, 29.7628449 ], [ -95.2237306, 29.7628196 ], [ -95.2237179, 29.7627942 ], [ -95.223706, 29.7627686 ], [ -95.2236964, 29.7627426 ], [ -95.2236908, 29.7627158 ], [ -95.2236885, 29.7626882 ], [ -95.2236881, 29.7626605 ], [ -95.2236877, 29.7626328 ], [ -95.2236878, 29.762605 ], [ -95.2236902, 29.7625776 ], [ -95.2236966, 29.762551 ], [ -95.2237074, 29.7625254 ], [ -95.2237211, 29.7625004 ], [ -95.2237361, 29.7624759 ], [ -95.2237511, 29.7624516 ], [ -95.2237672, 29.7624279 ], [ -95.223785, 29.7624051 ], [ -95.2238048, 29.7623838 ], [ -95.2238266, 29.762364 ], [ -95.2238494, 29.762345 ], [ -95.2238725, 29.7623261 ], [ -95.2238953, 29.7623071 ], [ -95.2239183, 29.7622883 ], [ -95.2239414, 29.7622696 ], [ -95.2239644, 29.7622508 ], [ -95.2239872, 29.7622318 ], [ -95.2240099, 29.7622128 ], [ -95.2240129, 29.7622102 ], [ -95.2240144, 29.762209 ], [ -95.2240324, 29.7621935 ], [ -95.224055, 29.7621741 ], [ -95.224078, 29.7621548 ], [ -95.2240988, 29.7621343 ], [ -95.2241126, 29.7621103 ], [ -95.2241188, 29.7620828 ], [ -95.2241247, 29.7620556 ], [ -95.224129, 29.7620282 ], [ -95.2241288, 29.762001 ], [ -95.2241237, 29.7619737 ], [ -95.2241149, 29.761947 ], [ -95.2241034, 29.7619215 ], [ -95.2240894, 29.7618968 ], [ -95.2240735, 29.7618729 ], [ -95.2240565, 29.7618498 ], [ -95.2240378, 29.7618276 ], [ -95.2240178, 29.7618063 ], [ -95.2239987, 29.7617879 ], [ -95.2239976, 29.7617868 ], [ -95.2239967, 29.7617859 ], [ -95.2239744, 29.7617665 ], [ -95.223952, 29.7617471 ], [ -95.2239293, 29.7617279 ], [ -95.2239063, 29.7617089 ], [ -95.2238842, 29.7616892 ], [ -95.2238644, 29.7616681 ], [ -95.2238466, 29.7616454 ], [ -95.2238302, 29.7616217 ], [ -95.2238152, 29.7615974 ], [ -95.2238016, 29.7615726 ], [ -95.22379, 29.7615471 ], [ -95.2237806, 29.7615207 ], [ -95.223773, 29.7614939 ], [ -95.2237663, 29.7614669 ], [ -95.2237601, 29.7614396 ], [ -95.2237555, 29.7614122 ], [ -95.2237537, 29.761385 ], [ -95.2237559, 29.7613579 ], [ -95.2237632, 29.7613307 ], [ -95.2237743, 29.7613045 ], [ -95.2237884, 29.7612802 ], [ -95.2238069, 29.7612574 ], [ -95.2238288, 29.7612373 ], [ -95.2238535, 29.7612208 ], [ -95.2238812, 29.7612072 ], [ -95.2239101, 29.7611954 ], [ -95.2239395, 29.7611859 ], [ -95.2239757, 29.7611788 ], [ -95.2239598, 29.7607391 ], [ -95.2239523, 29.7604299 ], [ -95.223934, 29.7594839 ], [ -95.2181807, 29.7594663 ], [ -95.2181812, 29.7594804 ], [ -95.2178426, 29.7594986 ], [ -95.2178387, 29.7594936 ], [ -95.2178375, 29.7594653 ], [ -95.2176604, 29.7594647 ], [ -95.217658, 29.7594165 ], [ -95.21756, 29.7594127 ], [ -95.2174632, 29.7594173 ], [ -95.2173676, 29.7594232 ], [ -95.2172711, 29.7594305 ], [ -95.2171758, 29.7594392 ], [ -95.2170797, 29.7594493 ], [ -95.2169679, 29.7594626 ], [ -95.2159029, 29.7594618 ], [ -95.2159223, 29.7595134 ], [ -95.2157349, 29.7595722 ], [ -95.2155831, 29.7596199 ], [ -95.2154545, 29.7593507 ], [ -95.2152848, 29.7594119 ], [ -95.2151115, 29.7594745 ], [ -95.2149542, 29.7595313 ], [ -95.2148015, 29.7595864 ], [ -95.214672, 29.7592853 ], [ -95.2146665, 29.7592866 ], [ -95.2146609, 29.7592879 ], [ -95.2146367, 29.7592938 ], [ -95.2146126, 29.7593 ], [ -95.2145886, 29.7593066 ], [ -95.2145647, 29.7593136 ], [ -95.214541, 29.7593209 ], [ -95.2145046, 29.7593329 ], [ -95.2144968, 29.7593358 ], [ -95.2144889, 29.7593389 ], [ -95.2143987, 29.7593721 ], [ -95.2143446, 29.7593907 ], [ -95.2142866, 29.759409 ], [ -95.2142311, 29.759425 ], [ -95.214175, 29.7594406 ], [ -95.2140964, 29.7594558 ], [ -95.214069, 29.7594605 ], [ -95.2118209, 29.7594589 ], [ -95.2117677, 29.7577807 ], [ -95.2117384, 29.7575731 ], [ -95.211703, 29.7568922 ], [ -95.211702, 29.7568717 ], [ -95.2116681, 29.7561581 ], [ -95.211635, 29.7554587 ], [ -95.2116346, 29.7554508 ], [ -95.2116093, 29.7548499 ], [ -95.2116089, 29.7548413 ], [ -95.2114188, 29.7503271 ], [ -95.2114188, 29.750323 ], [ -95.2114104, 29.7499146 ], [ -95.2114051, 29.7496511 ], [ -95.2114038, 29.7496229 ], [ -95.2114037, 29.7496206 ], [ -95.2111756, 29.7445931 ], [ -95.2111781, 29.7444014 ], [ -95.2111783, 29.7443855 ], [ -95.2111763, 29.7443406 ], [ -95.2111709, 29.7442141 ], [ -95.2111693, 29.7441756 ], [ -95.2110485, 29.7413623 ], [ -95.2110421, 29.7412134 ], [ -95.2110173, 29.7406376 ], [ -95.2112072, 29.740423 ], [ -95.2113909, 29.7402043 ], [ -95.2115681, 29.7399816 ], [ -95.2117134, 29.7397897 ], [ -95.2118539, 29.7395951 ], [ -95.2119897, 29.7393979 ], [ -95.2120786, 29.7392623 ], [ -95.2121206, 29.7391982 ], [ -95.2121299, 29.7391836 ], [ -95.2127631, 29.7381002 ], [ -95.2129262, 29.7378211 ], [ -95.21313, 29.7374723 ], [ -95.2137262, 29.7364519 ], [ -95.2140618, 29.7357068 ], [ -95.2145618, 29.7347015 ], [ -95.2150857, 29.7336478 ], [ -95.2154556, 29.7329347 ], [ -95.2155021, 29.7328656 ], [ -95.2156977, 29.7325744 ], [ -95.2157036, 29.7325656 ], [ -95.2173601, 29.7315072 ], [ -95.2173781, 29.7315032 ], [ -95.2174072, 29.7314966 ], [ -95.2182425, 29.7313071 ], [ -95.2182724, 29.7313098 ], [ -95.2182727, 29.7313098 ], [ -95.2182918, 29.7313113 ], [ -95.2182927, 29.7313113 ], [ -95.2182994, 29.7313118 ], [ -95.2183062, 29.7313123 ], [ -95.2183129, 29.7313127 ], [ -95.2183331, 29.7313139 ], [ -95.2183994, 29.7313167 ], [ -95.2184667, 29.7313177 ], [ -95.2184868, 29.7313176 ], [ -95.2184889, 29.7313175 ], [ -95.2185159, 29.7313171 ], [ -95.2185261, 29.7313169 ], [ -95.2185972, 29.731314 ], [ -95.2186073, 29.7313134 ], [ -95.2186076, 29.7313134 ], [ -95.2186175, 29.7313128 ], [ -95.2186176, 29.7313128 ], [ -95.2190628, 29.7314299 ], [ -95.2193862, 29.7315104 ], [ -95.2197107, 29.7315873 ], [ -95.2200364, 29.7316605 ], [ -95.220038, 29.7316609 ], [ -95.2203566, 29.7317289 ], [ -95.2206762, 29.7317934 ], [ -95.2209966, 29.7318545 ], [ -95.2211954, 29.7319207 ], [ -95.2213959, 29.7319828 ], [ -95.2216145, 29.7320452 ], [ -95.2218348, 29.7321027 ], [ -95.2220757, 29.7321595 ], [ -95.2223184, 29.7322104 ], [ -95.2225625, 29.7322554 ], [ -95.2228081, 29.7322944 ], [ -95.2230547, 29.7323275 ], [ -95.2231816, 29.7323421 ], [ -95.2233512, 29.7323592 ], [ -95.2235636, 29.7323766 ], [ -95.2236884, 29.7323847 ], [ -95.2237125, 29.7323861 ], [ -95.223713, 29.7323861 ], [ -95.2237458, 29.7323874 ], [ -95.2240382, 29.7323975 ], [ -95.224044, 29.7323976 ], [ -95.2244152, 29.7324055 ], [ -95.2247865, 29.7324079 ], [ -95.2249879, 29.7324069 ], [ -95.2253569, 29.732401 ], [ -95.2253734, 29.7324006 ], [ -95.2253899, 29.7324002 ], [ -95.2253905, 29.7324002 ], [ -95.2258105, 29.7323865 ], [ -95.2262301, 29.7323658 ], [ -95.2266492, 29.7323381 ], [ -95.2266629, 29.7323371 ], [ -95.2278427, 29.7321695 ], [ -95.2290217, 29.7319982 ], [ -95.2294007, 29.7319424 ], [ -95.2300105, 29.7318516 ], [ -95.2300899, 29.7318398 ], [ -95.2300967, 29.7318387 ], [ -95.2312308, 29.7316671 ], [ -95.2312353, 29.7316664 ], [ -95.2312566, 29.7316631 ], [ -95.2315718, 29.7316148 ], [ -95.2315754, 29.7316142 ], [ -95.2315864, 29.7316125 ], [ -95.2316182, 29.7316076 ], [ -95.2316405, 29.7316042 ], [ -95.2316619, 29.7316009 ], [ -95.2318943, 29.731565 ], [ -95.2319159, 29.7315616 ], [ -95.2319335, 29.7315589 ], [ -95.2319499, 29.7315564 ], [ -95.2322223, 29.7314826 ], [ -95.2325594, 29.7313852 ], [ -95.2328335, 29.7313008 ], [ -95.233106, 29.7312123 ], [ -95.2333766, 29.7311197 ], [ -95.2336454, 29.7310231 ], [ -95.2339632, 29.7309026 ], [ -95.2342782, 29.7307764 ], [ -95.2345901, 29.7306446 ], [ -95.2348988, 29.7305072 ], [ -95.2351717, 29.7303798 ], [ -95.2351786, 29.7303771 ], [ -95.2357577, 29.7301468 ], [ -95.235774, 29.7301406 ], [ -95.2360748, 29.7300237 ], [ -95.2363733, 29.7299022 ], [ -95.2367214, 29.7297536 ], [ -95.2370659, 29.7295988 ], [ -95.2374068, 29.7294379 ], [ -95.2377438, 29.729271 ], [ -95.2380769, 29.7290981 ], [ -95.2384058, 29.7289193 ], [ -95.2387305, 29.7287347 ], [ -95.2390509, 29.7285444 ], [ -95.2390513, 29.7285442 ], [ -95.2390629, 29.7285372 ], [ -95.2392246, 29.7284399 ], [ -95.2392437, 29.7284284 ], [ -95.2393091, 29.728389 ], [ -95.2394075, 29.7283297 ], [ -95.239409, 29.7283288 ], [ -95.2397201, 29.7281416 ], [ -95.2397213, 29.7281408 ], [ -95.2397445, 29.7281269 ], [ -95.2398032, 29.7280915 ], [ -95.2399641, 29.7279947 ], [ -95.2400346, 29.7279522 ], [ -95.2401721, 29.7278695 ], [ -95.2402165, 29.7278397 ], [ -95.2412001, 29.7271783 ], [ -95.2412091, 29.7271723 ], [ -95.2413597, 29.727071 ], [ -95.2414602, 29.7270448 ], [ -95.2435436, 29.7265003 ], [ -95.2435438, 29.7265004 ], [ -95.2436713, 29.7265721 ], [ -95.2437754, 29.7266307 ], [ -95.2438689, 29.7266833 ], [ -95.2443399, 29.7269483 ], [ -95.2445543, 29.727221 ], [ -95.2447744, 29.7274903 ], [ -95.2450002, 29.727756 ], [ -95.2452314, 29.7280181 ], [ -95.2454681, 29.7282764 ], [ -95.2456518, 29.7284736 ], [ -95.2458416, 29.7286664 ], [ -95.2460375, 29.7288545 ], [ -95.2462417, 29.72904 ], [ -95.24645, 29.7292191 ], [ -95.2466639, 29.7293931 ], [ -95.2468832, 29.7295618 ], [ -95.2471078, 29.7297252 ], [ -95.2473375, 29.7298831 ], [ -95.2475721, 29.7300354 ], [ -95.2480185, 29.7303716 ], [ -95.2480201, 29.7303728 ], [ -95.2481842, 29.7305294 ], [ -95.2483515, 29.7306834 ], [ -95.248522, 29.7308347 ], [ -95.2486044, 29.730906 ], [ -95.2486102, 29.730911 ], [ -95.2488356, 29.7310994 ], [ -95.2490659, 29.7312832 ], [ -95.2493011, 29.7314623 ], [ -95.2495409, 29.7316366 ], [ -95.2497853, 29.731806 ], [ -95.2500342, 29.7319704 ], [ -95.2502874, 29.7321297 ], [ -95.2502879, 29.7321296 ], [ -95.2510452, 29.7320759 ], [ -95.2511092, 29.7320714 ], [ -95.2511484, 29.7320686 ], [ -95.2512495, 29.7320585 ], [ -95.2516304, 29.7320275 ], [ -95.2517522, 29.7320176 ], [ -95.2517912, 29.7320144 ], [ -95.2518627, 29.7320086 ], [ -95.2521173, 29.7319879 ], [ -95.2521525, 29.731985 ], [ -95.2524007, 29.7319648 ], [ -95.2525153, 29.7319554 ], [ -95.2526454, 29.7319448 ], [ -95.252827, 29.73193 ], [ -95.2530589, 29.7319111 ], [ -95.2531274, 29.7319055 ], [ -95.2532704, 29.7318939 ], [ -95.2533203, 29.7318898 ], [ -95.2535831, 29.7318684 ], [ -95.2535943, 29.7321328 ], [ -95.2536013, 29.7324039 ], [ -95.2536095, 29.7326736 ], [ -95.2536277, 29.7328143 ], [ -95.2536311, 29.7330905 ], [ -95.2536427, 29.7333672 ], [ -95.2536414, 29.7335038 ], [ -95.2536511, 29.734074 ], [ -95.253652, 29.7342063 ], [ -95.2536612, 29.7344839 ], [ -95.2536704, 29.7347595 ], [ -95.2536749, 29.7349008 ], [ -95.2536817, 29.7351718 ], [ -95.2536859, 29.7354383 ], [ -95.2536888, 29.7355767 ], [ -95.2536924, 29.73585 ], [ -95.2536966, 29.7361357 ], [ -95.2537013, 29.7362808 ], [ -95.2537045, 29.7365494 ], [ -95.2537156, 29.7368188 ], [ -95.2537162, 29.7368346 ], [ -95.253714, 29.7369447 ], [ -95.2537137, 29.7369626 ], [ -95.2537184, 29.7372282 ], [ -95.253719, 29.7372505 ], [ -95.2537325, 29.7374978 ], [ -95.253734, 29.7375252 ], [ -95.2537294, 29.7376312 ], [ -95.2537281, 29.7376609 ], [ -95.2537359, 29.7379017 ], [ -95.2537369, 29.7379275 ], [ -95.2537501, 29.7381756 ], [ -95.2537513, 29.7381987 ], [ -95.2537541, 29.7383187 ], [ -95.2537546, 29.7383401 ], [ -95.2537546, 29.7383411 ], [ -95.2537604, 29.7386054 ], [ -95.2537609, 29.7386227 ], [ -95.2537687, 29.7388768 ], [ -95.2537692, 29.7388942 ], [ -95.2537712, 29.7390105 ], [ -95.2537715, 29.7390275 ], [ -95.2537715, 29.7390278 ], [ -95.2537783, 29.7392898 ], [ -95.2537788, 29.7393063 ], [ -95.2537863, 29.7395631 ], [ -95.2537868, 29.7395808 ], [ -95.2537888, 29.739671 ], [ -95.2537897, 29.7397134 ], [ -95.253793, 29.7399768 ], [ -95.2537937, 29.7399953 ], [ -95.2538039, 29.7402543 ], [ -95.2538046, 29.7402705 ], [ -95.2538063, 29.7404034 ], [ -95.2538066, 29.7404189 ], [ -95.253814, 29.7406654 ], [ -95.2538146, 29.7406846 ], [ -95.253822, 29.7409503 ], [ -95.2538254, 29.7410915 ], [ -95.2538316, 29.7413483 ], [ -95.2538319, 29.7413642 ], [ -95.2538397, 29.7416369 ], [ -95.2538421, 29.7417593 ], [ -95.2538422, 29.7417599 ], [ -95.2538425, 29.7417745 ], [ -95.2538425, 29.7417748 ], [ -95.2538501, 29.7420399 ], [ -95.253868, 29.7423128 ], [ -95.2538691, 29.7423289 ], [ -95.2538782, 29.7424531 ], [ -95.2538821, 29.7427125 ], [ -95.2538921, 29.7429765 ], [ -95.2538926, 29.7429912 ], [ -95.2538952, 29.7431285 ], [ -95.2538998, 29.743406 ], [ -95.2538997, 29.7434156 ], [ -95.2538966, 29.7436659 ], [ -95.2538981, 29.7436803 ], [ -95.2539068, 29.743763 ], [ -95.253912, 29.7438133 ], [ -95.253926, 29.744092 ], [ -95.2539268, 29.7443594 ], [ -95.2539284, 29.7445002 ], [ -95.2539369, 29.7447742 ], [ -95.253945, 29.7450413 ], [ -95.2539491, 29.7451757 ], [ -95.2539536, 29.7454502 ], [ -95.2539588, 29.7457293 ], [ -95.2539609, 29.7458751 ], [ -95.2539605, 29.7459792 ], [ -95.2539725, 29.7464248 ], [ -95.2539794, 29.746568 ], [ -95.2539797, 29.7465743 ], [ -95.2539878, 29.7467652 ], [ -95.2539908, 29.746836 ], [ -95.2540019, 29.7471073 ], [ -95.254009, 29.7472468 ], [ -95.2540132, 29.7475215 ], [ -95.2540206, 29.7477963 ], [ -95.2540241, 29.7479263 ], [ -95.2540315, 29.7482022 ], [ -95.2540388, 29.7484758 ], [ -95.2540425, 29.7486105 ], [ -95.2540499, 29.7488888 ], [ -95.2540595, 29.7491659 ], [ -95.254062, 29.7493035 ], [ -95.2540686, 29.7495829 ], [ -95.254076, 29.7498609 ], [ -95.2540807, 29.7499974 ], [ -95.2540872, 29.7502745 ], [ -95.2540958, 29.7505492 ], [ -95.2541008, 29.7506858 ], [ -95.2541056, 29.7509617 ], [ -95.254116, 29.7512344 ], [ -95.2541186, 29.7513709 ], [ -95.2541239, 29.7516412 ], [ -95.2541341, 29.7519084 ], [ -95.2541347, 29.7520461 ], [ -95.2541421, 29.752322 ], [ -95.2541531, 29.7525957 ], [ -95.2541532, 29.7527326 ], [ -95.2541532, 29.7527334 ], [ -95.2541605, 29.753006 ], [ -95.2541607, 29.7530099 ], [ -95.2541721, 29.7532786 ], [ -95.2541734, 29.7534151 ], [ -95.2541785, 29.7536679 ], [ -95.254179, 29.7536957 ], [ -95.2541865, 29.7539748 ], [ -95.2541876, 29.7540062 ], [ -95.2541916, 29.7541211 ], [ -95.2541932, 29.7541971 ], [ -95.254195, 29.7542902 ], [ -95.2541985, 29.7543736 ], [ -95.2541995, 29.7543966 ], [ -95.2542034, 29.7545449 ], [ -95.2542068, 29.7546707 ], [ -95.2542106, 29.7548072 ], [ -95.2542181, 29.7550825 ], [ -95.2542257, 29.755358 ], [ -95.2542305, 29.7554897 ], [ -95.2542307, 29.7554957 ], [ -95.2542317, 29.7555329 ], [ -95.2542383, 29.7557709 ], [ -95.2542458, 29.7560464 ], [ -95.2542496, 29.756183 ], [ -95.2542574, 29.7564549 ], [ -95.254265, 29.7567271 ], [ -95.2542688, 29.7568636 ], [ -95.2542763, 29.7571427 ], [ -95.2542837, 29.7574198 ], [ -95.2542893, 29.757541 ], [ -95.25429, 29.7575565 ], [ -95.2542909, 29.7575962 ], [ -95.2537987, 29.7576022 ], [ -95.253641, 29.7575888 ], [ -95.2532794, 29.7575924 ], [ -95.2531213, 29.7575942 ], [ -95.252964, 29.7575955 ], [ -95.2526486, 29.7575986 ], [ -95.2525703, 29.7575995 ], [ -95.2523333, 29.7576018 ], [ -95.252176, 29.7576034 ], [ -95.2520977, 29.7576042 ], [ -95.2517823, 29.7576073 ], [ -95.2516313, 29.7576069 ], [ -95.2516269, 29.7576082 ], [ -95.251625, 29.7576089 ], [ -95.2516443, 29.7581465 ], [ -95.2516481, 29.7582842 ], [ -95.2516587, 29.7585622 ], [ -95.2516693, 29.7588405 ], [ -95.251673, 29.7589782 ], [ -95.2516828, 29.7592514 ], [ -95.251692, 29.7595257 ], [ -95.2516971, 29.7596623 ], [ -95.2517032, 29.7598861 ], [ -95.2517066, 29.759886 ], [ -95.2518315, 29.7598851 ], [ -95.2518639, 29.759885 ], [ -95.2520221, 29.7598846 ], [ -95.2524206, 29.7598842 ], [ -95.2524913, 29.7598845 ], [ -95.2530386, 29.7598836 ], [ -95.2531949, 29.7598836 ], [ -95.2533514, 29.7598834 ], [ -95.2537111, 29.759883 ], [ -95.2538702, 29.7598823 ], [ -95.2542604, 29.7598817 ], [ -95.25434, 29.7598816 ], [ -95.2544954, 29.7598814 ], [ -95.2546527, 29.7598812 ], [ -95.2547323, 29.7598811 ], [ -95.2548093, 29.759881 ], [ -95.2548866, 29.7598808 ], [ -95.254966, 29.7598807 ], [ -95.2550431, 29.7598806 ], [ -95.2552313, 29.7598803 ], [ -95.2552776, 29.7598801 ], [ -95.2553551, 29.75988 ], [ -95.2553717, 29.7598799 ], [ -95.2555121, 29.7598797 ], [ -95.2555169, 29.7598797 ], [ -95.2557374, 29.7598791 ], [ -95.2557496, 29.7598783 ], [ -95.2557497, 29.7598789 ], [ -95.2557602, 29.760058 ], [ -95.2558551, 29.7629655 ], [ -95.2558823, 29.7642435 ], [ -95.2558922, 29.764687 ], [ -95.2559071, 29.7653524 ], [ -95.2559165, 29.7657786 ], [ -95.255919, 29.7659066 ], [ -95.255924, 29.7661563 ], [ -95.2559258, 29.7662491 ], [ -95.2559318, 29.7665493 ], [ -95.2559559, 29.7677627 ], [ -95.2559567, 29.7678006 ], [ -95.2559606, 29.7679992 ], [ -95.2559664, 29.7682914 ], [ -95.2559836, 29.7682935 ], [ -95.2559836, 29.7682941 ], [ -95.256691, 29.768403 ], [ -95.2566985, 29.7684042 ], [ -95.2568784, 29.7684319 ], [ -95.2569318, 29.7684401 ], [ -95.2571719, 29.7684771 ], [ -95.2572889, 29.7684951 ], [ -95.2579743, 29.7686006 ], [ -95.2590027, 29.768783 ], [ -95.2591124, 29.7732669 ] ], [ [ -95.1732994, 29.9540126 ], [ -95.1732176, 29.95416 ], [ -95.1731425, 29.954285 ], [ -95.1730651, 29.9544089 ], [ -95.1729852, 29.9545315 ], [ -95.172903, 29.9546528 ], [ -95.1728185, 29.9547729 ], [ -95.1727316, 29.9548916 ], [ -95.1692813, 29.9594765 ], [ -95.1687047, 29.9590288 ], [ -95.1686708, 29.9589987 ], [ -95.1686418, 29.9589649 ], [ -95.1686182, 29.9589281 ], [ -95.1686004, 29.9588889 ], [ -95.1681911, 29.957772 ], [ -95.1681623, 29.9577044 ], [ -95.1681266, 29.9576394 ], [ -95.1680841, 29.9575775 ], [ -95.1680352, 29.9575193 ], [ -95.1679804, 29.9574652 ], [ -95.1679201, 29.9574158 ], [ -95.1678549, 29.9573714 ], [ -95.1677853, 29.9573323 ], [ -95.1677118, 29.9572991 ], [ -95.1676351, 29.9572718 ], [ -95.1675559, 29.9572508 ], [ -95.1674748, 29.9572363 ], [ -95.1673925, 29.9572282 ], [ -95.1673097, 29.9572269 ], [ -95.1672272, 29.9572321 ], [ -95.1671455, 29.9572439 ], [ -95.1670654, 29.9572622 ], [ -95.1669876, 29.9572869 ], [ -95.1669127, 29.9573176 ], [ -95.1668413, 29.9573543 ], [ -95.1667742, 29.9573964 ], [ -95.1667118, 29.9574438 ], [ -95.1661421, 29.9579181 ], [ -95.1661085, 29.9579428 ], [ -95.1660718, 29.9579638 ], [ -95.1660324, 29.9579808 ], [ -95.1659909, 29.9579935 ], [ -95.165967, 29.9579995 ], [ -95.1657561, 29.958052 ], [ -95.165067, 29.9582241 ], [ -95.1650293, 29.9582316 ], [ -95.1649908, 29.9582356 ], [ -95.164952, 29.958236 ], [ -95.1649445, 29.9582357 ], [ -95.1649398, 29.9582348 ], [ -95.1648412, 29.958216 ], [ -95.1648363, 29.9582151 ], [ -95.1645016, 29.9581025 ], [ -95.1620049, 29.9572627 ], [ -95.161595, 29.9571504 ], [ -95.1616682, 29.956783 ], [ -95.1617117, 29.9565652 ], [ -95.1618246, 29.955999 ], [ -95.1621777, 29.9556241 ], [ -95.1623434, 29.955448 ], [ -95.1624454, 29.9553398 ], [ -95.1624709, 29.955252 ], [ -95.1625408, 29.9550111 ], [ -95.1626108, 29.9547701 ], [ -95.1626807, 29.9545291 ], [ -95.1627356, 29.9543401 ], [ -95.1627686, 29.9543022 ], [ -95.1629217, 29.9541263 ], [ -95.1629727, 29.9540677 ], [ -95.1632789, 29.9540661 ], [ -95.1638123, 29.9540633 ], [ -95.1641913, 29.9540613 ], [ -95.1642499, 29.954061 ], [ -95.1645138, 29.9540596 ], [ -95.1647983, 29.9540581 ], [ -95.1650194, 29.9540569 ], [ -95.1652404, 29.9540557 ], [ -95.1654614, 29.9540545 ], [ -95.1656825, 29.9540533 ], [ -95.1659628, 29.9540519 ], [ -95.1659768, 29.9540518 ], [ -95.1662883, 29.9540501 ], [ -95.166322, 29.9540499 ], [ -95.1668076, 29.9540474 ], [ -95.166983, 29.9540464 ], [ -95.1671566, 29.9540455 ], [ -95.1673303, 29.9540446 ], [ -95.167504, 29.9540436 ], [ -95.1676777, 29.9540427 ], [ -95.1677068, 29.9540426 ], [ -95.1678514, 29.9540418 ], [ -95.1680408, 29.9540408 ], [ -95.1681356, 29.9540403 ], [ -95.1682303, 29.9540398 ], [ -95.1684257, 29.9540387 ], [ -95.1687726, 29.9540369 ], [ -95.1690513, 29.9540354 ], [ -95.1692902, 29.9540341 ], [ -95.1694246, 29.9540334 ], [ -95.1696216, 29.9540323 ], [ -95.1697953, 29.9540314 ], [ -95.169969, 29.9540305 ], [ -95.1701426, 29.9540295 ], [ -95.1703163, 29.9540286 ], [ -95.17049, 29.9540277 ], [ -95.1706637, 29.9540268 ], [ -95.1708373, 29.9540258 ], [ -95.171011, 29.9540249 ], [ -95.1711868, 29.9540239 ], [ -95.171369, 29.954023 ], [ -95.1715608, 29.9540219 ], [ -95.1717546, 29.9540209 ], [ -95.171975, 29.9540197 ], [ -95.1724982, 29.9540169 ], [ -95.1732994, 29.9540126 ] ], [ [ -95.1690124, 29.9598941 ], [ -95.1689685, 29.9599705 ], [ -95.168936, 29.960029 ], [ -95.1689357, 29.9600296 ], [ -95.1689354, 29.9600301 ], [ -95.1689317, 29.9600369 ], [ -95.1689307, 29.9600387 ], [ -95.16893, 29.96004 ], [ -95.168928, 29.9600437 ], [ -95.1689259, 29.9600475 ], [ -95.1689236, 29.9600518 ], [ -95.1689229, 29.960053 ], [ -95.168922, 29.9600547 ], [ -95.1689167, 29.9600646 ], [ -95.1689166, 29.9600648 ], [ -95.1689141, 29.9600695 ], [ -95.1689114, 29.9600744 ], [ -95.1689103, 29.9600765 ], [ -95.1689062, 29.9600842 ], [ -95.168904, 29.9600882 ], [ -95.1689031, 29.9600899 ], [ -95.1688997, 29.9600963 ], [ -95.1688983, 29.960099 ], [ -95.1688931, 29.9601089 ], [ -95.1688908, 29.9601132 ], [ -95.1688905, 29.9601137 ], [ -95.1688898, 29.9601151 ], [ -95.1688866, 29.9601212 ], [ -95.168884, 29.9601261 ], [ -95.1688827, 29.9601285 ], [ -95.1688809, 29.960132 ], [ -95.1688796, 29.9601344 ], [ -95.168875, 29.9601433 ], [ -95.1688748, 29.9601437 ], [ -95.1688732, 29.9601468 ], [ -95.1688719, 29.9601493 ], [ -95.1688674, 29.9601581 ], [ -95.1688656, 29.9601616 ], [ -95.1688646, 29.9601635 ], [ -95.168863, 29.9601666 ], [ -95.1688625, 29.9601676 ], [ -95.1688598, 29.960173 ], [ -95.168858, 29.9601765 ], [ -95.1688573, 29.9601778 ], [ -95.1688569, 29.9601785 ], [ -95.1688567, 29.960179 ], [ -95.1688522, 29.9601879 ], [ -95.16883, 29.9602321 ], [ -95.1688298, 29.9602326 ], [ -95.1688078, 29.9602774 ], [ -95.1687862, 29.9603224 ], [ -95.168772, 29.9603525 ], [ -95.1687581, 29.9603827 ], [ -95.1687375, 29.9604281 ], [ -95.168724, 29.9604584 ], [ -95.1687107, 29.9604888 ], [ -95.1686976, 29.9605192 ], [ -95.1686847, 29.9605498 ], [ -95.1686783, 29.960565 ], [ -95.1686657, 29.9605957 ], [ -95.1686594, 29.960611 ], [ -95.1686533, 29.9606263 ], [ -95.1686471, 29.9606417 ], [ -95.168641, 29.960657 ], [ -95.168635, 29.9606724 ], [ -95.168629, 29.9606878 ], [ -95.168623, 29.9607032 ], [ -95.1686171, 29.9607187 ], [ -95.1686113, 29.9607341 ], [ -95.1686055, 29.9607496 ], [ -95.1685997, 29.960765 ], [ -95.168594, 29.9607805 ], [ -95.1685884, 29.960796 ], [ -95.1685828, 29.9608115 ], [ -95.1685772, 29.960827 ], [ -95.1685717, 29.9608426 ], [ -95.1685662, 29.9608581 ], [ -95.1685608, 29.9608737 ], [ -95.1685555, 29.9608893 ], [ -95.1685502, 29.9609049 ], [ -95.1685449, 29.9609205 ], [ -95.1685397, 29.9609361 ], [ -95.1685345, 29.9609517 ], [ -95.1685294, 29.9609674 ], [ -95.1685243, 29.960983 ], [ -95.1685193, 29.9609987 ], [ -95.1685143, 29.9610144 ], [ -95.1685094, 29.96103 ], [ -95.1685046, 29.9610457 ], [ -95.1684502, 29.9612349 ], [ -95.1684031, 29.9614256 ], [ -95.1683632, 29.9616175 ], [ -95.1683306, 29.9618105 ], [ -95.1683053, 29.9620042 ], [ -95.1682873, 29.9621986 ], [ -95.1682767, 29.9623934 ], [ -95.168274, 29.9624717 ], [ -95.1682724, 29.9625726 ], [ -95.168273, 29.9626736 ], [ -95.168273, 29.962675 ], [ -95.1682736, 29.9627048 ], [ -95.1682796, 29.9628604 ], [ -95.1682805, 29.962876 ], [ -95.1682824, 29.9629074 ], [ -95.1682834, 29.962923 ], [ -95.1682845, 29.9629387 ], [ -95.1682857, 29.9629544 ], [ -95.1682869, 29.96297 ], [ -95.1682881, 29.9629857 ], [ -95.1682894, 29.9630013 ], [ -95.1682907, 29.963017 ], [ -95.1682921, 29.9630326 ], [ -95.1682935, 29.9630476 ], [ -95.1683163, 29.9632456 ], [ -95.1683472, 29.9634427 ], [ -95.1683862, 29.9636387 ], [ -95.1683865, 29.9636396 ], [ -95.1683872, 29.9636433 ], [ -95.1683873, 29.9636438 ], [ -95.1683877, 29.9636454 ], [ -95.1683898, 29.9636554 ], [ -95.1683898, 29.9636555 ], [ -95.1683903, 29.9636576 ], [ -95.1683933, 29.9636714 ], [ -95.1683844, 29.9636714 ], [ -95.168365, 29.9636716 ], [ -95.1683611, 29.9636716 ], [ -95.1673404, 29.9636782 ], [ -95.165333, 29.9636913 ], [ -95.1653313, 29.9636913 ], [ -95.1652695, 29.9636929 ], [ -95.1652633, 29.963693 ], [ -95.1652322, 29.9636938 ], [ -95.1651257, 29.9636945 ], [ -95.1650458, 29.963695 ], [ -95.164756, 29.9636969 ], [ -95.1646382, 29.9636977 ], [ -95.1645873, 29.963698 ], [ -95.1644357, 29.963699 ], [ -95.1644171, 29.9636991 ], [ -95.1642842, 29.9637 ], [ -95.1641961, 29.9637006 ], [ -95.1640778, 29.9636995 ], [ -95.1639658, 29.9637021 ], [ -95.1639516, 29.9637022 ], [ -95.1637621, 29.9637034 ], [ -95.1635884, 29.9637045 ], [ -95.1635329, 29.9637049 ], [ -95.1634368, 29.9637055 ], [ -95.1633118, 29.9637063 ], [ -95.1632852, 29.9637065 ], [ -95.1631336, 29.9637075 ], [ -95.1630908, 29.9637078 ], [ -95.1628697, 29.9637092 ], [ -95.1628646, 29.9637092 ], [ -95.1626487, 29.9637106 ], [ -95.1625352, 29.9637114 ], [ -95.1622904, 29.963711 ], [ -95.1621486, 29.963712 ], [ -95.1620264, 29.9637128 ], [ -95.1618243, 29.9637141 ], [ -95.1616191, 29.9637154 ], [ -95.1615729, 29.9637157 ], [ -95.1614138, 29.9637167 ], [ -95.1612085, 29.9637181 ], [ -95.1610158, 29.9637193 ], [ -95.1610033, 29.9637194 ], [ -95.1609133, 29.96372 ], [ -95.160798, 29.9637207 ], [ -95.1605927, 29.963722 ], [ -95.1604119, 29.9637232 ], [ -95.1603874, 29.9637234 ], [ -95.1601658, 29.9637248 ], [ -95.1601643, 29.9637248 ], [ -95.1599369, 29.9637263 ], [ -95.1598854, 29.9637266 ], [ -95.1597276, 29.9637276 ], [ -95.1597096, 29.9637278 ], [ -95.1594549, 29.9637294 ], [ -95.1592176, 29.9637309 ], [ -95.1590736, 29.9637319 ], [ -95.1590275, 29.9637322 ], [ -95.159001, 29.9637323 ], [ -95.1586042, 29.9637349 ], [ -95.1582559, 29.9637371 ], [ -95.1582514, 29.9637372 ], [ -95.1581186, 29.963738 ], [ -95.1578817, 29.9637395 ], [ -95.1577237, 29.9637406 ], [ -95.1575183, 29.9637419 ], [ -95.1574086, 29.9637426 ], [ -95.1569451, 29.9637456 ], [ -95.1566068, 29.9637478 ], [ -95.1562114, 29.9637503 ], [ -95.1561217, 29.9637509 ], [ -95.1561213, 29.9637509 ], [ -95.1561158, 29.9637509 ], [ -95.156111, 29.9637509 ], [ -95.1561916, 29.9636584 ], [ -95.1572927, 29.9623935 ], [ -95.1585916, 29.9614271 ], [ -95.1608399, 29.9587947 ], [ -95.1615484, 29.9584123 ], [ -95.1615894, 29.9583092 ], [ -95.1618296, 29.9577042 ], [ -95.1627474, 29.9580129 ], [ -95.1643283, 29.9585447 ], [ -95.1645066, 29.9586046 ], [ -95.1646431, 29.9586505 ], [ -95.164722, 29.9586735 ], [ -95.164803, 29.95869 ], [ -95.1648853, 29.9586999 ], [ -95.1649684, 29.9587032 ], [ -95.1650515, 29.9586997 ], [ -95.1651338, 29.9586896 ], [ -95.1652148, 29.958673 ], [ -95.1660188, 29.9584728 ], [ -95.1661385, 29.958443 ], [ -95.1662075, 29.9584232 ], [ -95.1662744, 29.9583986 ], [ -95.1663388, 29.9583693 ], [ -95.1664003, 29.9583357 ], [ -95.1664585, 29.9582978 ], [ -95.166513, 29.958256 ], [ -95.1670828, 29.9577817 ], [ -95.1671204, 29.9577543 ], [ -95.1671619, 29.9577316 ], [ -95.1672066, 29.957714 ], [ -95.1672536, 29.9577018 ], [ -95.167302, 29.9576952 ], [ -95.167351, 29.9576944 ], [ -95.167352, 29.9576944 ], [ -95.1673594, 29.9576948 ], [ -95.1673596, 29.9576948 ], [ -95.1674085, 29.9577008 ], [ -95.1674609, 29.9577141 ], [ -95.1675105, 29.957734 ], [ -95.1675561, 29.9577602 ], [ -95.1675966, 29.9577921 ], [ -95.1675995, 29.9577948 ], [ -95.1676083, 29.9578033 ], [ -95.167611, 29.9578061 ], [ -95.1676138, 29.957809 ], [ -95.1676165, 29.9578119 ], [ -95.1676219, 29.9578178 ], [ -95.1676245, 29.9578208 ], [ -95.1676271, 29.9578239 ], [ -95.1676296, 29.9578269 ], [ -95.1676321, 29.95783 ], [ -95.1676345, 29.9578331 ], [ -95.1676369, 29.9578362 ], [ -95.1676393, 29.9578394 ], [ -95.1676416, 29.9578426 ], [ -95.1676439, 29.9578458 ], [ -95.1676461, 29.957849 ], [ -95.1676483, 29.9578522 ], [ -95.1676504, 29.9578555 ], [ -95.1676525, 29.9578588 ], [ -95.1676546, 29.9578621 ], [ -95.1676566, 29.9578655 ], [ -95.1676585, 29.9578688 ], [ -95.1676604, 29.9578722 ], [ -95.1676623, 29.9578756 ], [ -95.1676641, 29.957879 ], [ -95.1676659, 29.9578825 ], [ -95.1676676, 29.9578859 ], [ -95.1676693, 29.9578894 ], [ -95.1676709, 29.9578929 ], [ -95.1676725, 29.9578964 ], [ -95.1676733, 29.9578981 ], [ -95.1676748, 29.9579017 ], [ -95.1676755, 29.9579034 ], [ -95.1676797, 29.9579141 ], [ -95.1680891, 29.959031 ], [ -95.1681167, 29.9590964 ], [ -95.168151, 29.9591594 ], [ -95.1681915, 29.9592194 ], [ -95.168238, 29.9592761 ], [ -95.1682901, 29.959329 ], [ -95.1683474, 29.9593777 ], [ -95.1690124, 29.9598941 ] ], [ [ -95.1549384, 29.5604998 ], [ -95.1549328, 29.5604941 ], [ -95.1532112, 29.5587516 ], [ -95.1531394, 29.5586789 ], [ -95.1503618, 29.55587 ], [ -95.1503613, 29.5558695 ], [ -95.1504346, 29.5558245 ], [ -95.1504469, 29.5558171 ], [ -95.1504625, 29.5558094 ], [ -95.1504958, 29.5557932 ], [ -95.1505211, 29.5557808 ], [ -95.1506712, 29.5557074 ], [ -95.1507255, 29.5556809 ], [ -95.1507294, 29.5556765 ], [ -95.1507735, 29.5556277 ], [ -95.1507887, 29.555611 ], [ -95.1508859, 29.5555751 ], [ -95.1509839, 29.555541 ], [ -95.1511357, 29.5554875 ], [ -95.1513233, 29.5554145 ], [ -95.1515074, 29.5553352 ], [ -95.15153, 29.5553249 ], [ -95.1517004, 29.5552434 ], [ -95.1517357, 29.5552256 ], [ -95.1517498, 29.5552184 ], [ -95.1517765, 29.5552007 ], [ -95.1518626, 29.5551438 ], [ -95.1518708, 29.5551384 ], [ -95.1518784, 29.5551334 ], [ -95.1519423, 29.5550911 ], [ -95.1522116, 29.5549131 ], [ -95.1522802, 29.5548677 ], [ -95.1522822, 29.5548663 ], [ -95.152325, 29.5548854 ], [ -95.152335, 29.5548959 ], [ -95.1524, 29.5549596 ], [ -95.1524693, 29.5550197 ], [ -95.1525428, 29.5550759 ], [ -95.1526202, 29.555128 ], [ -95.1527011, 29.5551758 ], [ -95.1527853, 29.555219 ], [ -95.1528724, 29.5552576 ], [ -95.1529682, 29.5552935 ], [ -95.1530665, 29.5553237 ], [ -95.1531669, 29.5553481 ], [ -95.153269, 29.5553666 ], [ -95.1533722, 29.5553792 ], [ -95.1534762, 29.5553857 ], [ -95.1534818, 29.5553859 ], [ -95.1535741, 29.5553863 ], [ -95.1536662, 29.555382 ], [ -95.1537578, 29.5553729 ], [ -95.1538487, 29.5553591 ], [ -95.1539385, 29.5553407 ], [ -95.1540418, 29.5553194 ], [ -95.1540423, 29.5553193 ], [ -95.154161, 29.5552912 ], [ -95.1541671, 29.5552957 ], [ -95.1543855, 29.5554556 ], [ -95.1547894, 29.5557513 ], [ -95.1547902, 29.5557829 ], [ -95.1548065, 29.5564049 ], [ -95.154857, 29.5583283 ], [ -95.1548832, 29.5587122 ], [ -95.1548842, 29.5587432 ], [ -95.1548846, 29.558757 ], [ -95.1549315, 29.5602772 ], [ -95.1549384, 29.5604998 ] ], [ [ -95.153072, 29.5515124 ], [ -95.1530554, 29.5515053 ], [ -95.153039, 29.5514981 ], [ -95.1530225, 29.5514908 ], [ -95.1530061, 29.5514833 ], [ -95.1529897, 29.5514756 ], [ -95.1529733, 29.5514677 ], [ -95.1529569, 29.5514597 ], [ -95.1529405, 29.5514515 ], [ -95.1529241, 29.5514431 ], [ -95.1529078, 29.5514346 ], [ -95.1528915, 29.5514259 ], [ -95.1528753, 29.551417 ], [ -95.1528591, 29.551408 ], [ -95.1528429, 29.5513989 ], [ -95.1528268, 29.5513896 ], [ -95.1528108, 29.5513802 ], [ -95.1527948, 29.5513706 ], [ -95.1527789, 29.5513609 ], [ -95.1527631, 29.5513511 ], [ -95.1527473, 29.5513411 ], [ -95.1527317, 29.551331 ], [ -95.1527161, 29.5513208 ], [ -95.1527006, 29.5513104 ], [ -95.1526852, 29.5512999 ], [ -95.15267, 29.5512893 ], [ -95.1526548, 29.5512786 ], [ -95.1526397, 29.5512678 ], [ -95.1526248, 29.5512569 ], [ -95.1526099, 29.5512459 ], [ -95.1517315, 29.5503168 ], [ -95.1517106, 29.5502998 ], [ -95.1502495, 29.5488062 ], [ -95.1500111, 29.5485625 ], [ -95.1497721, 29.548302 ], [ -95.1496349, 29.5481525 ], [ -95.1493489, 29.5478551 ], [ -95.1492257, 29.5477263 ], [ -95.1486997, 29.5471764 ], [ -95.1486981, 29.5471748 ], [ -95.1481812, 29.5466353 ], [ -95.1497071, 29.5464308 ], [ -95.150784, 29.5462746 ], [ -95.1510069, 29.5462397 ], [ -95.1529025, 29.5459631 ], [ -95.1529505, 29.545963 ], [ -95.1529505, 29.5459632 ], [ -95.1529543, 29.5468883 ], [ -95.1529792, 29.5478662 ], [ -95.153072, 29.5515124 ] ], [ [ -95.0893387, 29.7573927 ], [ -95.0892611, 29.7575811 ], [ -95.0865644, 29.7556321 ], [ -95.0873383, 29.7548939 ], [ -95.0882136, 29.7555237 ], [ -95.089174, 29.7562203 ], [ -95.0893387, 29.7573927 ] ], [ [ -95.0803224, 29.7607667 ], [ -95.0801617, 29.7609462 ], [ -95.0799699, 29.76116 ], [ -95.0797729, 29.7613795 ], [ -95.0796702, 29.7614866 ], [ -95.0795866, 29.7615824 ], [ -95.0792907, 29.7619191 ], [ -95.0791665, 29.7620575 ], [ -95.0791295, 29.7620426 ], [ -95.0790876, 29.7620328 ], [ -95.0790223, 29.7620086 ], [ -95.0789689, 29.7619679 ], [ -95.0788748, 29.7619076 ], [ -95.0788051, 29.7618768 ], [ -95.0787472, 29.7618311 ], [ -95.0786895, 29.7617815 ], [ -95.0786245, 29.7617395 ], [ -95.0785703, 29.7617054 ], [ -95.0785274, 29.7616607 ], [ -95.0784624, 29.7616095 ], [ -95.0783857, 29.7615724 ], [ -95.0781415, 29.7614254 ], [ -95.0779046, 29.7612925 ], [ -95.0779173, 29.761278 ], [ -95.0783782, 29.7607553 ], [ -95.0784792, 29.7606396 ], [ -95.0785043, 29.7606109 ], [ -95.0787897, 29.7602839 ], [ -95.0790801, 29.7599513 ], [ -95.0796366, 29.7602986 ], [ -95.0797012, 29.7603391 ], [ -95.0798206, 29.7604229 ], [ -95.0803224, 29.7607667 ] ], [ [ -95.0782339, 29.7638937 ], [ -95.0774436, 29.7640466 ], [ -95.0775069, 29.7643106 ], [ -95.0775497, 29.7644708 ], [ -95.0772303, 29.764518 ], [ -95.0770334, 29.7645478 ], [ -95.0771736, 29.7652108 ], [ -95.0755553, 29.7655115 ], [ -95.0752784, 29.764114 ], [ -95.0754607, 29.7640878 ], [ -95.0760917, 29.7639972 ], [ -95.0760511, 29.7638371 ], [ -95.0759425, 29.7633237 ], [ -95.0758982, 29.7631529 ], [ -95.0765989, 29.763037 ], [ -95.076631, 29.7631601 ], [ -95.0774997, 29.7630001 ], [ -95.077867, 29.7634472 ], [ -95.0782339, 29.7638937 ] ] ], [ [ [ -95.2682133, 29.9545607 ], [ -95.2681904, 29.9545417 ], [ -95.266996, 29.9556389 ], [ -95.2668151, 29.9558161 ], [ -95.2667682, 29.9558598 ], [ -95.2667408, 29.9558846 ], [ -95.2667174, 29.9559065 ], [ -95.266694, 29.9559281 ], [ -95.2666691, 29.9559506 ], [ -95.2666497, 29.9559725 ], [ -95.2666313, 29.955993 ], [ -95.266613, 29.9560135 ], [ -95.2665948, 29.9560337 ], [ -95.2665766, 29.9560538 ], [ -95.2665637, 29.9560679 ], [ -95.2658854, 29.9562952 ], [ -95.2657044, 29.9563727 ], [ -95.2652995, 29.9565462 ], [ -95.2648686, 29.9567557 ], [ -95.2633593, 29.9574895 ], [ -95.2616263, 29.9582585 ], [ -95.2614184, 29.9583616 ], [ -95.2605819, 29.9587472 ], [ -95.2604167, 29.95882 ], [ -95.2604033, 29.9588225 ], [ -95.2603843, 29.958831 ], [ -95.259628, 29.9592014 ], [ -95.2593157, 29.9593489 ], [ -95.2589982, 29.9594913 ], [ -95.2586785, 29.9596346 ], [ -95.2583615, 29.9597767 ], [ -95.2580712, 29.9599126 ], [ -95.2577605, 29.9600692 ], [ -95.2560506, 29.9608423 ], [ -95.2539555, 29.9617848 ], [ -95.2539489, 29.9617879 ], [ -95.2536478, 29.9618667 ], [ -95.2535844, 29.9618784 ], [ -95.2535466, 29.9618851 ], [ -95.2535205, 29.9618897 ], [ -95.2534169, 29.961907 ], [ -95.2533142, 29.9619228 ], [ -95.2531636, 29.9619439 ], [ -95.2530142, 29.9619621 ], [ -95.2527215, 29.9619893 ], [ -95.2525705, 29.9619998 ], [ -95.2524869, 29.9620055 ], [ -95.2524048, 29.9620105 ], [ -95.2519359, 29.9620157 ], [ -95.2505167, 29.9620345 ], [ -95.2502952, 29.9620378 ], [ -95.2499795, 29.9620426 ], [ -95.2492018, 29.9620544 ], [ -95.2487367, 29.9620614 ], [ -95.2481851, 29.9620697 ], [ -95.2479208, 29.962084 ], [ -95.2479206, 29.962084 ], [ -95.2465129, 29.9620984 ], [ -95.2464546, 29.9620986 ], [ -95.246396, 29.9620998 ], [ -95.2463377, 29.9621017 ], [ -95.2462795, 29.9621046 ], [ -95.2462214, 29.9621083 ], [ -95.2461636, 29.9621128 ], [ -95.246106, 29.9621182 ], [ -95.2460487, 29.9621244 ], [ -95.2459916, 29.9621315 ], [ -95.2459349, 29.9621394 ], [ -95.2458784, 29.9621482 ], [ -95.2458222, 29.9621578 ], [ -95.2457664, 29.9621683 ], [ -95.2457109, 29.9621796 ], [ -95.2456557, 29.9621917 ], [ -95.245601, 29.9622047 ], [ -95.2455467, 29.9622184 ], [ -95.2454927, 29.9622331 ], [ -95.245421, 29.9622539 ], [ -95.2453292, 29.9622982 ], [ -95.2452491, 29.9623043 ], [ -95.2451706, 29.9623157 ], [ -95.2450934, 29.9623323 ], [ -95.2450178, 29.962354 ], [ -95.2449444, 29.9623807 ], [ -95.2448735, 29.9624123 ], [ -95.2448057, 29.9624485 ], [ -95.2447412, 29.9624892 ], [ -95.2437348, 29.9631772 ], [ -95.2437357, 29.9631825 ], [ -95.24374, 29.9632075 ], [ -95.2437408, 29.963212 ], [ -95.2437411, 29.9632137 ], [ -95.2424544, 29.9640896 ], [ -95.2421557, 29.9642929 ], [ -95.2421118, 29.9643166 ], [ -95.2423234, 29.9645522 ], [ -95.2425174, 29.9647682 ], [ -95.24271, 29.9649827 ], [ -95.2437214, 29.9661089 ], [ -95.2441782, 29.9666279 ], [ -95.2442153, 29.9680111 ], [ -95.2442247, 29.9687287 ], [ -95.2442318, 29.9692713 ], [ -95.2454428, 29.9692557 ], [ -95.2454343, 29.9687244 ], [ -95.2453824, 29.9654733 ], [ -95.2453819, 29.9654408 ], [ -95.2453308, 29.9623986 ], [ -95.2453293, 29.9623086 ], [ -95.2454309, 29.9622801 ], [ -95.2455024, 29.9622592 ], [ -95.2455558, 29.9622448 ], [ -95.2456096, 29.9622311 ], [ -95.2456638, 29.9622183 ], [ -95.2457183, 29.9622063 ], [ -95.2457733, 29.9621951 ], [ -95.2458286, 29.9621848 ], [ -95.2458842, 29.9621752 ], [ -95.2459401, 29.9621666 ], [ -95.2459964, 29.9621587 ], [ -95.2460529, 29.9621517 ], [ -95.2461097, 29.9621455 ], [ -95.2461667, 29.9621402 ], [ -95.246224, 29.9621357 ], [ -95.2462815, 29.962132 ], [ -95.2463392, 29.9621292 ], [ -95.246397, 29.9621272 ], [ -95.246455, 29.9621261 ], [ -95.2465132, 29.9621259 ], [ -95.2479212, 29.9621115 ], [ -95.2481856, 29.9620972 ], [ -95.2487372, 29.9620889 ], [ -95.2492024, 29.9620818 ], [ -95.24998, 29.9620701 ], [ -95.2502958, 29.9620653 ], [ -95.2505172, 29.962062 ], [ -95.2519363, 29.9620432 ], [ -95.2524061, 29.962038 ], [ -95.2524892, 29.962033 ], [ -95.252573, 29.9620273 ], [ -95.2527245, 29.9620167 ], [ -95.2530181, 29.9619894 ], [ -95.2531683, 29.961971 ], [ -95.2533194, 29.9619499 ], [ -95.2534226, 29.961934 ], [ -95.2535266, 29.9619167 ], [ -95.2535529, 29.961912 ], [ -95.2535909, 29.9619053 ], [ -95.2536557, 29.9618934 ], [ -95.253961, 29.9618135 ], [ -95.2539702, 29.9618092 ], [ -95.2560651, 29.9608667 ], [ -95.2577757, 29.9600933 ], [ -95.2580866, 29.9599366 ], [ -95.2583762, 29.959801 ], [ -95.2586929, 29.959659 ], [ -95.2590126, 29.9595157 ], [ -95.2593305, 29.9593732 ], [ -95.2596433, 29.9592255 ], [ -95.2603993, 29.9588552 ], [ -95.260414, 29.9588487 ], [ -95.2604274, 29.9588461 ], [ -95.2605964, 29.9587716 ], [ -95.2614336, 29.9583857 ], [ -95.2616413, 29.9582828 ], [ -95.2633742, 29.9575137 ], [ -95.2648839, 29.9567797 ], [ -95.2653142, 29.9565706 ], [ -95.2657184, 29.9563974 ], [ -95.265898, 29.9563204 ], [ -95.2665831, 29.9560909 ], [ -95.2666013, 29.9560709 ], [ -95.2666196, 29.9560508 ], [ -95.2666379, 29.9560304 ], [ -95.2666562, 29.95601 ], [ -95.2666746, 29.9559894 ], [ -95.266693, 29.9559686 ], [ -95.2667168, 29.955947 ], [ -95.2667404, 29.9559253 ], [ -95.2667637, 29.9559035 ], [ -95.2667911, 29.9558788 ], [ -95.2668384, 29.9558346 ], [ -95.2670193, 29.9556575 ], [ -95.2682133, 29.9545607 ] ] ], [ [ [ -95.5741075, 30.0296153 ], [ -95.5725406, 30.0268964 ], [ -95.5723091, 30.0269436 ], [ -95.5722871, 30.026872 ], [ -95.5722528, 30.0268133 ], [ -95.5722623, 30.0267851 ], [ -95.5722638, 30.0267432 ], [ -95.5722514, 30.0266957 ], [ -95.572203, 30.0266562 ], [ -95.5721138, 30.0266386 ], [ -95.5720453, 30.0266648 ], [ -95.5719997, 30.0267225 ], [ -95.5719638, 30.0267516 ], [ -95.5717598, 30.0267882 ], [ -95.5717104, 30.0267571 ], [ -95.571699, 30.0266666 ], [ -95.5716051, 30.0265203 ], [ -95.5715115, 30.0264186 ], [ -95.5720328, 30.0260395 ], [ -95.5712968, 30.0246736 ], [ -95.5675042, 30.0248315 ], [ -95.5670278, 30.0250921 ], [ -95.5670643, 30.0278551 ], [ -95.5694204, 30.0278637 ], [ -95.5702022, 30.0273178 ], [ -95.5710904, 30.0267184 ], [ -95.571408, 30.0264939 ], [ -95.5715299, 30.0266562 ], [ -95.5715917, 30.0267595 ], [ -95.5716534, 30.0269104 ], [ -95.5716757, 30.027051 ], [ -95.5716749, 30.0275607 ], [ -95.5715939, 30.0275809 ], [ -95.5715466, 30.027249 ], [ -95.5715011, 30.027209 ], [ -95.5711422, 30.0272128 ], [ -95.5702384, 30.0278444 ], [ -95.5710164, 30.0278372 ], [ -95.5712673, 30.0279996 ], [ -95.5712926, 30.0296343 ], [ -95.573378, 30.0296431 ], [ -95.5741075, 30.0296153 ] ] ], [ [ [ -95.2422647, 29.9680747 ], [ -95.24092, 29.9666415 ], [ -95.2409154, 29.9666366 ], [ -95.2409186, 29.9666344 ], [ -95.2414154, 29.9662931 ], [ -95.2414287, 29.966284 ], [ -95.2413987, 29.9662514 ], [ -95.2405978, 29.9653806 ], [ -95.2405973, 29.9653801 ], [ -95.2405932, 29.9653756 ], [ -95.2405822, 29.9653637 ], [ -95.2405776, 29.9653587 ], [ -95.2400622, 29.965709 ], [ -95.239648, 29.9660008 ], [ -95.239187, 29.9663255 ], [ -95.2378213, 29.9672874 ], [ -95.2365408, 29.9681658 ], [ -95.2369035, 29.9681749 ], [ -95.2384298, 29.9681488 ], [ -95.2422647, 29.9680747 ] ] ] ] } },
{ "type": "Feature", "properties": { "Store_Location": "Los Angeles" }, "geometry": { "type": "Polygon", "coordinates": [ [ [ -118.6681798, 34.1849312 ], [ -118.6681702, 34.1767647 ], [ -118.6586162, 34.1767595 ], [ -118.6586436, 34.1694539 ], [ -118.6542859, 34.1694354 ], [ -118.6542909, 34.1657417 ], [ -118.6455394, 34.1656952 ], [ -118.6455629, 34.1619917 ], [ -118.6419921, 34.1619857 ], [ -118.6397249, 34.1590882 ], [ -118.6399548, 34.1591549 ], [ -118.6400323, 34.1590043 ], [ -118.6399625, 34.1589389 ], [ -118.639982, 34.1589007 ], [ -118.6403756, 34.1586767 ], [ -118.6412867, 34.1583278 ], [ -118.641288, 34.158146 ], [ -118.6412981, 34.1567766 ], [ -118.6410021, 34.1569017 ], [ -118.6407252, 34.1570025 ], [ -118.638627, 34.1576403 ], [ -118.6385702, 34.1576793 ], [ -118.6321671, 34.1505183 ], [ -118.6312695, 34.1510957 ], [ -118.6302677, 34.150372 ], [ -118.6300884, 34.1498286 ], [ -118.6298355, 34.1498832 ], [ -118.6295466, 34.1490537 ], [ -118.6290834, 34.1476568 ], [ -118.6290126, 34.1473685 ], [ -118.6290232, 34.1472763 ], [ -118.622888, 34.147268 ], [ -118.619069, 34.147273 ], [ -118.616993, 34.147276 ], [ -118.616637, 34.147273 ], [ -118.614971, 34.147277 ], [ -118.614978, 34.149267 ], [ -118.612583, 34.148357 ], [ -118.612246, 34.148229 ], [ -118.612198, 34.148207 ], [ -118.612148, 34.148191 ], [ -118.6120028, 34.1481359 ], [ -118.6097079, 34.1472647 ], [ -118.6087844, 34.1469143 ], [ -118.6041343, 34.1451428 ], [ -118.6033813, 34.1448638 ], [ -118.5992843, 34.1433038 ], [ -118.5983343, 34.1429368 ], [ -118.5883173, 34.1391358 ], [ -118.587083, 34.1386648 ], [ -118.585696, 34.1381328 ], [ -118.5814299, 34.1365061 ], [ -118.5775929, 34.1350516 ], [ -118.5708178, 34.1324724 ], [ -118.568755, 34.1316871 ], [ -118.5681215, 34.1314471 ], [ -118.5654237, 34.1304252 ], [ -118.5647932, 34.1301769 ], [ -118.565159, 34.1294758 ], [ -118.5744207, 34.1144132 ], [ -118.5774597, 34.1095001 ], [ -118.5807667, 34.1041532 ], [ -118.5992066, 34.0743372 ], [ -118.5892946, 34.0726208 ], [ -118.5883457, 34.0724565 ], [ -118.5735961, 34.0699536 ], [ -118.5704855, 34.0694257 ], [ -118.570414, 34.0657475 ], [ -118.570393, 34.0645258 ], [ -118.5702287, 34.0549806 ], [ -118.5701489, 34.0503421 ], [ -118.5701324, 34.0490706 ], [ -118.570102, 34.0470512 ], [ -118.570076, 34.047003 ], [ -118.5699453, 34.0467609 ], [ -118.5689639, 34.0449431 ], [ -118.5687521, 34.0445509 ], [ -118.56804, 34.0431688 ], [ -118.5678435, 34.0428109 ], [ -118.5678038, 34.0427387 ], [ -118.5671349, 34.0415205 ], [ -118.5701008, 33.9887258 ], [ -118.5696855, 33.9888094 ], [ -118.5663855, 33.9880824 ], [ -118.5627165, 33.9877903 ], [ -118.5573545, 33.9876712 ], [ -118.5534678, 33.9843349 ], [ -118.537815, 33.999836 ], [ -118.537677, 34.000011 ], [ -118.5176239, 34.0248999 ], [ -118.5169595, 34.0255071 ], [ -118.5168885, 34.0255716 ], [ -118.5167561, 34.0256934 ], [ -118.5152366, 34.0269389 ], [ -118.5149117, 34.0278113 ], [ -118.5148636, 34.02789 ], [ -118.5148104, 34.0279468 ], [ -118.5146336, 34.0280643 ], [ -118.5142186, 34.0284995 ], [ -118.5141072, 34.0285818 ], [ -118.5138761, 34.0287396 ], [ -118.5133279, 34.0293608 ], [ -118.5127357, 34.0299468 ], [ -118.5119308, 34.0306179 ], [ -118.5116581, 34.0307908 ], [ -118.5115414, 34.0308911 ], [ -118.5113896, 34.031102 ], [ -118.5113206, 34.031172 ], [ -118.5108688, 34.0314162 ], [ -118.5108233, 34.0314439 ], [ -118.5107728, 34.0314952 ], [ -118.5105067, 34.0318461 ], [ -118.5095498, 34.032814 ], [ -118.5086493, 34.0330786 ], [ -118.508806, 34.0333009 ], [ -118.5088422, 34.0334647 ], [ -118.5087281, 34.0340198 ], [ -118.5082585, 34.0348541 ], [ -118.5077221, 34.0362847 ], [ -118.508085, 34.038099 ], [ -118.508217, 34.038091 ], [ -118.508216, 34.038185 ], [ -118.508185, 34.038337 ], [ -118.508263, 34.03835 ], [ -118.508157, 34.038781 ], [ -118.508116, 34.039077 ], [ -118.508346, 34.039154 ], [ -118.508323, 34.039205 ], [ -118.508096, 34.03913 ], [ -118.5075401, 34.0400465 ], [ -118.5066525, 34.0404645 ], [ -118.5046504, 34.0412303 ], [ -118.5045272, 34.0412876 ], [ -118.5039602, 34.0407189 ], [ -118.4974382, 34.0468366 ], [ -118.4972424, 34.0470203 ], [ -118.4969605, 34.0472847 ], [ -118.4966597, 34.0475668 ], [ -118.4963593, 34.0478486 ], [ -118.4960197, 34.0481678 ], [ -118.495674, 34.0489392 ], [ -118.4953913, 34.0495799 ], [ -118.4953481, 34.0496786 ], [ -118.4950586, 34.0501149 ], [ -118.4949098, 34.0503404 ], [ -118.4946585, 34.0501395 ], [ -118.4944983, 34.0504396 ], [ -118.4945358, 34.0504764 ], [ -118.4944688, 34.0505322 ], [ -118.494409, 34.0505825 ], [ -118.4938866, 34.0501337 ], [ -118.4838091, 34.0415727 ], [ -118.4808345, 34.0439975 ], [ -118.4800728, 34.0446144 ], [ -118.4799771, 34.0445313 ], [ -118.4797711, 34.0446928 ], [ -118.4796658, 34.0451192 ], [ -118.479467, 34.0450827 ], [ -118.4793074, 34.0452204 ], [ -118.4791642, 34.045199 ], [ -118.4790445, 34.0456881 ], [ -118.4784487, 34.045629 ], [ -118.4783742, 34.0461617 ], [ -118.4780773, 34.0462119 ], [ -118.4778872, 34.0462698 ], [ -118.47758, 34.046403 ], [ -118.477386, 34.046517 ], [ -118.4772029, 34.0466512 ], [ -118.4744112, 34.0442185 ], [ -118.4742884, 34.0443234 ], [ -118.473721, 34.044036 ], [ -118.4712908, 34.0419532 ], [ -118.4715265, 34.041764 ], [ -118.4708852, 34.0412159 ], [ -118.4593146, 34.0313263 ], [ -118.4591977, 34.0313369 ], [ -118.4576952, 34.0316369 ], [ -118.4571524, 34.0297824 ], [ -118.4570772, 34.029721 ], [ -118.4570229, 34.0296889 ], [ -118.4532506, 34.0281028 ], [ -118.4529725, 34.027913 ], [ -118.4459364, 34.0194284 ], [ -118.4458998, 34.019448 ], [ -118.44527, 34.018694 ], [ -118.4439281, 34.0170376 ], [ -118.4435336, 34.0165708 ], [ -118.446942, 34.0147784 ], [ -118.4470357, 34.0147291 ], [ -118.4478149, 34.0143187 ], [ -118.4485082, 34.0139536 ], [ -118.4559818, 34.0100176 ], [ -118.4641072, 34.0057233 ], [ -118.470068, 34.0025713 ], [ -118.4800064, 33.997318 ], [ -118.479999, 33.9973104 ], [ -118.4814711, 33.9963525 ], [ -118.4817135, 33.9966124 ], [ -118.4820998, 33.9963635 ], [ -118.4832918, 33.9956709 ], [ -118.5375163, 33.9666583 ], [ -118.5334732, 33.9617918 ], [ -118.5257523, 33.9553926 ], [ -118.5234464, 33.9530466 ], [ -118.5181396, 33.9452625 ], [ -118.5137407, 33.9391445 ], [ -118.5136048, 33.9389554 ], [ -118.5132684, 33.9385201 ], [ -118.5086269, 33.9325143 ], [ -118.506476, 33.9280493 ], [ -118.5009123, 33.9186182 ], [ -118.4986907, 33.9159767 ], [ -118.4300245, 33.9170039 ], [ -118.4299574, 33.9169949 ], [ -118.4298792, 33.9169536 ], [ -118.4294497, 33.916318 ], [ -118.4222392, 33.9163324 ], [ -118.4222385, 33.9168788 ], [ -118.4222512, 33.9189947 ], [ -118.4222548, 33.9199588 ], [ -118.4227517, 33.919957 ], [ -118.4238567, 33.919958 ], [ -118.4243937, 33.919958 ], [ -118.4243864, 33.9203229 ], [ -118.4243987, 33.92177 ], [ -118.4265737, 33.921769 ], [ -118.4265767, 33.923583 ], [ -118.4276627, 33.923582 ], [ -118.4276647, 33.925018 ], [ -118.4276697, 33.927203 ], [ -118.4287567, 33.927201 ], [ -118.4287527, 33.9278911 ], [ -118.4287775, 33.9290448 ], [ -118.4287982, 33.9308242 ], [ -118.4282718, 33.930839 ], [ -118.4282945, 33.9309016 ], [ -118.4280936, 33.9309299 ], [ -118.4264907, 33.9311432 ], [ -118.4260366, 33.9311933 ], [ -118.4256735, 33.931215 ], [ -118.4253312, 33.9312306 ], [ -118.4167665, 33.9312449 ], [ -118.4160292, 33.9312351 ], [ -118.416029, 33.9312214 ], [ -118.4153317, 33.9312225 ], [ -118.4148082, 33.9312543 ], [ -118.4019942, 33.9312615 ], [ -118.4009607, 33.9311978 ], [ -118.3992108, 33.9310263 ], [ -118.3992092, 33.9309302 ], [ -118.3972518, 33.9309209 ], [ -118.3957874, 33.9308105 ], [ -118.3787704, 33.9308455 ], [ -118.3787495, 33.9290124 ], [ -118.378503, 33.9290166 ], [ -118.37753, 33.9290157 ], [ -118.3775289, 33.929038 ], [ -118.3774919, 33.9290368 ], [ -118.3774601, 33.9290391 ], [ -118.3774236, 33.929049 ], [ -118.3773953, 33.9290661 ], [ -118.37737, 33.9291058 ], [ -118.3773138, 33.9292087 ], [ -118.3772991, 33.9292226 ], [ -118.3772801, 33.9292366 ], [ -118.3772619, 33.9292439 ], [ -118.3772385, 33.9292504 ], [ -118.377193, 33.9292511 ], [ -118.3771496, 33.9292411 ], [ -118.3770771, 33.9291955 ], [ -118.3744287, 33.9291908 ], [ -118.3743337, 33.9291551 ], [ -118.3743001, 33.9290972 ], [ -118.3742995, 33.929021 ], [ -118.3684197, 33.929021 ], [ -118.3684125, 33.9308488 ], [ -118.3701413, 33.9308602 ], [ -118.3701463, 33.9345337 ], [ -118.3700259, 33.9345343 ], [ -118.3700675, 33.9407479 ], [ -118.3701769, 33.9407485 ], [ -118.3701824, 33.9452614 ], [ -118.3701534, 33.9526079 ], [ -118.3725492, 33.9526214 ], [ -118.3788417, 33.9526081 ], [ -118.3787643, 33.9588959 ], [ -118.378405, 33.9588959 ], [ -118.378382, 33.958896 ], [ -118.378371, 33.95892 ], [ -118.378241, 33.959178 ], [ -118.3781675, 33.959304 ], [ -118.378094, 33.95943 ], [ -118.377759, 33.959904 ], [ -118.377722, 33.959953 ], [ -118.377522, 33.960187 ], [ -118.377313, 33.960406 ], [ -118.37709, 33.960616 ], [ -118.376855, 33.960816 ], [ -118.376607, 33.961005 ], [ -118.376348, 33.961183 ], [ -118.376078, 33.96135 ], [ -118.375892, 33.961454 ], [ -118.375606, 33.9616 ], [ -118.375301, 33.961738 ], [ -118.373565, 33.962435 ], [ -118.371295, 33.963345 ], [ -118.371239, 33.963367 ], [ -118.3712528, 33.9634912 ], [ -118.371258, 33.963538 ], [ -118.371616, 33.966852 ], [ -118.371918, 33.967387 ], [ -118.3724769, 33.9671744 ], [ -118.3728372, 33.9676527 ], [ -118.3723939, 33.9680003 ], [ -118.370148, 33.967993 ], [ -118.3701891, 33.9816432 ], [ -118.366927, 33.981633 ], [ -118.366726, 33.981895 ], [ -118.366252, 33.981645 ], [ -118.363847, 33.981649 ], [ -118.3609525, 33.9816643 ], [ -118.3605141, 33.9816709 ], [ -118.3586089, 33.9816781 ], [ -118.3580024, 33.9816786 ], [ -118.3351811, 33.9817619 ], [ -118.335212, 33.972691 ], [ -118.334348, 33.972696 ], [ -118.334162, 33.972689 ], [ -118.3330895, 33.9726868 ], [ -118.3330793, 33.967272 ], [ -118.331932, 33.967252 ], [ -118.331368, 33.967254 ], [ -118.330882, 33.967255 ], [ -118.330847, 33.967255 ], [ -118.330777, 33.967255 ], [ -118.330136, 33.967257 ], [ -118.328664, 33.967261 ], [ -118.326633, 33.967267 ], [ -118.326579, 33.967266 ], [ -118.32648, 33.967267 ], [ -118.326478, 33.968002 ], [ -118.326478, 33.968163 ], [ -118.326476, 33.969088 ], [ -118.326473, 33.969999 ], [ -118.326472, 33.97039 ], [ -118.326471, 33.970786 ], [ -118.326471, 33.970909 ], [ -118.324291, 33.970913 ], [ -118.323027, 33.970915 ], [ -118.322799, 33.970915 ], [ -118.322362, 33.970916 ], [ -118.322355, 33.970872 ], [ -118.322339, 33.970833 ], [ -118.322315, 33.970796 ], [ -118.321887, 33.970796 ], [ -118.321863, 33.970833 ], [ -118.321847, 33.970872 ], [ -118.32184, 33.970917 ], [ -118.319911, 33.97092 ], [ -118.317747, 33.970923 ], [ -118.317747, 33.970808 ], [ -118.317749, 33.969989 ], [ -118.31775, 33.9690764 ], [ -118.3177523, 33.9681735 ], [ -118.317752, 33.966958 ], [ -118.317753, 33.966392 ], [ -118.317754, 33.965486 ], [ -118.317755, 33.964581 ], [ -118.317757, 33.963648 ], [ -118.317759, 33.962714 ], [ -118.317762, 33.961803 ], [ -118.317761, 33.960849 ], [ -118.317774, 33.9604693 ], [ -118.317761, 33.960028 ], [ -118.317761, 33.959932 ], [ -118.3177929, 33.9595224 ], [ -118.3177804, 33.9563987 ], [ -118.3177578, 33.9454819 ], [ -118.3133943, 33.9454771 ], [ -118.3133057, 33.9383142 ], [ -118.3089284, 33.9382964 ], [ -118.3089323, 33.9404478 ], [ -118.3089359, 33.9417936 ], [ -118.3047146, 33.9418314 ], [ -118.3046717, 33.9455055 ], [ -118.3025319, 33.9455073 ], [ -118.3024983, 33.9499625 ], [ -118.3002927, 33.9499649 ], [ -118.3003668, 33.9588732 ], [ -118.3002732, 33.958874 ], [ -118.2916913, 33.9589477 ], [ -118.2917013, 33.9310008 ], [ -118.2917008, 33.9287041 ], [ -118.2917, 33.9247961 ], [ -118.2916264, 33.9240701 ], [ -118.2916323, 33.9236746 ], [ -118.2916501, 33.9163893 ], [ -118.2917727, 33.8954322 ], [ -118.2918855, 33.8940336 ], [ -118.2913707, 33.8817047 ], [ -118.2913622, 33.8815021 ], [ -118.2910616, 33.8743014 ], [ -118.2906428, 33.8663078 ], [ -118.2916519, 33.8655606 ], [ -118.2950736, 33.8655422 ], [ -118.2980754, 33.8655471 ], [ -118.298071, 33.8664152 ], [ -118.2978768, 33.8664446 ], [ -118.2977957, 33.8664543 ], [ -118.2976701, 33.8664695 ], [ -118.2946663, 33.8664751 ], [ -118.2945159, 33.8664754 ], [ -118.2944342, 33.8683377 ], [ -118.2943592, 33.8705674 ], [ -118.2991742, 33.8705596 ], [ -118.2993336, 33.8657134 ], [ -118.3043544, 33.8657034 ], [ -118.309117, 33.8656563 ], [ -118.3091616, 33.861536 ], [ -118.3091607, 33.8613889 ], [ -118.3091587, 33.8610707 ], [ -118.3091586, 33.8610537 ], [ -118.3091593, 33.8609802 ], [ -118.3091537, 33.8587925 ], [ -118.309279, 33.8584121 ], [ -118.309401, 33.8577321 ], [ -118.309358, 33.8520102 ], [ -118.309339, 33.851389 ], [ -118.309324, 33.8511032 ], [ -118.309318, 33.8508302 ], [ -118.309307, 33.8495782 ], [ -118.308915, 33.8279982 ], [ -118.3089003, 33.8268324 ], [ -118.308887, 33.8256902 ], [ -118.308873, 33.8245362 ], [ -118.308859, 33.8233822 ], [ -118.308853, 33.8229142 ], [ -118.308852, 33.8228062 ], [ -118.308851, 33.8227072 ], [ -118.308835, 33.8214062 ], [ -118.308821, 33.8202522 ], [ -118.308807, 33.8190982 ], [ -118.308792, 33.8170542 ], [ -118.3087922, 33.8169839 ], [ -118.308797, 33.8154462 ], [ -118.308804, 33.8135092 ], [ -118.308806, 33.8127792 ], [ -118.308804, 33.8124502 ], [ -118.308786, 33.8120682 ], [ -118.308783, 33.8120352 ], [ -118.308753, 33.8116882 ], [ -118.308707, 33.8113312 ], [ -118.308639, 33.8109302 ], [ -118.308558, 33.8105552 ], [ -118.308491, 33.8102812 ], [ -118.30837, 33.8098762 ], [ -118.308127, 33.8091092 ], [ -118.308254, 33.8090782 ], [ -118.308348, 33.8090552 ], [ -118.30841, 33.8090352 ], [ -118.308443, 33.8090342 ], [ -118.308924, 33.8089282 ], [ -118.309217, 33.8088812 ], [ -118.309296, 33.8088692 ], [ -118.309269, 33.8087002 ], [ -118.309228, 33.8085142 ], [ -118.309165, 33.8082472 ], [ -118.309082, 33.8079882 ], [ -118.309021, 33.8078312 ], [ -118.308955, 33.8076592 ], [ -118.308913, 33.8075062 ], [ -118.308871, 33.8072772 ], [ -118.308856, 33.8071722 ], [ -118.308829, 33.8068592 ], [ -118.30879, 33.8022812 ], [ -118.3087577, 33.7822289 ], [ -118.3090174, 33.782223 ], [ -118.3090169, 33.7819506 ], [ -118.3099518, 33.7819476 ], [ -118.3095127, 33.7790004 ], [ -118.3078209, 33.7794426 ], [ -118.307653, 33.778843 ], [ -118.306427, 33.774958 ], [ -118.3088366, 33.774964 ], [ -118.3087019, 33.7739784 ], [ -118.3086863, 33.7737328 ], [ -118.308685, 33.773305 ], [ -118.308702, 33.773033 ], [ -118.308751, 33.772684 ], [ -118.308833, 33.772254 ], [ -118.309033, 33.771536 ], [ -118.309418, 33.770225 ], [ -118.309607, 33.769579 ], [ -118.31008, 33.767999 ], [ -118.310173, 33.767677 ], [ -118.310414, 33.766839 ], [ -118.3106169, 33.7663198 ], [ -118.310652, 33.76623 ], [ -118.310751, 33.765977 ], [ -118.310846, 33.765646 ], [ -118.31088, 33.76553 ], [ -118.311606, 33.763051 ], [ -118.3110542, 33.7629384 ], [ -118.311013, 33.76293 ], [ -118.310789, 33.762891 ], [ -118.310635, 33.762872 ], [ -118.3090999, 33.7626841 ], [ -118.309035, 33.762678 ], [ -118.309034, 33.762567 ], [ -118.309035, 33.762207 ], [ -118.309028, 33.762187 ], [ -118.309035, 33.762169 ], [ -118.309038, 33.760702 ], [ -118.309038, 33.760515 ], [ -118.301878, 33.760511 ], [ -118.301, 33.757721 ], [ -118.306582, 33.757726 ], [ -118.309087, 33.757728 ], [ -118.309089, 33.757128 ], [ -118.309663, 33.75624 ], [ -118.309706, 33.75622 ], [ -118.309729, 33.756187 ], [ -118.309734, 33.756152 ], [ -118.309712, 33.756108 ], [ -118.309505, 33.755751 ], [ -118.309232, 33.755166 ], [ -118.309205, 33.755139 ], [ -118.309098, 33.754884 ], [ -118.309, 33.754652 ], [ -118.308837, 33.753759 ], [ -118.308882, 33.753414 ], [ -118.308852, 33.753189 ], [ -118.308832, 33.752899 ], [ -118.308829, 33.752705 ], [ -118.308839, 33.752415 ], [ -118.308866, 33.752132 ], [ -118.309115, 33.750222 ], [ -118.309122, 33.750208 ], [ -118.309202, 33.750052 ], [ -118.309271, 33.749523 ], [ -118.309335, 33.749025 ], [ -118.30958, 33.747127 ], [ -118.309589, 33.747061 ], [ -118.309608, 33.746909 ], [ -118.309614, 33.746791 ], [ -118.311107, 33.746799 ], [ -118.311104, 33.747144 ], [ -118.311103, 33.747294 ], [ -118.312121, 33.7473 ], [ -118.312174, 33.747302 ], [ -118.312172, 33.747247 ], [ -118.312176, 33.746805 ], [ -118.313458, 33.746813 ], [ -118.313465, 33.746836 ], [ -118.313579, 33.746819 ], [ -118.313699, 33.746814 ], [ -118.314226, 33.746817 ], [ -118.315271, 33.746823 ], [ -118.316153, 33.746829 ], [ -118.3171229, 33.7468299 ], [ -118.318022, 33.74684 ], [ -118.318449, 33.746842 ], [ -118.318456, 33.745757 ], [ -118.3184563, 33.7457148 ], [ -118.31847, 33.743608 ], [ -118.318475, 33.742944 ], [ -118.318477, 33.742617 ], [ -118.319226, 33.742622 ], [ -118.3192489, 33.7426225 ], [ -118.319418, 33.742626 ], [ -118.319607, 33.74263 ], [ -118.319728, 33.742466 ], [ -118.319771, 33.742394 ], [ -118.319813, 33.742324 ], [ -118.31988, 33.742176 ], [ -118.319928, 33.742023 ], [ -118.320021, 33.741552 ], [ -118.320029, 33.741492 ], [ -118.320029, 33.741385 ], [ -118.320022, 33.741349 ], [ -118.320011, 33.74129 ], [ -118.319973, 33.741187 ], [ -118.319957, 33.74116 ], [ -118.319915, 33.74109 ], [ -118.319841, 33.741002 ], [ -118.319772, 33.740941 ], [ -118.319695, 33.740888 ], [ -118.319459, 33.740764 ], [ -118.319136, 33.740594 ], [ -118.319082, 33.740581 ], [ -118.319012, 33.740535 ], [ -118.318976, 33.740499 ], [ -118.318957, 33.74048 ], [ -118.318937, 33.740455 ], [ -118.3189, 33.74038 ], [ -118.31889, 33.740359 ], [ -118.318876, 33.740315 ], [ -118.318873, 33.740289 ], [ -118.318863, 33.740185 ], [ -118.318857, 33.740066 ], [ -118.318837, 33.739998 ], [ -118.318789, 33.739754 ], [ -118.318784, 33.7396 ], [ -118.318783, 33.739578 ], [ -118.318785, 33.739466 ], [ -118.318776, 33.739403 ], [ -118.318754, 33.739368 ], [ -118.31868, 33.739249 ], [ -118.318757, 33.7385 ], [ -118.318755, 33.738455 ], [ -118.318751, 33.738367 ], [ -118.318733, 33.738276 ], [ -118.318726, 33.738237 ], [ -118.318674, 33.738076 ], [ -118.318608, 33.737874 ], [ -118.318558, 33.737752 ], [ -118.31854, 33.737715 ], [ -118.3185, 33.737633 ], [ -118.3185, 33.737477 ], [ -118.318505, 33.736339 ], [ -118.318543, 33.736389 ], [ -118.318566, 33.736405 ], [ -118.318592, 33.736431 ], [ -118.318924, 33.736598 ], [ -118.319345, 33.73642 ], [ -118.319454, 33.736378 ], [ -118.319511, 33.73635 ], [ -118.32005, 33.736122 ], [ -118.320047, 33.736111 ], [ -118.319985, 33.73583 ], [ -118.320373, 33.73577 ], [ -118.320301, 33.735446 ], [ -118.319913, 33.735506 ], [ -118.318737, 33.735181 ], [ -118.31851, 33.735251 ], [ -118.318512, 33.734879 ], [ -118.3185126, 33.7347989 ], [ -118.318516, 33.73435 ], [ -118.318518, 33.734043 ], [ -118.31853, 33.732213 ], [ -118.318531, 33.731987 ], [ -118.319823, 33.73199 ], [ -118.319832, 33.731892 ], [ -118.319858, 33.731786 ], [ -118.319901, 33.731685 ], [ -118.319961, 33.73159 ], [ -118.320036, 33.731503 ], [ -118.320125, 33.731426 ], [ -118.3202, 33.731375 ], [ -118.320308, 33.731317 ], [ -118.320771, 33.731141 ], [ -118.320847, 33.731103 ], [ -118.320908, 33.731056 ], [ -118.320955, 33.730999 ], [ -118.320984, 33.730941 ], [ -118.321001, 33.730874 ], [ -118.3210093, 33.7295184 ], [ -118.3210094, 33.7294964 ], [ -118.32101, 33.729397 ], [ -118.321582, 33.729399 ], [ -118.3227877, 33.7294101 ], [ -118.325524, 33.729412 ], [ -118.3262609, 33.7294145 ], [ -118.328472, 33.729422 ], [ -118.329635, 33.727493 ], [ -118.329707, 33.727373 ], [ -118.330165, 33.72662 ], [ -118.330749, 33.725659 ], [ -118.3327222, 33.7224132 ], [ -118.3328155, 33.7222605 ], [ -118.3329977, 33.7219115 ], [ -118.3625025, 33.6734864 ], [ -118.3454218, 33.6634214 ], [ -118.3191419, 33.659541 ], [ -118.2742458, 33.6634222 ], [ -118.2545345, 33.6750628 ], [ -118.2370141, 33.6905875 ], [ -118.2252628, 33.6905868 ], [ -118.2314358, 33.7148157 ], [ -118.248966, 33.755902 ], [ -118.247012, 33.756473 ], [ -118.246812, 33.756531 ], [ -118.2408614, 33.7580831 ], [ -118.24545, 33.763889 ], [ -118.220669, 33.782537 ], [ -118.220754, 33.7826322 ], [ -118.2261134, 33.7882419 ], [ -118.2261389, 33.7884026 ], [ -118.2260423, 33.7889265 ], [ -118.2259222, 33.789609 ], [ -118.2262995, 33.7900127 ], [ -118.226942, 33.7907 ], [ -118.226797, 33.792148 ], [ -118.222436, 33.804152 ], [ -118.2224364, 33.8047383 ], [ -118.222442, 33.812452 ], [ -118.222768, 33.812728 ], [ -118.222757, 33.812935 ], [ -118.224504, 33.821568 ], [ -118.22457, 33.821568 ], [ -118.2246194, 33.8242706 ], [ -118.226619, 33.8295102 ], [ -118.2271682, 33.8280661 ], [ -118.2285658, 33.8243951 ], [ -118.228066, 33.824195 ], [ -118.2255541, 33.811852 ], [ -118.2245274, 33.8100868 ], [ -118.2243801, 33.8097428 ], [ -118.2242947, 33.8094236 ], [ -118.2242185, 33.8090873 ], [ -118.2241485, 33.8087485 ], [ -118.2240883, 33.8083441 ], [ -118.2239907, 33.8076229 ], [ -118.2239559, 33.8071904 ], [ -118.2239256, 33.8067504 ], [ -118.223926, 33.806423 ], [ -118.2239258, 33.8060959 ], [ -118.2239441, 33.8057943 ], [ -118.224005, 33.8054845 ], [ -118.2240586, 33.8053052 ], [ -118.2241492, 33.8051311 ], [ -118.227181, 33.8001 ], [ -118.2288316, 33.7961299 ], [ -118.2291175, 33.7947827 ], [ -118.2294999, 33.7937077 ], [ -118.2300914, 33.7925855 ], [ -118.237515, 33.8005076 ], [ -118.256797, 33.799526 ], [ -118.258445, 33.799442 ], [ -118.257116, 33.803108 ], [ -118.2565374, 33.8047572 ], [ -118.2613119, 33.8046484 ], [ -118.2613892, 33.804656 ], [ -118.2646239, 33.804567 ], [ -118.2645723, 33.7991636 ], [ -118.2676295, 33.7989904 ], [ -118.2826651, 33.7982711 ], [ -118.2830024, 33.7982499 ], [ -118.28293, 33.797631 ], [ -118.2864203, 33.7976281 ], [ -118.2910734, 33.7976624 ], [ -118.2991273, 33.797699 ], [ -118.299102, 33.8021855 ], [ -118.2990927, 33.8025197 ], [ -118.2990781, 33.8028007 ], [ -118.2996382, 33.8028227 ], [ -118.299631, 33.8034238 ], [ -118.2990364, 33.8034017 ], [ -118.2988811, 33.8064679 ], [ -118.2984922, 33.8133729 ], [ -118.2988046, 33.8134837 ], [ -118.299258, 33.813646 ], [ -118.2991868, 33.8235089 ], [ -118.299185, 33.824741 ], [ -118.2991958, 33.84633 ], [ -118.2917663, 33.8463238 ], [ -118.2860857, 33.8462674 ], [ -118.2861082, 33.8532476 ], [ -118.2853507, 33.8532676 ], [ -118.2853072, 33.854261 ], [ -118.2904908, 33.8542561 ], [ -118.2904838, 33.8587975 ], [ -118.2859611, 33.8607504 ], [ -118.2859628, 33.8604608 ], [ -118.2855915, 33.8605528 ], [ -118.2854223, 33.8607925 ], [ -118.2854479, 33.8609728 ], [ -118.2847743, 33.8613452 ], [ -118.2814759, 33.8627514 ], [ -118.2816347, 33.8719771 ], [ -118.281685, 33.8723013 ], [ -118.2822241, 33.8741373 ], [ -118.282238, 33.874317 ], [ -118.282682, 33.8853245 ], [ -118.2826889, 33.8854651 ], [ -118.283158, 33.8969806 ], [ -118.2822783, 33.8972485 ], [ -118.282258, 33.900461 ], [ -118.282257, 33.900984 ], [ -118.282254, 33.9019 ], [ -118.282243, 33.905515 ], [ -118.282233, 33.909176 ], [ -118.282231, 33.910361 ], [ -118.28223, 33.910623 ], [ -118.282229, 33.91087 ], [ -118.282228, 33.911375 ], [ -118.282225, 33.912297 ], [ -118.282222, 33.913327 ], [ -118.282221, 33.913707 ], [ -118.282212, 33.914359 ], [ -118.282198, 33.915389 ], [ -118.282184, 33.916423 ], [ -118.282168, 33.917609 ], [ -118.282164, 33.917906 ], [ -118.282163, 33.918073 ], [ -118.28216, 33.918231 ], [ -118.282151, 33.918834 ], [ -118.28214, 33.919642 ], [ -118.282139, 33.919734 ], [ -118.282128, 33.920532 ], [ -118.282121, 33.921037 ], [ -118.282121, 33.921441 ], [ -118.282109, 33.921946 ], [ -118.282099, 33.922509 ], [ -118.282088, 33.92309 ], [ -118.282086, 33.923201 ], [ -118.281959, 33.923201 ], [ -118.281936, 33.923093 ], [ -118.281639, 33.9231 ], [ -118.281501, 33.923103 ], [ -118.281449, 33.923104 ], [ -118.281397, 33.923199 ], [ -118.281254, 33.923199 ], [ -118.281047, 33.923199 ], [ -118.280497, 33.923199 ], [ -118.280442, 33.923199 ], [ -118.279906, 33.923199 ], [ -118.279874, 33.923122 ], [ -118.278386, 33.923122 ], [ -118.278226, 33.923218 ], [ -118.2780552, 33.9232173 ], [ -118.2780626, 33.9230613 ], [ -118.2780798, 33.9226476 ], [ -118.2780684, 33.9226269 ], [ -118.2780531, 33.9226122 ], [ -118.2780169, 33.9226 ], [ -118.2779839, 33.9225972 ], [ -118.2778097, 33.9225891 ], [ -118.2777457, 33.9225824 ], [ -118.27768, 33.9225692 ], [ -118.2773602, 33.9230821 ], [ -118.2773624, 33.9232815 ], [ -118.277284, 33.923281 ], [ -118.2732418, 33.9232969 ], [ -118.2732439, 33.9231387 ], [ -118.269651, 33.923113 ], [ -118.2695717, 33.9231086 ], [ -118.269544, 33.923107 ], [ -118.269453, 33.923102 ], [ -118.265186, 33.9231 ], [ -118.261387, 33.923098 ], [ -118.256733, 33.923096 ], [ -118.255643, 33.923096 ], [ -118.254384, 33.923095 ], [ -118.254265, 33.923095 ], [ -118.253594, 33.923095 ], [ -118.2535735, 33.927309 ], [ -118.2538113, 33.9273114 ], [ -118.253804, 33.928184 ], [ -118.25377, 33.928353 ], [ -118.253466, 33.9285403 ], [ -118.254189, 33.9294135 ], [ -118.2505544, 33.9294064 ], [ -118.2435158, 33.9294596 ], [ -118.2391711, 33.9294907 ], [ -118.2390285, 33.9294496 ], [ -118.2302669, 33.92898 ], [ -118.2303405, 33.9291164 ], [ -118.2308831, 33.9316948 ], [ -118.2292264, 33.937258 ], [ -118.229038, 33.937917 ], [ -118.228753, 33.938874 ], [ -118.228646, 33.939007 ], [ -118.229497, 33.9431 ], [ -118.2274881, 33.9430982 ], [ -118.228021, 33.945621 ], [ -118.2286016, 33.9482986 ], [ -118.230622, 33.948278 ], [ -118.230686, 33.948282 ], [ -118.234026, 33.948243 ], [ -118.2340305, 33.9532876 ], [ -118.2442402, 33.9533075 ], [ -118.2442266, 33.9542865 ], [ -118.24745, 33.954257 ], [ -118.247485, 33.953358 ], [ -118.248839, 33.953358 ], [ -118.2490871, 33.9474624 ], [ -118.2490945, 33.9432443 ], [ -118.2536308, 33.9432526 ], [ -118.253634, 33.943772 ], [ -118.253628, 33.944091 ], [ -118.253614, 33.944903 ], [ -118.253602, 33.945549 ], [ -118.253602, 33.945669 ], [ -118.2536, 33.946121 ], [ -118.253598, 33.946552 ], [ -118.253597, 33.946946 ], [ -118.253595, 33.947378 ], [ -118.253585, 33.947394 ], [ -118.25357, 33.94742 ], [ -118.253552, 33.949265 ], [ -118.253534, 33.951188 ], [ -118.253533, 33.95126 ], [ -118.253985, 33.951256 ], [ -118.2539895, 33.9509101 ], [ -118.255043, 33.952076 ], [ -118.2559277, 33.9530715 ], [ -118.2558934, 33.9601993 ], [ -118.2563572, 33.9601998 ], [ -118.2563925, 33.9893893 ], [ -118.2461141, 33.9893776 ], [ -118.2389714, 33.9892922 ], [ -118.2379261, 33.9892898 ], [ -118.23809, 33.990673 ], [ -118.238587, 33.9966473 ], [ -118.2395265, 34.0079094 ], [ -118.239538, 34.008047 ], [ -118.239687, 34.01086 ], [ -118.239745, 34.013494 ], [ -118.239707, 34.0147124 ], [ -118.2303634, 34.0148252 ], [ -118.2303659, 34.0149083 ], [ -118.227673, 34.014921 ], [ -118.227501, 34.015281 ], [ -118.225707, 34.015319 ], [ -118.225696, 34.014937 ], [ -118.223692, 34.014942 ], [ -118.2237074, 34.0153607 ], [ -118.223395, 34.015369 ], [ -118.223232, 34.014941 ], [ -118.2229172, 34.0149425 ], [ -118.218064, 34.014965 ], [ -118.218069, 34.015985 ], [ -118.217523, 34.01584 ], [ -118.215077, 34.014978 ], [ -118.214736, 34.01498 ], [ -118.212698, 34.014295 ], [ -118.212701, 34.014989 ], [ -118.208166, 34.015006 ], [ -118.207779, 34.014177 ], [ -118.207463, 34.013627 ], [ -118.207308, 34.013217 ], [ -118.207041, 34.012777 ], [ -118.20534, 34.012816 ], [ -118.205026, 34.012626 ], [ -118.205058, 34.014374 ], [ -118.204019, 34.014082 ], [ -118.202351, 34.013726 ], [ -118.201734, 34.013639 ], [ -118.192309, 34.012837 ], [ -118.192104, 34.012818 ], [ -118.191428, 34.012761 ], [ -118.191436, 34.015084 ], [ -118.192219, 34.01508 ], [ -118.192231, 34.016546 ], [ -118.192252, 34.018867 ], [ -118.192259, 34.019778 ], [ -118.192262, 34.020116 ], [ -118.192263, 34.020212 ], [ -118.192264, 34.020311 ], [ -118.192267, 34.020645 ], [ -118.192269, 34.020883 ], [ -118.192278, 34.021894 ], [ -118.192282, 34.022398 ], [ -118.192282, 34.022433 ], [ -118.192287, 34.022903 ], [ -118.1922903, 34.0232891 ], [ -118.192296, 34.023964 ], [ -118.192299, 34.024258 ], [ -118.192302, 34.0250856 ], [ -118.192308, 34.025298 ], [ -118.19231, 34.025538 ], [ -118.192313, 34.025958 ], [ -118.192316, 34.026292 ], [ -118.192316, 34.02631 ], [ -118.192317, 34.026358 ], [ -118.1923241, 34.0271842 ], [ -118.192325, 34.027283 ], [ -118.192325, 34.027298 ], [ -118.192331, 34.027955 ], [ -118.192334, 34.028276 ], [ -118.192335, 34.028472 ], [ -118.192339, 34.028922 ], [ -118.192342, 34.029267 ], [ -118.192342, 34.029281 ], [ -118.192348, 34.029945 ], [ -118.192348, 34.029993 ], [ -118.192351, 34.03026 ], [ -118.1923792, 34.0308282 ], [ -118.192356, 34.030886 ], [ -118.192358, 34.031146 ], [ -118.192359, 34.031161 ], [ -118.19236, 34.031362 ], [ -118.192366, 34.03197 ], [ -118.192368, 34.032232 ], [ -118.192368, 34.032248 ], [ -118.1923761, 34.0325116 ], [ -118.192377, 34.033233 ], [ -118.192241, 34.033252 ], [ -118.191286, 34.033274 ], [ -118.191269, 34.033613 ], [ -118.191291, 34.034417 ], [ -118.191398, 34.034418 ], [ -118.191843, 34.034416 ], [ -118.191838, 34.034004 ], [ -118.192384, 34.034002 ], [ -118.192391, 34.034864 ], [ -118.1924009, 34.0359643 ], [ -118.192401, 34.035977 ], [ -118.1924035, 34.0360466 ], [ -118.1924057, 34.0361819 ], [ -118.19241, 34.0364469 ], [ -118.192425, 34.037379 ], [ -118.192437, 34.038075 ], [ -118.192446, 34.038577 ], [ -118.192448, 34.038715 ], [ -118.192466, 34.039687 ], [ -118.192472, 34.040011 ], [ -118.1924762, 34.0403115 ], [ -118.1924779, 34.0403425 ], [ -118.1924775, 34.040371 ], [ -118.192479, 34.040466 ], [ -118.1924818, 34.0406355 ], [ -118.192491, 34.04118 ], [ -118.192511, 34.042432 ], [ -118.192512, 34.042493 ], [ -118.192516, 34.04271 ], [ -118.1925189, 34.0429214 ], [ -118.192519, 34.042928 ], [ -118.192522, 34.043158 ], [ -118.192526, 34.043387 ], [ -118.192534, 34.043575 ], [ -118.192556, 34.04411 ], [ -118.192471, 34.044112 ], [ -118.19248, 34.04507 ], [ -118.192489, 34.046081 ], [ -118.192499, 34.047244 ], [ -118.192507, 34.048141 ], [ -118.19251, 34.048509 ], [ -118.192515, 34.049093 ], [ -118.192523, 34.050042 ], [ -118.192528, 34.050577 ], [ -118.192541, 34.052083 ], [ -118.192542, 34.052358 ], [ -118.192542, 34.052452 ], [ -118.192557, 34.053907 ], [ -118.1925796, 34.0547583 ], [ -118.1925586, 34.0563211 ], [ -118.1925715, 34.0563385 ], [ -118.1925794, 34.0563523 ], [ -118.1925851, 34.0563721 ], [ -118.1925865, 34.0566342 ], [ -118.1925875, 34.0568289 ], [ -118.1925882, 34.0569734 ], [ -118.1925886, 34.0570516 ], [ -118.1925893, 34.0571846 ], [ -118.1925897, 34.0572705 ], [ -118.1925915, 34.057621 ], [ -118.1925925, 34.0579527 ], [ -118.1925936, 34.0582143 ], [ -118.1925956, 34.0585211 ], [ -118.1925969, 34.0587978 ], [ -118.1925997, 34.0594151 ], [ -118.1926, 34.0594815 ], [ -118.1926012, 34.0597482 ], [ -118.1926026, 34.0600418 ], [ -118.1926132, 34.0608806 ], [ -118.1926239, 34.0617255 ], [ -118.1916585, 34.0617261 ], [ -118.1892873, 34.0617316 ], [ -118.1891036, 34.0617329 ], [ -118.1853431, 34.0617791 ], [ -118.1835133, 34.061779 ], [ -118.181303, 34.061754 ], [ -118.1813078, 34.0622403 ], [ -118.1790617, 34.0622283 ], [ -118.179078, 34.062297 ], [ -118.178205, 34.062298 ], [ -118.177732, 34.062299 ], [ -118.177092, 34.062296 ], [ -118.17689, 34.062281 ], [ -118.176633, 34.062274 ], [ -118.17616, 34.062277 ], [ -118.176053, 34.062296 ], [ -118.174229, 34.062294 ], [ -118.173686, 34.062293 ], [ -118.173064, 34.062292 ], [ -118.172831, 34.061832 ], [ -118.171387, 34.06229 ], [ -118.1692651, 34.0622978 ], [ -118.166227, 34.062293 ], [ -118.1653, 34.062294 ], [ -118.165198, 34.062282 ], [ -118.165088, 34.062282 ], [ -118.165027, 34.062282 ], [ -118.164835, 34.062283 ], [ -118.164805, 34.062478 ], [ -118.164797, 34.062526 ], [ -118.164785, 34.0626 ], [ -118.164694, 34.063174 ], [ -118.164665, 34.063356 ], [ -118.164591, 34.063829 ], [ -118.164433, 34.064506 ], [ -118.164101, 34.065457 ], [ -118.164011, 34.065712 ], [ -118.162823, 34.068112 ], [ -118.162606, 34.068541 ], [ -118.162263, 34.069218 ], [ -118.162032, 34.069674 ], [ -118.162278, 34.069682 ], [ -118.16266, 34.069695 ], [ -118.162854, 34.069702 ], [ -118.162964, 34.0697 ], [ -118.163073, 34.069732 ], [ -118.163105, 34.069745 ], [ -118.163371, 34.069747 ], [ -118.163346, 34.069797 ], [ -118.163319, 34.069848 ], [ -118.16179, 34.071704 ], [ -118.161717, 34.071793 ], [ -118.161734, 34.071872 ], [ -118.161746, 34.072066 ], [ -118.16173, 34.072201 ], [ -118.161694, 34.072334 ], [ -118.161619, 34.072526 ], [ -118.161581, 34.072672 ], [ -118.161562, 34.072821 ], [ -118.161562, 34.072971 ], [ -118.1618124, 34.0746219 ], [ -118.1615481, 34.0747668 ], [ -118.161365, 34.0748695 ], [ -118.1611088, 34.0749443 ], [ -118.1607953, 34.0752248 ], [ -118.160777, 34.0752306 ], [ -118.1607166, 34.0752498 ], [ -118.1605168, 34.0753132 ], [ -118.160514, 34.077718 ], [ -118.160518, 34.078239 ], [ -118.16052, 34.078478 ], [ -118.1604009, 34.081052 ], [ -118.1603623, 34.0810814 ], [ -118.1603788, 34.0812346 ], [ -118.160503, 34.083685 ], [ -118.1605401, 34.0863371 ], [ -118.160555, 34.09025 ], [ -118.160604, 34.090407 ], [ -118.1606498, 34.0926763 ], [ -118.1606596, 34.0932042 ], [ -118.160661, 34.093495 ], [ -118.160673, 34.093741 ], [ -118.1599644, 34.0940429 ], [ -118.1595974, 34.0943168 ], [ -118.159355, 34.0944978 ], [ -118.1593378, 34.0942917 ], [ -118.158823, 34.094628 ], [ -118.158297, 34.095018 ], [ -118.1578958, 34.0953365 ], [ -118.156838, 34.096094 ], [ -118.156483, 34.096293 ], [ -118.15645, 34.096312 ], [ -118.15628, 34.096427 ], [ -118.156191, 34.096508 ], [ -118.156153, 34.096543 ], [ -118.155885, 34.096823 ], [ -118.155652, 34.097156 ], [ -118.155481, 34.09748 ], [ -118.155463, 34.097515 ], [ -118.155356, 34.097862 ], [ -118.155321, 34.098138 ], [ -118.1552983, 34.0986342 ], [ -118.1602584, 34.0986784 ], [ -118.1780157, 34.0987056 ], [ -118.1780013, 34.1102926 ], [ -118.1772205, 34.1104271 ], [ -118.1773598, 34.1108861 ], [ -118.177018, 34.110994 ], [ -118.176886, 34.112057 ], [ -118.176993, 34.112198 ], [ -118.1760639, 34.1124906 ], [ -118.175631, 34.112627 ], [ -118.1754577, 34.1131728 ], [ -118.1734218, 34.1132669 ], [ -118.1723888, 34.113752 ], [ -118.168866, 34.117843 ], [ -118.168833, 34.118668 ], [ -118.168999, 34.119341 ], [ -118.1688864, 34.1200614 ], [ -118.1679426, 34.1203025 ], [ -118.1675506, 34.1211383 ], [ -118.167666, 34.121797 ], [ -118.167952, 34.122817 ], [ -118.168039, 34.123112 ], [ -118.1680747, 34.1239241 ], [ -118.168454, 34.123914 ], [ -118.168262, 34.124302 ], [ -118.1675317, 34.1250205 ], [ -118.165909, 34.1255686 ], [ -118.1660392, 34.1260694 ], [ -118.1662657, 34.1261801 ], [ -118.1665554, 34.1261913 ], [ -118.167144, 34.12589 ], [ -118.167184, 34.125881 ], [ -118.167221, 34.125885 ], [ -118.167371, 34.125952 ], [ -118.167501, 34.125996 ], [ -118.167607, 34.126019 ], [ -118.167651, 34.126029 ], [ -118.167768, 34.126058 ], [ -118.167896, 34.126107 ], [ -118.167998, 34.126159 ], [ -118.168167, 34.126238 ], [ -118.168314, 34.126292 ], [ -118.168404, 34.126317 ], [ -118.168467, 34.126335 ], [ -118.168873, 34.12642 ], [ -118.168977, 34.126446 ], [ -118.1691, 34.126492 ], [ -118.1692, 34.126544 ], [ -118.169395, 34.126673 ], [ -118.169519, 34.126749 ], [ -118.169652, 34.126813 ], [ -118.169768, 34.126857 ], [ -118.169888, 34.126893 ], [ -118.170062, 34.126928 ], [ -118.170214, 34.126944 ], [ -118.170328, 34.126945 ], [ -118.170434, 34.126931 ], [ -118.170536, 34.126903 ], [ -118.170631, 34.126863 ], [ -118.170718, 34.12681 ], [ -118.171021, 34.12656 ], [ -118.171116, 34.126482 ], [ -118.171197, 34.126422 ], [ -118.171303, 34.126359 ], [ -118.171417, 34.126308 ], [ -118.171538, 34.126268 ], [ -118.17213, 34.126143 ], [ -118.172299, 34.126082 ], [ -118.17244, 34.125972 ], [ -118.172528, 34.125828 ], [ -118.1728708, 34.124771 ], [ -118.173859, 34.124343 ], [ -118.175984, 34.12348 ], [ -118.1768856, 34.1231198 ], [ -118.1770036, 34.1231331 ], [ -118.1765971, 34.1266377 ], [ -118.177796, 34.126877 ], [ -118.177833, 34.126658 ], [ -118.178583, 34.12672 ], [ -118.180193, 34.126425 ], [ -118.1809062, 34.1283479 ], [ -118.181458, 34.1282064 ], [ -118.181414, 34.12852 ], [ -118.18134, 34.129498 ], [ -118.1818203, 34.1293771 ], [ -118.18258, 34.129186 ], [ -118.18284, 34.12975 ], [ -118.1827539, 34.1310749 ], [ -118.186097, 34.133732 ], [ -118.185531, 34.134726 ], [ -118.1853129, 34.136068 ], [ -118.1859453, 34.1361705 ], [ -118.185796, 34.137368 ], [ -118.185515, 34.1374082 ], [ -118.1855394, 34.1383959 ], [ -118.1853218, 34.1387872 ], [ -118.1856043, 34.1389381 ], [ -118.1848511, 34.1394557 ], [ -118.184013, 34.1394525 ], [ -118.1831998, 34.1395888 ], [ -118.1825551, 34.1403595 ], [ -118.1819484, 34.1407151 ], [ -118.1813603, 34.1408195 ], [ -118.1802117, 34.1408318 ], [ -118.1802656, 34.1409956 ], [ -118.1807188, 34.1413012 ], [ -118.180908, 34.141834 ], [ -118.1812141, 34.1422417 ], [ -118.1821393, 34.1430303 ], [ -118.1821002, 34.1433687 ], [ -118.182313, 34.14347 ], [ -118.1822737, 34.1437365 ], [ -118.1845966, 34.1453954 ], [ -118.1842267, 34.1463039 ], [ -118.1839204, 34.1490512 ], [ -118.188512, 34.148939 ], [ -118.190409, 34.149049 ], [ -118.194414, 34.149044 ], [ -118.198195, 34.149045 ], [ -118.1982526, 34.1514986 ], [ -118.19892, 34.151154 ], [ -118.202701, 34.150633 ], [ -118.203573, 34.149692 ], [ -118.204229, 34.149279 ], [ -118.205432, 34.147431 ], [ -118.207723, 34.147247 ], [ -118.208774, 34.146507 ], [ -118.210972, 34.14622 ], [ -118.212096, 34.146584 ], [ -118.215574, 34.146659 ], [ -118.21614, 34.146948 ], [ -118.219476, 34.146953 ], [ -118.219586, 34.147403 ], [ -118.221172, 34.148057 ], [ -118.222455, 34.149254 ], [ -118.224967, 34.149363 ], [ -118.226231, 34.149789 ], [ -118.226939, 34.14861 ], [ -118.226997, 34.148164 ], [ -118.227009, 34.147891 ], [ -118.227004, 34.147628 ], [ -118.227408, 34.1477425 ], [ -118.227452, 34.147755 ], [ -118.227641, 34.147441 ], [ -118.227649, 34.147423 ], [ -118.22826, 34.147452 ], [ -118.228163, 34.146831 ], [ -118.228317, 34.146795 ], [ -118.228602, 34.146886 ], [ -118.228683, 34.146735 ], [ -118.228237, 34.146447 ], [ -118.228577, 34.145881 ], [ -118.228889, 34.14612 ], [ -118.228769, 34.145897 ], [ -118.2287725, 34.1444164 ], [ -118.228764, 34.142837 ], [ -118.228776, 34.142768 ], [ -118.228791, 34.142699 ], [ -118.228787, 34.140252 ], [ -118.228784, 34.139073 ], [ -118.229156, 34.139073 ], [ -118.229156, 34.139055 ], [ -118.229149, 34.138079 ], [ -118.227877, 34.138084 ], [ -118.2279281, 34.1356043 ], [ -118.2294532, 34.1356128 ], [ -118.2317196, 34.1356253 ], [ -118.2326526, 34.1356137 ], [ -118.2335918, 34.1356403 ], [ -118.2336369, 34.135055 ], [ -118.2336423, 34.1347639 ], [ -118.2336262, 34.1345064 ], [ -118.236273, 34.134498 ], [ -118.236387, 34.134002 ], [ -118.236495, 34.133533 ], [ -118.23655, 34.133291 ], [ -118.2365876, 34.1327156 ], [ -118.2364753, 34.1318709 ], [ -118.2364091, 34.1313924 ], [ -118.236102, 34.129375 ], [ -118.236019, 34.12883 ], [ -118.235717, 34.128311 ], [ -118.235539, 34.128005 ], [ -118.235312, 34.127602 ], [ -118.235238, 34.12672 ], [ -118.236057, 34.126607 ], [ -118.236939, 34.126486 ], [ -118.237367, 34.126463 ], [ -118.237579, 34.126433 ], [ -118.238785, 34.126233 ], [ -118.246774, 34.125135 ], [ -118.252089, 34.124404 ], [ -118.253159, 34.124571 ], [ -118.253306, 34.124322 ], [ -118.253469, 34.124134 ], [ -118.253689, 34.123487 ], [ -118.253602, 34.123419 ], [ -118.25364, 34.123303 ], [ -118.253037, 34.122736 ], [ -118.252669, 34.12239 ], [ -118.252242, 34.121989 ], [ -118.251448, 34.121243 ], [ -118.251133, 34.120947 ], [ -118.2525593, 34.1199402 ], [ -118.2535267, 34.1192698 ], [ -118.2541609, 34.1188286 ], [ -118.254258, 34.118761 ], [ -118.255476, 34.119807 ], [ -118.2572053, 34.1214 ], [ -118.2586122, 34.1228107 ], [ -118.2598936, 34.1242812 ], [ -118.2606691, 34.125248 ], [ -118.2618988, 34.1269768 ], [ -118.2636591, 34.1300875 ], [ -118.2654246, 34.1335032 ], [ -118.2696718, 34.1417196 ], [ -118.2723233, 34.1468619 ], [ -118.273039, 34.1481967 ], [ -118.2737505, 34.1496226 ], [ -118.2755971, 34.1531747 ], [ -118.2759849, 34.1531816 ], [ -118.2765677, 34.1531922 ], [ -118.2768434, 34.1531972 ], [ -118.2769912, 34.1531861 ], [ -118.2771704, 34.1531488 ], [ -118.2789933, 34.1532043 ], [ -118.2791976, 34.1544107 ], [ -118.2793653, 34.154812 ], [ -118.2796199, 34.1552188 ], [ -118.2798275, 34.1554742 ], [ -118.2802102, 34.1558231 ], [ -118.2805893, 34.1560839 ], [ -118.28105, 34.1563243 ], [ -118.2815907, 34.156504 ], [ -118.2821541, 34.1566171 ], [ -118.282968, 34.156642 ], [ -118.283809, 34.156538 ], [ -118.287469, 34.155771 ], [ -118.2914788, 34.1557691 ], [ -118.2954721, 34.1588066 ], [ -118.2974198, 34.1588789 ], [ -118.2988469, 34.1576135 ], [ -118.3043582, 34.158852 ], [ -118.307265, 34.1609569 ], [ -118.3078696, 34.1611539 ], [ -118.3087213, 34.1614457 ], [ -118.3096722, 34.1612361 ], [ -118.3103281, 34.1607645 ], [ -118.3123365, 34.1549655 ], [ -118.3129316, 34.1540072 ], [ -118.3158082, 34.1544574 ], [ -118.317655, 34.1563118 ], [ -118.32213, 34.1557395 ], [ -118.325721, 34.153253 ], [ -118.3288318, 34.1503755 ], [ -118.329055, 34.150169 ], [ -118.3300858, 34.1497594 ], [ -118.3311169, 34.1483199 ], [ -118.3366405, 34.1464915 ], [ -118.3388527, 34.1453315 ], [ -118.3399716, 34.1455384 ], [ -118.3408515, 34.1455035 ], [ -118.3423262, 34.1448162 ], [ -118.3451081, 34.1426633 ], [ -118.3458135, 34.1442636 ], [ -118.3458357, 34.1443138 ], [ -118.3464379, 34.1456776 ], [ -118.3477288, 34.1487137 ], [ -118.3481012, 34.1495889 ], [ -118.3484582, 34.1504279 ], [ -118.3492156, 34.1522066 ], [ -118.3501835, 34.1544797 ], [ -118.3507202, 34.1557966 ], [ -118.3518992, 34.1583474 ], [ -118.3522021, 34.1590805 ], [ -118.3522111, 34.159102 ], [ -118.3526694, 34.1601707 ], [ -118.3531385, 34.161289 ], [ -118.357177, 34.1612725 ], [ -118.3571821, 34.1648671 ], [ -118.3556664, 34.164868 ], [ -118.3554259, 34.1649064 ], [ -118.3546577, 34.1649492 ], [ -118.3548908, 34.1653809 ], [ -118.355897, 34.1677226 ], [ -118.3563666, 34.1688155 ], [ -118.3564897, 34.1690071 ], [ -118.3578174, 34.1721297 ], [ -118.3578568, 34.172292 ], [ -118.3597279, 34.1846944 ], [ -118.35971, 34.1848805 ], [ -118.3597043, 34.1849394 ], [ -118.3599889, 34.1867245 ], [ -118.3611557, 34.1946167 ], [ -118.3659607, 34.1955936 ], [ -118.3659634, 34.1955209 ], [ -118.3701672, 34.1962917 ], [ -118.3702096, 34.2011024 ], [ -118.3648297, 34.2010959 ], [ -118.3646898, 34.2010964 ], [ -118.3641492, 34.2010986 ], [ -118.3637962, 34.2011 ], [ -118.3625119, 34.2011051 ], [ -118.3624033, 34.2011056 ], [ -118.3620906, 34.2011068 ], [ -118.362988, 34.2068742 ], [ -118.3607407, 34.2068338 ], [ -118.3570309, 34.2067829 ], [ -118.3498554, 34.2066829 ], [ -118.3488164, 34.2066625 ], [ -118.3485108, 34.2066768 ], [ -118.3412235, 34.2065365 ], [ -118.3399446, 34.2065176 ], [ -118.3398705, 34.2100377 ], [ -118.339806, 34.211194 ], [ -118.339567, 34.211301 ], [ -118.3377432, 34.211271 ], [ -118.337706, 34.212589 ], [ -118.336032, 34.214309 ], [ -118.336417, 34.214568 ], [ -118.335218, 34.215383 ], [ -118.334845, 34.215514 ], [ -118.335094, 34.216187 ], [ -118.335128, 34.216753 ], [ -118.3373525, 34.221098 ], [ -118.337462, 34.221312 ], [ -118.29279, 34.2216629 ], [ -118.286234, 34.221707 ], [ -118.2840569, 34.221724 ], [ -118.266871, 34.221846 ], [ -118.2668232, 34.2300514 ], [ -118.2668187, 34.2303673 ], [ -118.2668132, 34.2313023 ], [ -118.2668131, 34.2313324 ], [ -118.2667795, 34.2371742 ], [ -118.2667596, 34.2408184 ], [ -118.2665059, 34.2406581 ], [ -118.2664558, 34.2406217 ], [ -118.2660946, 34.2403956 ], [ -118.266045, 34.2405273 ], [ -118.2660395, 34.2405668 ], [ -118.2660369, 34.2407931 ], [ -118.2660348, 34.2409705 ], [ -118.2660321, 34.2410592 ], [ -118.2660296, 34.2412944 ], [ -118.266028, 34.2415815 ], [ -118.266009, 34.243903 ], [ -118.2660237, 34.2445387 ], [ -118.2660293, 34.2447817 ], [ -118.2660673, 34.2461902 ], [ -118.2660798, 34.2471982 ], [ -118.2660721, 34.2475813 ], [ -118.2660741, 34.2477509 ], [ -118.2660742, 34.2477636 ], [ -118.266691, 34.247772 ], [ -118.266672, 34.250779 ], [ -118.265297, 34.250265 ], [ -118.2652887, 34.2516427 ], [ -118.2652767, 34.2523845 ], [ -118.2565071, 34.2522654 ], [ -118.2566982, 34.2672349 ], [ -118.2385023, 34.2670642 ], [ -118.2385483, 34.28151 ], [ -118.273537, 34.281661 ], [ -118.27368, 34.278067 ], [ -118.286831, 34.278501 ], [ -118.2863341, 34.2921541 ], [ -118.286316, 34.2927903 ], [ -118.290631, 34.2928441 ], [ -118.290608, 34.293228 ], [ -118.299395, 34.293259 ], [ -118.299478, 34.2861448 ], [ -118.3038798, 34.286129 ], [ -118.3247442, 34.2860665 ], [ -118.326914, 34.28606 ], [ -118.326831, 34.282435 ], [ -118.3273455, 34.2824358 ], [ -118.351729, 34.282475 ], [ -118.351735, 34.278833 ], [ -118.354708, 34.278848 ], [ -118.360516, 34.27996 ], [ -118.361314, 34.279728 ], [ -118.364279, 34.280765 ], [ -118.367281, 34.280589 ], [ -118.367407, 34.280369 ], [ -118.367481, 34.280411 ], [ -118.368105, 34.282052 ], [ -118.3689, 34.283258 ], [ -118.369515, 34.283462 ], [ -118.370176, 34.281898 ], [ -118.3713154, 34.2822783 ], [ -118.371106, 34.2825976 ], [ -118.370929, 34.282849 ], [ -118.3706769, 34.2832565 ], [ -118.3705536, 34.2834549 ], [ -118.3704744, 34.2836565 ], [ -118.3704691, 34.2838781 ], [ -118.3704865, 34.2840854 ], [ -118.3704771, 34.2842627 ], [ -118.3704235, 34.2845707 ], [ -118.3703108, 34.2849607 ], [ -118.3702277, 34.2852666 ], [ -118.3701231, 34.2855602 ], [ -118.3699822, 34.2858439 ], [ -118.3698227, 34.2860866 ], [ -118.3719148, 34.2861202 ], [ -118.373517, 34.286146 ], [ -118.373716, 34.285892 ], [ -118.373518, 34.284418 ], [ -118.373519, 34.283166 ], [ -118.372637, 34.282832 ], [ -118.374675, 34.282827 ], [ -118.374801, 34.28366 ], [ -118.377103, 34.283364 ], [ -118.381859, 34.283897 ], [ -118.385762, 34.284817 ], [ -118.384618, 34.288175 ], [ -118.384619, 34.289731 ], [ -118.3869139, 34.2897987 ], [ -118.386888, 34.291512 ], [ -118.382377, 34.2915348 ], [ -118.3824026, 34.2933208 ], [ -118.382951, 34.29333 ], [ -118.382878, 34.296956 ], [ -118.38739, 34.296963 ], [ -118.387396, 34.29878 ], [ -118.393635, 34.298788 ], [ -118.393711, 34.296979 ], [ -118.3967707, 34.2969881 ], [ -118.3970096, 34.2933914 ], [ -118.399814, 34.29342 ], [ -118.4003426, 34.2922818 ], [ -118.400919, 34.289932 ], [ -118.400822, 34.288445 ], [ -118.401143, 34.28845 ], [ -118.401588, 34.286423 ], [ -118.406168, 34.285927 ], [ -118.4075499, 34.2872461 ], [ -118.4094, 34.289012 ], [ -118.4103532, 34.2918329 ], [ -118.40896, 34.291808 ], [ -118.4087034, 34.2939029 ], [ -118.4035115, 34.2939092 ], [ -118.40346, 34.297106 ], [ -118.401204, 34.297083 ], [ -118.401052, 34.30067 ], [ -118.4056, 34.300726 ], [ -118.405455, 34.304364 ], [ -118.405469, 34.307912 ], [ -118.403751, 34.307917 ], [ -118.403667, 34.308342 ], [ -118.40369, 34.308644 ], [ -118.403652, 34.308836 ], [ -118.403566, 34.30897 ], [ -118.404114, 34.309038 ], [ -118.403881, 34.31005 ], [ -118.403324, 34.310024 ], [ -118.40308, 34.30972 ], [ -118.403016, 34.309389 ], [ -118.402479, 34.309429 ], [ -118.402446, 34.309608 ], [ -118.401937, 34.309772 ], [ -118.401836, 34.309877 ], [ -118.401079, 34.309722 ], [ -118.401016, 34.3099 ], [ -118.400904, 34.310027 ], [ -118.4006944, 34.3164671 ], [ -118.3996703, 34.3164675 ], [ -118.3983026, 34.3170787 ], [ -118.3975668, 34.3170087 ], [ -118.3964668, 34.3175364 ], [ -118.3964615, 34.3180558 ], [ -118.3962632, 34.3180587 ], [ -118.39626, 34.31986 ], [ -118.4006014, 34.319556 ], [ -118.40272, 34.321299 ], [ -118.4048943, 34.3220701 ], [ -118.40522, 34.3298173 ], [ -118.4080957, 34.329845 ], [ -118.4090688, 34.3298543 ], [ -118.4118792, 34.3298755 ], [ -118.413591, 34.3298923 ], [ -118.413585, 34.327408 ], [ -118.412448, 34.326296 ], [ -118.412207, 34.325904 ], [ -118.4125326, 34.3257395 ], [ -118.4135006, 34.3251726 ], [ -118.4135551, 34.3251409 ], [ -118.4136149, 34.3251059 ], [ -118.4136193, 34.3246958 ], [ -118.414349, 34.324692 ], [ -118.414365, 34.3244563 ], [ -118.4159082, 34.3244994 ], [ -118.4168769, 34.3248571 ], [ -118.4170539, 34.3249276 ], [ -118.4172467, 34.3250045 ], [ -118.419051, 34.325656 ], [ -118.4207635, 34.3255821 ], [ -118.4207501, 34.3277104 ], [ -118.419691, 34.327832 ], [ -118.419456, 34.327926 ], [ -118.418213, 34.32949 ], [ -118.418572, 34.329416 ], [ -118.418696, 34.329464 ], [ -118.41901, 34.329881 ], [ -118.419352, 34.3298888 ], [ -118.419471, 34.3298874 ], [ -118.419464, 34.329163 ], [ -118.419985, 34.329164 ], [ -118.419993, 34.3298904 ], [ -118.422721, 34.3298858 ], [ -118.4231166, 34.3298855 ], [ -118.427278, 34.3298968 ], [ -118.4273607, 34.3298817 ], [ -118.430025, 34.3298818 ], [ -118.4301888, 34.3298799 ], [ -118.4307215, 34.3298827 ], [ -118.4309715, 34.3298798 ], [ -118.43121, 34.329886 ], [ -118.431841, 34.3298792 ], [ -118.435034, 34.3298983 ], [ -118.4377876, 34.329906 ], [ -118.440669, 34.3299146 ], [ -118.442077, 34.3299195 ], [ -118.442394, 34.3299201 ], [ -118.444477, 34.3299279 ], [ -118.444993, 34.3299297 ], [ -118.447179, 34.3299373 ], [ -118.449428, 34.329945 ], [ -118.457574, 34.3300181 ], [ -118.4649052, 34.3300563 ], [ -118.4670802, 34.3301069 ], [ -118.4676472, 34.3301128 ], [ -118.4764263, 34.3302937 ], [ -118.4786814, 34.3303393 ], [ -118.4801259, 34.3303266 ], [ -118.484414, 34.3302867 ], [ -118.4859751, 34.3303762 ], [ -118.4887745, 34.3305367 ], [ -118.4899042, 34.3305614 ], [ -118.4909413, 34.3305841 ], [ -118.492718, 34.330623 ], [ -118.4936118, 34.3311615 ], [ -118.50381, 34.337306 ], [ -118.5065772, 34.3352188 ], [ -118.5077537, 34.3343327 ], [ -118.5109266, 34.3319402 ], [ -118.5112011, 34.3317328 ], [ -118.5218973, 34.3236671 ], [ -118.534011, 34.314531 ], [ -118.546296, 34.317332 ], [ -118.545511, 34.315658 ], [ -118.547097, 34.313351 ], [ -118.545717, 34.310033 ], [ -118.543672, 34.305715 ], [ -118.544296, 34.30394 ], [ -118.543335, 34.303258 ], [ -118.542593, 34.301361 ], [ -118.541557, 34.30022 ], [ -118.540821, 34.298814 ], [ -118.5428371, 34.2984904 ], [ -118.5429635, 34.2984694 ], [ -118.546701, 34.297867 ], [ -118.549804, 34.296967 ], [ -118.554034, 34.296414 ], [ -118.55443, 34.296567 ], [ -118.554792, 34.297124 ], [ -118.557391, 34.299243 ], [ -118.559767, 34.299192 ], [ -118.562096, 34.29879 ], [ -118.5635897, 34.2978614 ], [ -118.5663992, 34.2958184 ], [ -118.5675838, 34.2952354 ], [ -118.5688091, 34.2946872 ], [ -118.570146, 34.295355 ], [ -118.5701943, 34.2955842 ], [ -118.5712161, 34.2968471 ], [ -118.5716155, 34.2979757 ], [ -118.5718571, 34.2986472 ], [ -118.5796866, 34.3015224 ], [ -118.585182, 34.3034665 ], [ -118.5872749, 34.3031054 ], [ -118.5916471, 34.2875875 ], [ -118.5908246, 34.2825012 ], [ -118.5909663, 34.282486 ], [ -118.5913261, 34.2824476 ], [ -118.5913469, 34.2824454 ], [ -118.592183, 34.2823619 ], [ -118.5919179, 34.2806937 ], [ -118.5917393, 34.2803192 ], [ -118.5916974, 34.2802298 ], [ -118.5917459, 34.2800788 ], [ -118.591977, 34.2793664 ], [ -118.5919963, 34.2791836 ], [ -118.592078, 34.2790402 ], [ -118.5923393, 34.2785812 ], [ -118.5926195, 34.2780898 ], [ -118.5929847, 34.2778046 ], [ -118.5937122, 34.2772373 ], [ -118.5952236, 34.2756269 ], [ -118.5954189, 34.2754198 ], [ -118.5955098, 34.2753239 ], [ -118.5958237, 34.2749617 ], [ -118.5961244, 34.2746161 ], [ -118.60316, 34.2772276 ], [ -118.6035625, 34.2773778 ], [ -118.6037658, 34.277453 ], [ -118.6039691, 34.2775214 ], [ -118.6042336, 34.277605 ], [ -118.6043658, 34.2776449 ], [ -118.6044319, 34.2776629 ], [ -118.6045004, 34.2776809 ], [ -118.6046468, 34.2777167 ], [ -118.6047933, 34.2777487 ], [ -118.6049467, 34.2777797 ], [ -118.6051047, 34.2778106 ], [ -118.6052369, 34.2778315 ], [ -118.6053739, 34.2778524 ], [ -118.6055119, 34.2778672 ], [ -118.6056547, 34.2778821 ], [ -118.6057965, 34.2778962 ], [ -118.6059389, 34.277908 ], [ -118.6060814, 34.2779164 ], [ -118.6062299, 34.2779231 ], [ -118.6063746, 34.2779262 ], [ -118.6065173, 34.2779272 ], [ -118.606667, 34.2779243 ], [ -118.6068213, 34.2779176 ], [ -118.6069675, 34.2779118 ], [ -118.6071184, 34.2779022 ], [ -118.6072622, 34.2778887 ], [ -118.6074107, 34.2778713 ], [ -118.6166175, 34.276587 ], [ -118.6168364, 34.2765565 ], [ -118.6221997, 34.2758083 ], [ -118.6226074, 34.2757496 ], [ -118.6230175, 34.2756889 ], [ -118.6231822, 34.2756609 ], [ -118.6233496, 34.2756308 ], [ -118.6236817, 34.275565 ], [ -118.6239924, 34.2754958 ], [ -118.6243192, 34.2754133 ], [ -118.6246642, 34.2753225 ], [ -118.6250093, 34.2752227 ], [ -118.6253422, 34.2751163 ], [ -118.6256806, 34.275001 ], [ -118.6261157, 34.2748326 ], [ -118.6263293, 34.2747473 ], [ -118.6265428, 34.2746575 ], [ -118.626808, 34.2745371 ], [ -118.6270732, 34.2744145 ], [ -118.6273344, 34.2742831 ], [ -118.6275955, 34.2741472 ], [ -118.6278382, 34.2740141 ], [ -118.6280789, 34.273876 ], [ -118.6283138, 34.2737326 ], [ -118.6285488, 34.273587 ], [ -118.6288372, 34.2733947 ], [ -118.6289815, 34.2732963 ], [ -118.629119, 34.2731957 ], [ -118.6292291, 34.2731145 ], [ -118.6293386, 34.2730345 ], [ -118.629442, 34.272955 ], [ -118.6295428, 34.2728755 ], [ -118.6299404, 34.2725574 ], [ -118.6334752, 34.2697159 ], [ -118.633367, 34.2688062 ], [ -118.6333037, 34.2684039 ], [ -118.633279, 34.2682361 ], [ -118.632733, 34.2645925 ], [ -118.6326901, 34.2643102 ], [ -118.6326412, 34.2640078 ], [ -118.6326008, 34.2637818 ], [ -118.6325982, 34.2637648 ], [ -118.632559, 34.2634339 ], [ -118.632558, 34.2633559 ], [ -118.6325453, 34.2629109 ], [ -118.632558, 34.2613825 ], [ -118.632485, 34.257119 ], [ -118.632573, 34.2530511 ], [ -118.632571, 34.2494144 ], [ -118.6326242, 34.245802 ], [ -118.6326054, 34.2448393 ], [ -118.6326029, 34.2447165 ], [ -118.632607, 34.243968 ], [ -118.6325652, 34.2421962 ], [ -118.6325256, 34.2404005 ], [ -118.6325173, 34.2385762 ], [ -118.6317485, 34.2385852 ], [ -118.6315188, 34.2385883 ], [ -118.6299493, 34.2385945 ], [ -118.6314789, 34.2370256 ], [ -118.6324439, 34.2370839 ], [ -118.6392237, 34.2375615 ], [ -118.6421357, 34.2377437 ], [ -118.6452473, 34.2379631 ], [ -118.646991, 34.2380843 ], [ -118.6473297, 34.2367264 ], [ -118.64734, 34.236685 ], [ -118.6476876, 34.235289 ], [ -118.6477686, 34.2349677 ], [ -118.6487099, 34.2312348 ], [ -118.6497362, 34.227115 ], [ -118.6528699, 34.2271222 ], [ -118.6528721, 34.2275816 ], [ -118.653319, 34.2275702 ], [ -118.6533201, 34.2271137 ], [ -118.6540643, 34.2271073 ], [ -118.6540643, 34.2267683 ], [ -118.6540652, 34.2260316 ], [ -118.6540686, 34.223509 ], [ -118.6584279, 34.223488 ], [ -118.658412, 34.2165734 ], [ -118.6543957, 34.2165829 ], [ -118.65235, 34.2165724 ], [ -118.6532537, 34.2129443 ], [ -118.6568195, 34.2129407 ], [ -118.6627464, 34.2129347 ], [ -118.6627773, 34.2093793 ], [ -118.6678128, 34.2093616 ], [ -118.6678348, 34.2069244 ], [ -118.6679636, 34.2003281 ], [ -118.6679777, 34.1996475 ], [ -118.668084, 34.194969 ], [ -118.6585459, 34.1949766 ], [ -118.65849, 34.1949766 ], [ -118.6584914, 34.1952774 ], [ -118.6584984, 34.1967696 ], [ -118.6566486, 34.1967621 ], [ -118.657161, 34.192537 ], [ -118.6574629, 34.1899358 ], [ -118.6581532, 34.1896416 ], [ -118.6584952, 34.1895171 ], [ -118.6588419, 34.1894349 ], [ -118.6588296, 34.1893709 ], [ -118.6596117, 34.1892661 ], [ -118.6612282, 34.1894584 ], [ -118.6617949, 34.1896087 ], [ -118.6631415, 34.1900315 ], [ -118.6629834, 34.1903841 ], [ -118.6633646, 34.1905017 ], [ -118.6635254, 34.1901578 ], [ -118.6669982, 34.1912622 ], [ -118.667306, 34.1913589 ], [ -118.6681177, 34.1913437 ], [ -118.6681675, 34.1892855 ], [ -118.6681562, 34.1877191 ], [ -118.6681776, 34.185075 ], [ -118.6681798, 34.1849312 ] ], [ [ -118.4689423, 34.06575 ], [ -118.4689159, 34.0658881 ], [ -118.4684018, 34.066309 ], [ -118.4679823, 34.0666714 ], [ -118.4673686, 34.0671833 ], [ -118.4667431, 34.0677219 ], [ -118.465336, 34.066989 ], [ -118.4649977, 34.0666845 ], [ -118.463723, 34.065537 ], [ -118.4632, 34.065066 ], [ -118.463076, 34.064441 ], [ -118.46292, 34.0636733 ], [ -118.462814, 34.063109 ], [ -118.4611, 34.060046 ], [ -118.4587958, 34.058078 ], [ -118.4555036, 34.0600461 ], [ -118.4550773, 34.0603006 ], [ -118.4559502, 34.0613019 ], [ -118.4595211, 34.0654786 ], [ -118.4594724, 34.0654915 ], [ -118.4548206, 34.0667231 ], [ -118.454774, 34.0663845 ], [ -118.4547484, 34.0662067 ], [ -118.4546852, 34.0659712 ], [ -118.4546043, 34.0657563 ], [ -118.4544718, 34.0654995 ], [ -118.4542561, 34.0651779 ], [ -118.4531133, 34.0638573 ], [ -118.451637, 34.0622312 ], [ -118.4501446, 34.0606175 ], [ -118.4493636, 34.0596363 ], [ -118.4487389, 34.0588248 ], [ -118.4482038, 34.0581525 ], [ -118.4480667, 34.0579499 ], [ -118.4458318, 34.055325 ], [ -118.4491074, 34.0533634 ], [ -118.4483338, 34.0524686 ], [ -118.4484599, 34.0523953 ], [ -118.4491258, 34.0520084 ], [ -118.4481888, 34.0496069 ], [ -118.4486131, 34.0493515 ], [ -118.4518392, 34.0474158 ], [ -118.4522941, 34.0471644 ], [ -118.4525458, 34.0474501 ], [ -118.4541089, 34.0492245 ], [ -118.4554132, 34.0484361 ], [ -118.4565078, 34.0477895 ], [ -118.4566514, 34.047705 ], [ -118.4592131, 34.0506988 ], [ -118.4592959, 34.0507956 ], [ -118.4642991, 34.0566321 ], [ -118.4646559, 34.05705 ], [ -118.4679645, 34.0609234 ], [ -118.4682806, 34.0625663 ], [ -118.4683307, 34.0626533 ], [ -118.4689423, 34.06575 ] ], [ [ -118.4633816, 33.9810244 ], [ -118.4549481, 33.9863887 ], [ -118.4525543, 33.9857584 ], [ -118.452298, 33.985691 ], [ -118.448941, 33.984809 ], [ -118.4471659, 33.9844631 ], [ -118.4442075, 33.9838864 ], [ -118.4440062, 33.9838482 ], [ -118.4420819, 33.9834815 ], [ -118.4418896, 33.9834562 ], [ -118.4417602, 33.9834391 ], [ -118.4415539, 33.9834169 ], [ -118.4410652, 33.9828313 ], [ -118.4406888, 33.9823786 ], [ -118.4403159, 33.9819652 ], [ -118.4395995, 33.9812383 ], [ -118.4388221, 33.9805054 ], [ -118.4380194, 33.9798148 ], [ -118.4369311, 33.9789732 ], [ -118.4363271, 33.978541 ], [ -118.4357712, 33.9781665 ], [ -118.4359072, 33.978108 ], [ -118.4337559, 33.9766561 ], [ -118.4333985, 33.976357 ], [ -118.4332157, 33.9761908 ], [ -118.4330693, 33.9760619 ], [ -118.4325881, 33.9755568 ], [ -118.4322429, 33.975026 ], [ -118.433521, 33.974301 ], [ -118.433565, 33.974274 ], [ -118.433611, 33.974251 ], [ -118.451301, 33.964231 ], [ -118.45143, 33.964423 ], [ -118.451458, 33.964461 ], [ -118.451482, 33.964501 ], [ -118.451606, 33.964685 ], [ -118.451713, 33.964844 ], [ -118.452251, 33.965644 ], [ -118.4531178, 33.9669202 ], [ -118.4549772, 33.9696892 ], [ -118.454714, 33.9698076 ], [ -118.4586266, 33.9750715 ], [ -118.4614519, 33.9783675 ], [ -118.4618804, 33.9782709 ], [ -118.4619566, 33.9784865 ], [ -118.4619838, 33.9786496 ], [ -118.4620128, 33.9791734 ], [ -118.4620866, 33.9794363 ], [ -118.4621872, 33.9796417 ], [ -118.4633816, 33.9810244 ] ], [ [ -118.4560419, 34.2849233 ], [ -118.449475, 34.2897018 ], [ -118.4500038, 34.2904201 ], [ -118.448441, 34.2918184 ], [ -118.4454339, 34.294482 ], [ -118.444697, 34.293871 ], [ -118.4435727, 34.294885 ], [ -118.4435824, 34.2950083 ], [ -118.4434357, 34.2951272 ], [ -118.4434633, 34.2951523 ], [ -118.4425594, 34.2959246 ], [ -118.4424796, 34.2958522 ], [ -118.440297, 34.297796 ], [ -118.438821, 34.299112 ], [ -118.4387219, 34.2992033 ], [ -118.4382411, 34.2996307 ], [ -118.4373149, 34.3004544 ], [ -118.436613, 34.30108 ], [ -118.436221, 34.30143 ], [ -118.435836, 34.30177 ], [ -118.4350975, 34.3024316 ], [ -118.4336017, 34.3037658 ], [ -118.432569, 34.304687 ], [ -118.4214137, 34.2943882 ], [ -118.418577, 34.2964634 ], [ -118.4158015, 34.2938437 ], [ -118.418642, 34.2917843 ], [ -118.4186514, 34.2917762 ], [ -118.418646, 34.29177 ], [ -118.4171802, 34.2903962 ], [ -118.4171541, 34.2903716 ], [ -118.4171804, 34.2903524 ], [ -118.4253203, 34.2844029 ], [ -118.4258789, 34.2839945 ], [ -118.4280603, 34.2824005 ], [ -118.4306568, 34.2804917 ], [ -118.4306197, 34.2804547 ], [ -118.4327313, 34.2785032 ], [ -118.4336875, 34.2777914 ], [ -118.4337555, 34.2777407 ], [ -118.4338116, 34.2776949 ], [ -118.4355818, 34.2793479 ], [ -118.4356081, 34.2793727 ], [ -118.4356363, 34.2793522 ], [ -118.4438144, 34.2733942 ], [ -118.4438214, 34.2733896 ], [ -118.4438264, 34.2733948 ], [ -118.4463047, 34.2756848 ], [ -118.4523677, 34.2814394 ], [ -118.4560419, 34.2849233 ] ], [ [ -118.4483772, 33.9933419 ], [ -118.444692, 33.9943387 ], [ -118.4443724, 33.9945679 ], [ -118.4442705, 33.9946416 ], [ -118.4443331, 33.9947173 ], [ -118.4437983, 33.9950844 ], [ -118.4433924, 33.9953635 ], [ -118.4424793, 33.9936029 ], [ -118.4357596, 33.9969634 ], [ -118.4355256, 33.9969458 ], [ -118.4303787, 33.9996589 ], [ -118.4307072, 34.0000872 ], [ -118.4284006, 34.0013214 ], [ -118.4258989, 33.9980883 ], [ -118.4203663, 33.9987048 ], [ -118.4201682, 33.998834 ], [ -118.4191584, 34.0000838 ], [ -118.4181739, 34.0006413 ], [ -118.421088, 34.0043604 ], [ -118.4173648, 34.0065876 ], [ -118.4193797, 34.0091459 ], [ -118.4200821, 34.0087766 ], [ -118.4213666, 34.0104056 ], [ -118.4206474, 34.0108214 ], [ -118.4206194, 34.0108374 ], [ -118.4186957, 34.0119329 ], [ -118.4069733, 34.0186083 ], [ -118.4056419, 34.0168802 ], [ -118.4054462, 34.017069 ], [ -118.4030759, 34.0184731 ], [ -118.4030595, 34.0184499 ], [ -118.4004597, 34.019954 ], [ -118.4013313, 34.0210704 ], [ -118.4006203, 34.0214621 ], [ -118.400494, 34.0212933 ], [ -118.4005655, 34.0212568 ], [ -118.4002603, 34.0208645 ], [ -118.3994566, 34.0213284 ], [ -118.3990738, 34.0208235 ], [ -118.3974861, 34.0217348 ], [ -118.3984185, 34.0228997 ], [ -118.3970095, 34.0236833 ], [ -118.3970616, 34.0237463 ], [ -118.3957624, 34.0244882 ], [ -118.395579, 34.0245421 ], [ -118.3943394, 34.0252435 ], [ -118.3943147, 34.0252112 ], [ -118.3940502, 34.0253557 ], [ -118.3942101, 34.0255571 ], [ -118.3938312, 34.0257514 ], [ -118.3934466, 34.0253393 ], [ -118.3927811, 34.0262315 ], [ -118.3877795, 34.0290306 ], [ -118.3871678, 34.0293792 ], [ -118.386818, 34.0291306 ], [ -118.3866869, 34.0292079 ], [ -118.3864319, 34.0289174 ], [ -118.384225, 34.0302165 ], [ -118.3776408, 34.0319731 ], [ -118.3759081, 34.0324354 ], [ -118.3696131, 34.0350911 ], [ -118.371933, 34.029949 ], [ -118.373736, 34.0304227 ], [ -118.3749727, 34.0296069 ], [ -118.3762242, 34.0286026 ], [ -118.3768972, 34.0269756 ], [ -118.3769433, 34.0269719 ], [ -118.3770942, 34.0262253 ], [ -118.3764732, 34.0259035 ], [ -118.3767736, 34.0240006 ], [ -118.3774549, 34.0227468 ], [ -118.3779806, 34.0213952 ], [ -118.3813816, 34.0208483 ], [ -118.3813681, 34.0207135 ], [ -118.3813548, 34.0205815 ], [ -118.3808885, 34.0200962 ], [ -118.3787739, 34.0187325 ], [ -118.3779894, 34.0180158 ], [ -118.3759339, 34.0180825 ], [ -118.3758391, 34.0185156 ], [ -118.3729514, 34.0183696 ], [ -118.372769, 34.0183603 ], [ -118.3728924, 34.0181144 ], [ -118.3734604, 34.0170804 ], [ -118.3737294, 34.0165904 ], [ -118.3738294, 34.0163944 ], [ -118.3739264, 34.0161684 ], [ -118.3739444, 34.0161274 ], [ -118.3739924, 34.0159914 ], [ -118.3740354, 34.0158534 ], [ -118.3740724, 34.0157154 ], [ -118.3741044, 34.0155754 ], [ -118.3741494, 34.0152944 ], [ -118.3741634, 34.0151524 ], [ -118.3741724, 34.0148694 ], [ -118.3741684, 34.0147274 ], [ -118.3741504, 34.0145144 ], [ -118.3741204, 34.0143034 ], [ -118.3740924, 34.0141634 ], [ -118.3740194, 34.0138854 ], [ -118.3739494, 34.0136814 ], [ -118.3738954, 34.0135464 ], [ -118.3736604, 34.0130294 ], [ -118.3736054, 34.0129054 ], [ -118.3733914, 34.0124614 ], [ -118.3733007, 34.0122391 ], [ -118.3731932, 34.0119155 ], [ -118.3730346, 34.0119168 ], [ -118.3728569, 34.0119182 ], [ -118.372649, 34.015839 ], [ -118.3703417, 34.01576 ], [ -118.366739, 34.0156366 ], [ -118.3668579, 34.013066 ], [ -118.3668816, 34.0125655 ], [ -118.367028, 34.0098114 ], [ -118.367047, 34.0094524 ], [ -118.367173, 34.007088 ], [ -118.3668633, 34.0070767 ], [ -118.366843, 34.007076 ], [ -118.36623, 34.006352 ], [ -118.3650543, 34.0055731 ], [ -118.3650288, 34.0055541 ], [ -118.362656, 34.006316 ], [ -118.362654, 34.00635 ], [ -118.362602, 34.006441 ], [ -118.362557, 34.006484 ], [ -118.36239, 34.006584 ], [ -118.362302, 34.006651 ], [ -118.36221, 34.006738 ], [ -118.362122, 34.006848 ], [ -118.362061, 34.006952 ], [ -118.362015, 34.007062 ], [ -118.361998, 34.0071776 ], [ -118.3619894, 34.0072918 ], [ -118.3620068, 34.0074997 ], [ -118.3616165, 34.0075913 ], [ -118.3615042, 34.0076649 ], [ -118.361417, 34.007753 ], [ -118.361405, 34.007816 ], [ -118.361442, 34.0083696 ], [ -118.3586203, 34.0090601 ], [ -118.3578183, 34.0091388 ], [ -118.3578275, 34.0089328 ], [ -118.3578143, 34.008681 ], [ -118.3576989, 34.0078471 ], [ -118.3577172, 34.0074065 ], [ -118.3577942, 34.0070371 ], [ -118.3589886, 34.0031367 ], [ -118.3591372, 34.0026825 ], [ -118.3592241, 34.0023757 ], [ -118.3592625, 34.0021323 ], [ -118.3592969, 34.0018822 ], [ -118.3593008, 34.0014484 ], [ -118.3592417, 34.0010706 ], [ -118.3591269, 34.0007147 ], [ -118.3585674, 33.9995884 ], [ -118.358401, 33.9991082 ], [ -118.3581348, 33.997493 ], [ -118.3581195, 33.9973824 ], [ -118.357703, 33.9971637 ], [ -118.3572442, 33.9976457 ], [ -118.3570976, 33.9978112 ], [ -118.3570062, 33.9979441 ], [ -118.3569516, 33.9980437 ], [ -118.3568954, 33.9981895 ], [ -118.3567012, 33.9993435 ], [ -118.3566672, 33.9995357 ], [ -118.3565908, 33.999815 ], [ -118.3565265, 33.9999944 ], [ -118.3564188, 34.0002145 ], [ -118.3563396, 34.0003452 ], [ -118.356181, 34.0005756 ], [ -118.356024, 34.0007602 ], [ -118.3558865, 34.0009041 ], [ -118.3557167, 34.0010573 ], [ -118.3554827, 34.0012198 ], [ -118.354673, 34.0017703 ], [ -118.3542194, 34.0021372 ], [ -118.3538707, 34.0024634 ], [ -118.3521035, 34.0042323 ], [ -118.351824, 34.0044571 ], [ -118.3515267, 34.0046393 ], [ -118.3512009, 34.0047949 ], [ -118.3508544, 34.0049131 ], [ -118.3505617, 34.0049973 ], [ -118.3503464, 34.0050501 ], [ -118.350123, 34.0050806 ], [ -118.3497871, 34.0051111 ], [ -118.3494048, 34.0051112 ], [ -118.3490443, 34.0050736 ], [ -118.3466781, 34.0046762 ], [ -118.3462756, 34.0046361 ], [ -118.3458736, 34.0046214 ], [ -118.3424849, 34.0046288 ], [ -118.3422108, 34.0046564 ], [ -118.3419671, 34.0046973 ], [ -118.341733, 34.0047504 ], [ -118.3414852, 34.0048233 ], [ -118.3412099, 34.004933 ], [ -118.3409937, 34.0050346 ], [ -118.3407825, 34.0051532 ], [ -118.3399998, 34.0056733 ], [ -118.3398222, 34.0057684 ], [ -118.3395145, 34.0059139 ], [ -118.3390047, 34.0060945 ], [ -118.3386804, 34.0062265 ], [ -118.3383153, 34.0064191 ], [ -118.3380568, 34.0066086 ], [ -118.3378518, 34.0067759 ], [ -118.3377023, 34.0069341 ], [ -118.3376087, 34.0070318 ], [ -118.3373889, 34.0069182 ], [ -118.3371214, 34.0072486 ], [ -118.3370607, 34.0073329 ], [ -118.33697, 34.0074455 ], [ -118.336888, 34.0075262 ], [ -118.3368006, 34.0076009 ], [ -118.3367077, 34.0076685 ], [ -118.336604, 34.0077335 ], [ -118.3364913, 34.0077938 ], [ -118.336387, 34.0078387 ], [ -118.3363553, 34.0078431 ], [ -118.336335, 34.0078362 ], [ -118.3361053, 34.0079449 ], [ -118.3360904, 34.0079608 ], [ -118.3357018, 34.0081178 ], [ -118.335631, 34.007709 ], [ -118.335582, 34.00747 ], [ -118.335519, 34.007235 ], [ -118.33544, 34.007002 ], [ -118.335347, 34.006773 ], [ -118.33524, 34.006548 ], [ -118.335119, 34.006329 ], [ -118.334984, 34.006115 ], [ -118.334267, 34.00511 ], [ -118.334029, 34.004776 ], [ -118.33391, 34.004625 ], [ -118.333801, 34.004501 ], [ -118.333665, 34.00436 ], [ -118.333514, 34.004221 ], [ -118.333478, 34.004189 ], [ -118.333461, 34.004174 ], [ -118.333262, 34.004016 ], [ -118.3329861, 34.0038125 ], [ -118.3328892, 34.0037333 ], [ -118.3326731, 34.0035833 ], [ -118.3324512, 34.0033718 ], [ -118.3321708, 34.0030055 ], [ -118.3320536, 34.002808 ], [ -118.331921, 34.002573 ], [ -118.3318152, 34.0023843 ], [ -118.3317495, 34.0022091 ], [ -118.3315369, 34.0015524 ], [ -118.3315255, 34.0014648 ], [ -118.3315165, 33.9984193 ], [ -118.331584, 33.9982548 ], [ -118.3316458, 33.9975812 ], [ -118.331652, 33.9963459 ], [ -118.336654, 33.996311 ], [ -118.3372914, 33.9963162 ], [ -118.3372711, 33.989491 ], [ -118.337754, 33.9894867 ], [ -118.3377529, 33.9889994 ], [ -118.3372797, 33.9889967 ], [ -118.3372797, 33.9885129 ], [ -118.3425088, 33.9884765 ], [ -118.3425036, 33.989416 ], [ -118.3527056, 33.9893405 ], [ -118.3526947, 33.9830646 ], [ -118.3585273, 33.9830668 ], [ -118.36009, 33.983039 ], [ -118.360144, 33.983037 ], [ -118.360198, 33.983039 ], [ -118.361206, 33.983036 ], [ -118.3612991, 33.9830362 ], [ -118.361314, 33.983036 ], [ -118.362375, 33.983031 ], [ -118.363358, 33.983029 ], [ -118.363412, 33.983028 ], [ -118.363466, 33.983029 ], [ -118.364486, 33.983025 ], [ -118.365401, 33.983022 ], [ -118.365453, 33.983021 ], [ -118.365579, 33.983019 ], [ -118.366214, 33.98302 ], [ -118.366521, 33.983019 ], [ -118.367536, 33.983016 ], [ -118.368434, 33.983013 ], [ -118.36926, 33.98301 ], [ -118.370242, 33.983007 ], [ -118.370425, 33.983006 ], [ -118.3704628, 33.983006 ], [ -118.370561, 33.983006 ], [ -118.3705929, 33.9830058 ], [ -118.370751, 33.983005 ], [ -118.371703, 33.983002 ], [ -118.371699, 33.982567 ], [ -118.371696, 33.982037 ], [ -118.371805, 33.982058 ], [ -118.371807, 33.981946 ], [ -118.371802, 33.979847 ], [ -118.371807, 33.978048 ], [ -118.3718023, 33.9778317 ], [ -118.371809, 33.977318 ], [ -118.372865, 33.97726 ], [ -118.3733269, 33.9772351 ], [ -118.374402, 33.977177 ], [ -118.375644, 33.97711 ], [ -118.376819, 33.977046 ], [ -118.377012, 33.977035 ], [ -118.377158, 33.977022 ], [ -118.377184, 33.97702 ], [ -118.377354, 33.976997 ], [ -118.377394, 33.976989 ], [ -118.377627, 33.976944 ], [ -118.377958, 33.976867 ], [ -118.378191, 33.976813 ], [ -118.379202, 33.976579 ], [ -118.379375, 33.976539 ], [ -118.379813, 33.976438 ], [ -118.379971, 33.976401 ], [ -118.38014, 33.976371 ], [ -118.380341, 33.976355 ], [ -118.380468, 33.976357 ], [ -118.380514, 33.976358 ], [ -118.381638, 33.976424 ], [ -118.382729, 33.976488 ], [ -118.3859493, 33.9764627 ], [ -118.3865712, 33.9768672 ], [ -118.3976517, 33.9820735 ], [ -118.3975691, 33.9821866 ], [ -118.3984712, 33.98318 ], [ -118.3948863, 33.9838635 ], [ -118.3987699, 33.9881262 ], [ -118.401315, 33.9865328 ], [ -118.4040502, 33.9881971 ], [ -118.4061473, 33.9894732 ], [ -118.4051879, 33.9904958 ], [ -118.4079163, 33.9921636 ], [ -118.4075983, 33.992351 ], [ -118.4070814, 33.9923821 ], [ -118.4060147, 33.9929584 ], [ -118.4056638, 33.9932236 ], [ -118.4050294, 33.9944663 ], [ -118.4035281, 33.9953901 ], [ -118.4035579, 33.995402 ], [ -118.4031611, 33.9956691 ], [ -118.402853, 33.9958333 ], [ -118.4024971, 33.9964601 ], [ -118.4023806, 33.9966909 ], [ -118.4010453, 33.9991613 ], [ -118.4010296, 33.9997713 ], [ -118.4016002, 33.9999777 ], [ -118.4013865, 34.0002656 ], [ -118.400932, 34.0009803 ], [ -118.4009007, 34.0011313 ], [ -118.4007678, 34.0014222 ], [ -118.4001125, 34.0013889 ], [ -118.3999077, 34.0016428 ], [ -118.3998587, 34.0018922 ], [ -118.4027695, 34.0034919 ], [ -118.4059082, 33.9992512 ], [ -118.4090902, 34.0012208 ], [ -118.4096235, 34.0004932 ], [ -118.41424, 34.0034451 ], [ -118.4143823, 34.0036749 ], [ -118.4161593, 34.000465 ], [ -118.4180771, 33.9991925 ], [ -118.4189493, 33.9981106 ], [ -118.4193142, 33.9977873 ], [ -118.4199712, 33.9975158 ], [ -118.4202847, 33.9974447 ], [ -118.4281829, 33.9965835 ], [ -118.4299923, 33.9964352 ], [ -118.4312135, 33.9963948 ], [ -118.4304674, 33.9914474 ], [ -118.4303924, 33.9909354 ], [ -118.430321, 33.9903369 ], [ -118.4297682, 33.9898823 ], [ -118.4308972, 33.9893228 ], [ -118.4324142, 33.9914717 ], [ -118.4324346, 33.9914966 ], [ -118.432464, 33.9915256 ], [ -118.4337756, 33.9925948 ], [ -118.4371279, 33.9953268 ], [ -118.4419708, 33.9928942 ], [ -118.4420542, 33.9929851 ], [ -118.4469687, 33.9905243 ], [ -118.4470944, 33.9906619 ], [ -118.4472028, 33.9908286 ], [ -118.4471803, 33.9908401 ], [ -118.4483772, 33.9933419 ] ], [ [ -118.427073, 34.0906478 ], [ -118.4241947, 34.0906474 ], [ -118.4241885, 34.0905555 ], [ -118.424159, 34.0904536 ], [ -118.4240518, 34.0903286 ], [ -118.4238596, 34.0904176 ], [ -118.4237122, 34.090404 ], [ -118.4233502, 34.090559 ], [ -118.4231072, 34.090586 ], [ -118.4230762, 34.090622 ], [ -118.4230352, 34.090648 ], [ -118.4230112, 34.090656 ], [ -118.4229862, 34.090663 ], [ -118.4228782, 34.090664 ], [ -118.4227212, 34.090585 ], [ -118.4227172, 34.090667 ], [ -118.4226882, 34.090667 ], [ -118.4227122, 34.093265 ], [ -118.4227442, 34.093279 ], [ -118.4227912, 34.093372 ], [ -118.4227872, 34.093552 ], [ -118.4227942, 34.093978 ], [ -118.4227722, 34.094339 ], [ -118.4223262, 34.094297 ], [ -118.4217022, 34.094296 ], [ -118.4207222, 34.094295 ], [ -118.4204582, 34.09429 ], [ -118.4202142, 34.094294 ], [ -118.4189822, 34.094293 ], [ -118.4172862, 34.094291 ], [ -118.4165442, 34.09429 ], [ -118.4148532, 34.094289 ], [ -118.4143782, 34.094288 ], [ -118.4139994, 34.0942888 ], [ -118.4139803, 34.0942386 ], [ -118.4139375, 34.0941749 ], [ -118.4138882, 34.0941102 ], [ -118.4134922, 34.093767 ], [ -118.4134142, 34.093698 ], [ -118.4132042, 34.093525 ], [ -118.4131092, 34.093439 ], [ -118.4127272, 34.093024 ], [ -118.4126412, 34.092941 ], [ -118.4125662, 34.09288 ], [ -118.4124862, 34.092822 ], [ -118.4123802, 34.092758 ], [ -118.4123382, 34.092736 ], [ -118.4121632, 34.09265 ], [ -118.4120012, 34.092503 ], [ -118.4119422, 34.092391 ], [ -118.4119152, 34.092268 ], [ -118.4118732, 34.09245 ], [ -118.4118472, 34.092451 ], [ -118.4118042, 34.092509 ], [ -118.4117572, 34.092573 ], [ -118.4116742, 34.093129 ], [ -118.4116722, 34.093134 ], [ -118.4115032, 34.09352 ], [ -118.4096582, 34.094728 ], [ -118.4094722, 34.094883 ], [ -118.4092222, 34.095562 ], [ -118.4092412, 34.095579 ], [ -118.4092822, 34.095628 ], [ -118.4094232, 34.095909 ], [ -118.4094512, 34.095964 ], [ -118.4095132, 34.096062 ], [ -118.4095332, 34.096099 ], [ -118.4095372, 34.096137 ], [ -118.4095262, 34.096174 ], [ -118.4094982, 34.096209 ], [ -118.4094612, 34.096235 ], [ -118.4094062, 34.096252 ], [ -118.4092982, 34.096367 ], [ -118.4092182, 34.096453 ], [ -118.4090862, 34.096594 ], [ -118.4089242, 34.097143 ], [ -118.4086732, 34.097171 ], [ -118.4087662, 34.097297 ], [ -118.408849, 34.0973798 ], [ -118.4090992, 34.097578 ], [ -118.4090392, 34.097851 ], [ -118.4089492, 34.098003 ], [ -118.4088652, 34.098216 ], [ -118.4088172, 34.098476 ], [ -118.4088172, 34.098601 ], [ -118.4088372, 34.098698 ], [ -118.4089552, 34.098846 ], [ -118.4090372, 34.099025 ], [ -118.4090452, 34.099109 ], [ -118.4090052, 34.099249 ], [ -118.4089962, 34.099273 ], [ -118.4089612, 34.099459 ], [ -118.4089702, 34.099737 ], [ -118.4090152, 34.099894 ], [ -118.4090832, 34.100093 ], [ -118.4090902, 34.10018 ], [ -118.4090702, 34.100238 ], [ -118.4090162, 34.10029 ], [ -118.4088412, 34.100416 ], [ -118.4086382, 34.100482 ], [ -118.4087552, 34.100684 ], [ -118.4082032, 34.101314 ], [ -118.4082922, 34.101526 ], [ -118.4074572, 34.101513 ], [ -118.4073592, 34.101512 ], [ -118.4072102, 34.101469 ], [ -118.4062302, 34.101457 ], [ -118.4054422, 34.101485 ], [ -118.4054082, 34.099506 ], [ -118.4053162, 34.09825 ], [ -118.4053312, 34.098023 ], [ -118.4053042, 34.097614 ], [ -118.4051762, 34.09718 ], [ -118.4053572, 34.09663 ], [ -118.4053522, 34.096324 ], [ -118.4045112, 34.09556 ], [ -118.4042222, 34.095298 ], [ -118.4031542, 34.094328 ], [ -118.4024512, 34.093691 ], [ -118.4024122, 34.09368 ], [ -118.4023772, 34.093685 ], [ -118.4023472, 34.093705 ], [ -118.4023352, 34.093728 ], [ -118.4023132, 34.093731 ], [ -118.4022502, 34.093745 ], [ -118.4021652, 34.093777 ], [ -118.4020962, 34.093815 ], [ -118.4020212, 34.093874 ], [ -118.4019672, 34.093937 ], [ -118.4018672, 34.094116 ], [ -118.4018232, 34.094166 ], [ -118.4017662, 34.094206 ], [ -118.4017092, 34.094229 ], [ -118.4016752, 34.094233 ], [ -118.4016402, 34.094228 ], [ -118.4016042, 34.09421 ], [ -118.4015802, 34.094184 ], [ -118.4014762, 34.093909 ], [ -118.4014602, 34.093885 ], [ -118.4014312, 34.093864 ], [ -118.4013932, 34.093857 ], [ -118.4013542, 34.093863 ], [ -118.4013262, 34.09388 ], [ -118.4013062, 34.093908 ], [ -118.4012582, 34.093899 ], [ -118.4010112, 34.093986 ], [ -118.4009202, 34.094018 ], [ -118.4009222, 34.094231 ], [ -118.4009384, 34.0950616 ], [ -118.4009389, 34.0951312 ], [ -118.400948, 34.0963205 ], [ -118.4009602, 34.097922 ], [ -118.4009922, 34.101049 ], [ -118.4010452, 34.106344 ], [ -118.4010568, 34.1085838 ], [ -118.3986872, 34.108634 ], [ -118.3987042, 34.108776 ], [ -118.4000832, 34.110934 ], [ -118.4001052, 34.110959 ], [ -118.4000892, 34.110965 ], [ -118.3999162, 34.111029 ], [ -118.3998102, 34.111078 ], [ -118.3997122, 34.111137 ], [ -118.3992352, 34.111511 ], [ -118.3984702, 34.111523 ], [ -118.3981262, 34.111516 ], [ -118.3979902, 34.111547 ], [ -118.3977182, 34.111606 ], [ -118.3976732, 34.111612 ], [ -118.3972342, 34.111643 ], [ -118.3967392, 34.111675 ], [ -118.3966112, 34.111668 ], [ -118.3965052, 34.111663 ], [ -118.3963972, 34.11164 ], [ -118.3963132, 34.11156 ], [ -118.3962612, 34.111495 ], [ -118.3961042, 34.111299 ], [ -118.3960382, 34.111227 ], [ -118.3959262, 34.112134 ], [ -118.3958882, 34.112438 ], [ -118.3950032, 34.112438 ], [ -118.3949242, 34.112439 ], [ -118.3931382, 34.112451 ], [ -118.3923422, 34.112456 ], [ -118.3916154, 34.11245 ], [ -118.3911722, 34.112447 ], [ -118.3906702, 34.10959 ], [ -118.3906062, 34.109227 ], [ -118.3909502, 34.108211 ], [ -118.3912052, 34.107727 ], [ -118.3912292, 34.10751 ], [ -118.3917892, 34.106706 ], [ -118.3922592, 34.106541 ], [ -118.3921112, 34.106382 ], [ -118.3921612, 34.106311 ], [ -118.3920962, 34.105101 ], [ -118.3921132, 34.099818 ], [ -118.3949262, 34.097 ], [ -118.3953392, 34.096283 ], [ -118.3954442, 34.096197 ], [ -118.3965382, 34.096206 ], [ -118.3965362, 34.09509 ], [ -118.3961862, 34.095187 ], [ -118.3961092, 34.095058 ], [ -118.3959462, 34.095037 ], [ -118.3958852, 34.094374 ], [ -118.3958762, 34.091079 ], [ -118.395592, 34.091055 ], [ -118.38604, 34.091036 ], [ -118.386051, 34.092512 ], [ -118.385941, 34.092768 ], [ -118.3857614, 34.092901 ], [ -118.385706, 34.092942 ], [ -118.385528, 34.092763 ], [ -118.38553, 34.093203 ], [ -118.385036, 34.093202 ], [ -118.385038, 34.093558 ], [ -118.384459, 34.093557 ], [ -118.384378, 34.093722 ], [ -118.38337, 34.093724 ], [ -118.383369, 34.093327 ], [ -118.381183, 34.093323 ], [ -118.381181, 34.092104 ], [ -118.379297, 34.092955 ], [ -118.376577, 34.09475 ], [ -118.372853, 34.095588 ], [ -118.3728167, 34.0956006 ], [ -118.3727082, 34.0956383 ], [ -118.3726, 34.095676 ], [ -118.372352, 34.095815 ], [ -118.371892, 34.096219 ], [ -118.371574, 34.096428 ], [ -118.369799, 34.097213 ], [ -118.368644, 34.098071 ], [ -118.368528, 34.09803 ], [ -118.368209, 34.098035 ], [ -118.3681961, 34.0977376 ], [ -118.368168, 34.097087 ], [ -118.3673614, 34.0970927 ], [ -118.3673627, 34.0968866 ], [ -118.3667355, 34.0968963 ], [ -118.3667375, 34.0971127 ], [ -118.3644578, 34.097139 ], [ -118.361652, 34.097178 ], [ -118.3616753, 34.0945408 ], [ -118.3593832, 34.0945288 ], [ -118.3593568, 34.0945286 ], [ -118.3529276, 34.0944949 ], [ -118.3433822, 34.0944103 ], [ -118.343381, 34.092567 ], [ -118.3433846, 34.0906971 ], [ -118.3433874, 34.0901999 ], [ -118.343393, 34.088895 ], [ -118.3439227, 34.0888982 ], [ -118.3440654, 34.0888991 ], [ -118.3450353, 34.0889037 ], [ -118.3450768, 34.0889039 ], [ -118.3451579, 34.0889043 ], [ -118.3453583, 34.0889054 ], [ -118.3455418, 34.0889064 ], [ -118.34617, 34.0889096 ], [ -118.3462387, 34.08891 ], [ -118.348663, 34.08893 ], [ -118.348704, 34.08893 ], [ -118.349644, 34.088938 ], [ -118.349806, 34.088939 ], [ -118.349831, 34.088939 ], [ -118.3511311, 34.0889507 ], [ -118.352236, 34.088958 ], [ -118.352802, 34.088962 ], [ -118.352802, 34.088708 ], [ -118.3528, 34.087129 ], [ -118.353233, 34.087132 ], [ -118.3542949, 34.0871424 ], [ -118.3543576, 34.0871428 ], [ -118.3552613, 34.0871487 ], [ -118.355314, 34.087149 ], [ -118.3553299, 34.0871477 ], [ -118.3563801, 34.087157 ], [ -118.356429, 34.0871575 ], [ -118.3573466, 34.0871666 ], [ -118.3574079, 34.0871672 ], [ -118.3574699, 34.0871681 ], [ -118.3583728, 34.087181 ], [ -118.3584664, 34.0871823 ], [ -118.3585154, 34.087183 ], [ -118.359416, 34.0871954 ], [ -118.3594918, 34.0871965 ], [ -118.3595714, 34.0871971 ], [ -118.3604693, 34.0872034 ], [ -118.3605332, 34.0872039 ], [ -118.3606416, 34.0872053 ], [ -118.3612811, 34.0872133 ], [ -118.3613933, 34.0872147 ], [ -118.3615325, 34.0872132 ], [ -118.3616507, 34.0872091 ], [ -118.3620979, 34.0871938 ], [ -118.3621018, 34.0871937 ], [ -118.3626419, 34.0871878 ], [ -118.362719, 34.087187 ], [ -118.362712, 34.088787 ], [ -118.363267, 34.088778 ], [ -118.363269, 34.088971 ], [ -118.363787, 34.088963 ], [ -118.364843, 34.088948 ], [ -118.3658524, 34.0889328 ], [ -118.365903, 34.088932 ], [ -118.366443, 34.088924 ], [ -118.366442, 34.088725 ], [ -118.3664356, 34.087148 ], [ -118.3669115, 34.0871438 ], [ -118.3669829, 34.0871432 ], [ -118.3670551, 34.087142 ], [ -118.36798, 34.0871263 ], [ -118.3680502, 34.0871251 ], [ -118.3681146, 34.0871241 ], [ -118.3690452, 34.0871091 ], [ -118.3691084, 34.0871081 ], [ -118.3691724, 34.087107 ], [ -118.3701889, 34.0870889 ], [ -118.3702817, 34.0870873 ], [ -118.3702703, 34.0869812 ], [ -118.370266, 34.0864539 ], [ -118.3702597, 34.086187 ], [ -118.3702462, 34.0856088 ], [ -118.370981, 34.085598 ], [ -118.370981, 34.08546 ], [ -118.371723, 34.085449 ], [ -118.372485, 34.085438 ], [ -118.372486, 34.085755 ], [ -118.372489, 34.08705 ], [ -118.3724892, 34.0871165 ], [ -118.3724939, 34.0887834 ], [ -118.372498, 34.090256 ], [ -118.373074, 34.090248 ], [ -118.373119, 34.0902034 ], [ -118.373174, 34.090149 ], [ -118.373272, 34.090052 ], [ -118.3732923, 34.0900517 ], [ -118.373701, 34.090046 ], [ -118.373701, 34.089964 ], [ -118.37413, 34.089957 ], [ -118.374231, 34.089829 ], [ -118.374328, 34.089706 ], [ -118.3743493, 34.0897057 ], [ -118.374757, 34.089699 ], [ -118.374757, 34.089425 ], [ -118.375186, 34.089418 ], [ -118.3752144, 34.089378 ], [ -118.375279, 34.089287 ], [ -118.375383, 34.08914 ], [ -118.3754081, 34.0891397 ], [ -118.375758, 34.089135 ], [ -118.375758, 34.088997 ], [ -118.376284, 34.088989 ], [ -118.376409, 34.088922 ], [ -118.376951, 34.08863 ], [ -118.377006, 34.084849 ], [ -118.377033, 34.08304 ], [ -118.37662, 34.083033 ], [ -118.376504, 34.083059 ], [ -118.376496, 34.083059 ], [ -118.376339, 34.083067 ], [ -118.374251, 34.083098 ], [ -118.3741, 34.0831 ], [ -118.373155, 34.083114 ], [ -118.372199, 34.083129 ], [ -118.37124, 34.083143 ], [ -118.3703041, 34.0831544 ], [ -118.3703089, 34.0820355 ], [ -118.3703168, 34.0815093 ], [ -118.370294, 34.080169 ], [ -118.3721189, 34.0801716 ], [ -118.3721566, 34.0801717 ], [ -118.3731055, 34.0801604 ], [ -118.3731558, 34.0801598 ], [ -118.3732339, 34.0801591 ], [ -118.3741546, 34.0801506 ], [ -118.3742253, 34.08015 ], [ -118.3742213, 34.0815229 ], [ -118.3742317, 34.0819658 ], [ -118.374232, 34.0820171 ], [ -118.3743016, 34.0820168 ], [ -118.3751938, 34.0820128 ], [ -118.3752849, 34.0820135 ], [ -118.3752848, 34.08195 ], [ -118.3752836, 34.0819222 ], [ -118.3752781, 34.0805286 ], [ -118.3752767, 34.0802284 ], [ -118.3752764, 34.0801573 ], [ -118.3764092, 34.0801563 ], [ -118.3764333, 34.0801591 ], [ -118.3765647, 34.0801741 ], [ -118.3767204, 34.0801953 ], [ -118.377128, 34.0802159 ], [ -118.377155, 34.080216 ], [ -118.3772483, 34.0802147 ], [ -118.3769023, 34.0789892 ], [ -118.3770492, 34.0789135 ], [ -118.3770733, 34.078964 ], [ -118.377567, 34.078742 ], [ -118.37722, 34.078173 ], [ -118.377152, 34.077499 ], [ -118.377168, 34.0765558 ], [ -118.3786819, 34.0765846 ], [ -118.3788206, 34.0763893 ], [ -118.379754, 34.076391 ], [ -118.3799414, 34.0764481 ], [ -118.380036, 34.076477 ], [ -118.38016, 34.076531 ], [ -118.380326, 34.076628 ], [ -118.380419, 34.076667 ], [ -118.380517, 34.076694 ], [ -118.38062, 34.076707 ], [ -118.381693, 34.076711 ], [ -118.381694, 34.076396 ], [ -118.381712, 34.076396 ], [ -118.3818912, 34.0763934 ], [ -118.3822744, 34.0763943 ], [ -118.3823316, 34.0763934 ], [ -118.3826642, 34.0763964 ], [ -118.3828065, 34.0763987 ], [ -118.383242, 34.0763984 ], [ -118.3835875, 34.0764042 ], [ -118.383609, 34.076399 ], [ -118.38372, 34.07643 ], [ -118.383841, 34.076463 ], [ -118.3842217, 34.076463 ], [ -118.38428, 34.076463 ], [ -118.3843562, 34.0764631 ], [ -118.3846921, 34.0764637 ], [ -118.384837, 34.076464 ], [ -118.385816, 34.076465 ], [ -118.386703, 34.076466 ], [ -118.386795, 34.076468 ], [ -118.386884, 34.076469 ], [ -118.387724, 34.076471 ], [ -118.388732, 34.076472 ], [ -118.389596, 34.076474 ], [ -118.3897334, 34.0765007 ], [ -118.3898692, 34.076527 ], [ -118.3903722, 34.076526 ], [ -118.3907502, 34.076525 ], [ -118.3907462, 34.075314 ], [ -118.3907412, 34.073584 ], [ -118.3907372, 34.072362 ], [ -118.3907362, 34.072135 ], [ -118.3907362, 34.072107 ], [ -118.3906432, 34.072108 ], [ -118.3905112, 34.072107 ], [ -118.3903272, 34.072106 ], [ -118.3897332, 34.072102 ], [ -118.3893292, 34.072099 ], [ -118.3887202, 34.072104 ], [ -118.3877342, 34.072112 ], [ -118.3874172, 34.072111 ], [ -118.3867762, 34.072107 ], [ -118.3859782, 34.072103 ], [ -118.3857492, 34.072106 ], [ -118.3847542, 34.072098 ], [ -118.3838782, 34.072143 ], [ -118.3838132, 34.072146 ], [ -118.3837962, 34.072146 ], [ -118.3837961, 34.0720131 ], [ -118.3837942, 34.071707 ], [ -118.3837942, 34.07169 ], [ -118.3837912, 34.070841 ], [ -118.3837872, 34.06979 ], [ -118.3837602, 34.069708 ], [ -118.3827012, 34.069712 ], [ -118.3816692, 34.069716 ], [ -118.3806052, 34.06972 ], [ -118.3795452, 34.069724 ], [ -118.3784942, 34.069729 ], [ -118.3774352, 34.069733 ], [ -118.3774102, 34.069455 ], [ -118.3774072, 34.069348 ], [ -118.3763492, 34.06936 ], [ -118.3763642, 34.069427 ], [ -118.3763782, 34.069492 ], [ -118.3763862, 34.069748 ], [ -118.3763862, 34.069811 ], [ -118.3763652, 34.069811 ], [ -118.3759242, 34.069808 ], [ -118.3759142, 34.070316 ], [ -118.3758962, 34.070323 ], [ -118.3757082, 34.069976 ], [ -118.3756072, 34.069781 ], [ -118.3755492, 34.069599 ], [ -118.3755132, 34.069484 ], [ -118.3754472, 34.069367 ], [ -118.3751672, 34.069011 ], [ -118.3751682, 34.068883 ], [ -118.3751082, 34.068777 ], [ -118.3750962, 34.068759 ], [ -118.3745412, 34.067867 ], [ -118.3743582, 34.067573 ], [ -118.3741272, 34.067202 ], [ -118.3733912, 34.06602 ], [ -118.3733042, 34.065867 ], [ -118.3730492, 34.065419 ], [ -118.3727272, 34.064944 ], [ -118.3726652, 34.064881 ], [ -118.3724022, 34.064618 ], [ -118.3721872, 34.064412 ], [ -118.3718647, 34.0641685 ], [ -118.371579, 34.063953 ], [ -118.3715358, 34.0635684 ], [ -118.3720734, 34.0636264 ], [ -118.3722627, 34.0622109 ], [ -118.3729002, 34.061853 ], [ -118.3760133, 34.0599984 ], [ -118.376027, 34.0596625 ], [ -118.3762372, 34.0596423 ], [ -118.3762562, 34.0595074 ], [ -118.3773177, 34.0594206 ], [ -118.3773262, 34.060967 ], [ -118.3773622, 34.062978 ], [ -118.3774072, 34.062978 ], [ -118.3783512, 34.062975 ], [ -118.3793422, 34.062972 ], [ -118.3799472, 34.062971 ], [ -118.3802762, 34.06297 ], [ -118.3803322, 34.06297 ], [ -118.3808932, 34.062968 ], [ -118.3811362, 34.062968 ], [ -118.3812252, 34.062968 ], [ -118.3812922, 34.062967 ], [ -118.3813374, 34.0629482 ], [ -118.3818044, 34.0629438 ], [ -118.3823777, 34.0629393 ], [ -118.3827417, 34.0629398 ], [ -118.3834602, 34.0629371 ], [ -118.383563, 34.0629432 ], [ -118.3835832, 34.062219 ], [ -118.3836112, 34.06095 ], [ -118.3836811, 34.0594186 ], [ -118.3836822, 34.0592756 ], [ -118.3836982, 34.057123 ], [ -118.3841652, 34.057123 ], [ -118.3847472, 34.057123 ], [ -118.3852252, 34.057122 ], [ -118.3857552, 34.05712 ], [ -118.3862762, 34.057118 ], [ -118.3867922, 34.057117 ], [ -118.3872962, 34.057116 ], [ -118.3873142, 34.057116 ], [ -118.3878152, 34.057115 ], [ -118.3888382, 34.057112 ], [ -118.3893532, 34.057111 ], [ -118.3898852, 34.057109 ], [ -118.3903302, 34.057109 ], [ -118.3907952, 34.05711 ], [ -118.3913072, 34.05711 ], [ -118.3918282, 34.057111 ], [ -118.3923332, 34.057111 ], [ -118.3928602, 34.057112 ], [ -118.3933522, 34.057112 ], [ -118.3938942, 34.057113 ], [ -118.3964395, 34.0571188 ], [ -118.3985187, 34.0571227 ], [ -118.3985232, 34.0570422 ], [ -118.3991205, 34.0570401 ], [ -118.3991189, 34.0571479 ], [ -118.3996981, 34.057159 ], [ -118.3997008, 34.0570426 ], [ -118.4000584, 34.0568553 ], [ -118.4003336, 34.0571734 ], [ -118.4008077, 34.0568658 ], [ -118.4010945, 34.0572179 ], [ -118.4016081, 34.0569379 ], [ -118.4018042, 34.0571532 ], [ -118.4022847, 34.0568922 ], [ -118.4024678, 34.0570925 ], [ -118.4027708, 34.0568865 ], [ -118.4029363, 34.0570561 ], [ -118.4032827, 34.0568376 ], [ -118.4033942, 34.056964 ], [ -118.4034852, 34.056964 ], [ -118.4034872, 34.057047 ], [ -118.4040262, 34.057048 ], [ -118.4040252, 34.057125 ], [ -118.4045802, 34.057126 ], [ -118.4051232, 34.057127 ], [ -118.4056902, 34.057128 ], [ -118.4059542, 34.057128 ], [ -118.4059572, 34.055692 ], [ -118.4059422, 34.055648 ], [ -118.4059572, 34.055569 ], [ -118.4059692, 34.055503 ], [ -118.4059842, 34.05537 ], [ -118.4059902, 34.055191 ], [ -118.4059822, 34.055012 ], [ -118.4059625, 34.0548618 ], [ -118.4057442, 34.0548663 ], [ -118.4054862, 34.0548961 ], [ -118.4053942, 34.054568 ], [ -118.4053172, 34.054426 ], [ -118.4055942, 34.054336 ], [ -118.4055995, 34.0541689 ], [ -118.4061653, 34.054184 ], [ -118.4059862, 34.0539 ], [ -118.4058452, 34.053509 ], [ -118.4055938, 34.05293 ], [ -118.4062887, 34.0526685 ], [ -118.4071556, 34.05413 ], [ -118.407211, 34.0542049 ], [ -118.4076888, 34.0548652 ], [ -118.4086503, 34.056194 ], [ -118.4094168, 34.0572661 ], [ -118.4096288, 34.0575624 ], [ -118.4107462, 34.0591132 ], [ -118.4106171, 34.0591951 ], [ -118.4115832, 34.060449 ], [ -118.4122362, 34.060125 ], [ -118.4122689, 34.060171 ], [ -118.4129509, 34.0611231 ], [ -118.4129727, 34.0611535 ], [ -118.41302, 34.0612196 ], [ -118.4141982, 34.062865 ], [ -118.4137121, 34.0631065 ], [ -118.4135885, 34.0631976 ], [ -118.4137484, 34.0633874 ], [ -118.4138611, 34.0635105 ], [ -118.4140499, 34.0637936 ], [ -118.4141867, 34.0639602 ], [ -118.4142442, 34.064163 ], [ -118.4143112, 34.064257 ], [ -118.4144227, 34.0644039 ], [ -118.4164421, 34.0672223 ], [ -118.416738, 34.0676559 ], [ -118.4172214, 34.0684473 ], [ -118.4163631, 34.0688854 ], [ -118.4173143, 34.0701513 ], [ -118.4176633, 34.0707964 ], [ -118.4183488, 34.0720312 ], [ -118.4190851, 34.0725002 ], [ -118.4196683, 34.0726733 ], [ -118.420403, 34.0742457 ], [ -118.4207053, 34.0749434 ], [ -118.420958, 34.0754452 ], [ -118.4218731, 34.0751149 ], [ -118.4225637, 34.0752941 ], [ -118.4233085, 34.0757426 ], [ -118.4232043, 34.076045 ], [ -118.4228924, 34.0769195 ], [ -118.4227944, 34.0770481 ], [ -118.4228709, 34.0772015 ], [ -118.4230065, 34.0772011 ], [ -118.4230997, 34.077278 ], [ -118.4232487, 34.0774902 ], [ -118.4233309, 34.0776874 ], [ -118.4234094, 34.0781013 ], [ -118.423446, 34.0783409 ], [ -118.4236378, 34.0787843 ], [ -118.4234889, 34.0788466 ], [ -118.423626, 34.0792984 ], [ -118.4238305, 34.0797733 ], [ -118.4232612, 34.079952 ], [ -118.4230702, 34.0799323 ], [ -118.4228137, 34.0799271 ], [ -118.4228125, 34.0808597 ], [ -118.4227202, 34.081144 ], [ -118.4227969, 34.0830902 ], [ -118.4269859, 34.0830533 ], [ -118.4270052, 34.084148 ], [ -118.4270232, 34.085888 ], [ -118.427027, 34.0862517 ], [ -118.4270436, 34.0878201 ], [ -118.4270564, 34.0890376 ], [ -118.4270602, 34.089396 ], [ -118.4270634, 34.0897216 ], [ -118.4270672, 34.0901 ], [ -118.427073, 34.0906478 ] ], [ [ -118.4176011, 34.1071406 ], [ -118.4175337, 34.1079282 ], [ -118.4175336, 34.1080249 ], [ -118.4175325, 34.1093094 ], [ -118.4175146, 34.109305 ], [ -118.417493, 34.1115139 ], [ -118.417477, 34.1125059 ], [ -118.4168702, 34.1125129 ], [ -118.4165693, 34.1125117 ], [ -118.4160335, 34.1125162 ], [ -118.4160567, 34.112387 ], [ -118.4160608, 34.1123442 ], [ -118.4160564, 34.1123039 ], [ -118.416041, 34.1122674 ], [ -118.4160191, 34.1122324 ], [ -118.415989, 34.112201 ], [ -118.4159574, 34.1121671 ], [ -118.4159307, 34.1121369 ], [ -118.4159184, 34.112119 ], [ -118.4159072, 34.1120971 ], [ -118.4158969, 34.1120751 ], [ -118.4158858, 34.1120475 ], [ -118.4158822, 34.1120234 ], [ -118.4158793, 34.1119947 ], [ -118.4139672, 34.1119869 ], [ -118.4139782, 34.1107338 ], [ -118.4117983, 34.1107047 ], [ -118.411823, 34.1088919 ], [ -118.4097519, 34.1088618 ], [ -118.409766, 34.1051549 ], [ -118.4139074, 34.1052138 ], [ -118.4159337, 34.1052032 ], [ -118.4174202, 34.1052152 ], [ -118.4174096, 34.1054099 ], [ -118.4173938, 34.1055259 ], [ -118.4173758, 34.1057294 ], [ -118.4174211, 34.1057336 ], [ -118.4174326, 34.1059194 ], [ -118.4174412, 34.1060806 ], [ -118.4174444, 34.1064011 ], [ -118.4175216, 34.1066825 ], [ -118.4175678, 34.107046 ], [ -118.4176011, 34.1071406 ] ], [ [ -118.4148593, 33.9842456 ], [ -118.4134869, 33.9851271 ], [ -118.4090582, 33.9813344 ], [ -118.4099841, 33.9809354 ], [ -118.4102192, 33.9813075 ], [ -118.412468, 33.9803351 ], [ -118.4148593, 33.9842456 ] ], [ [ -118.3620556, 34.1389916 ], [ -118.3608526, 34.1410942 ], [ -118.3608077, 34.142049 ], [ -118.3611819, 34.1427451 ], [ -118.3594175, 34.1427208 ], [ -118.3594157, 34.1431135 ], [ -118.3568549, 34.1431799 ], [ -118.3538721, 34.1430053 ], [ -118.3536009, 34.1429274 ], [ -118.3530291, 34.1428837 ], [ -118.351744, 34.1426946 ], [ -118.3508784, 34.1425049 ], [ -118.3476026, 34.1421314 ], [ -118.3450297, 34.1424844 ], [ -118.3432453, 34.1382254 ], [ -118.3435769, 34.1381352 ], [ -118.3438322, 34.1380658 ], [ -118.3439864, 34.1379207 ], [ -118.3444493, 34.1367977 ], [ -118.3442832, 34.1362177 ], [ -118.3444125, 34.1359576 ], [ -118.3456056, 34.1351311 ], [ -118.345886, 34.1347086 ], [ -118.3465697, 34.134647 ], [ -118.3465267, 34.1343899 ], [ -118.3467, 34.1342235 ], [ -118.3467158, 34.1339223 ], [ -118.3476949, 34.1336423 ], [ -118.3478118, 34.1334716 ], [ -118.3476869, 34.1331017 ], [ -118.3484611, 34.1329145 ], [ -118.3486686, 34.1324733 ], [ -118.3484255, 34.1320024 ], [ -118.3488831, 34.1313572 ], [ -118.3497865, 34.1325208 ], [ -118.3507111, 34.1331903 ], [ -118.3511936, 34.1337215 ], [ -118.3516164, 34.1339852 ], [ -118.3516113, 34.1341374 ], [ -118.3520234, 34.1342047 ], [ -118.3521725, 34.1341488 ], [ -118.3523575, 34.1341648 ], [ -118.3528421, 34.1340545 ], [ -118.3530535, 34.1340294 ], [ -118.3534918, 34.1340505 ], [ -118.3548245, 34.1343535 ], [ -118.3570882, 34.1350967 ], [ -118.3570262, 34.135428 ], [ -118.3573133, 34.1362795 ], [ -118.3574426, 34.1365209 ], [ -118.3576397, 34.136715 ], [ -118.3576315, 34.1371058 ], [ -118.357767, 34.1373289 ], [ -118.3577731, 34.1374907 ], [ -118.3578694, 34.1376663 ], [ -118.357846, 34.1380208 ], [ -118.3589212, 34.138098 ], [ -118.3589153, 34.1386619 ], [ -118.3583552, 34.1386062 ], [ -118.3581652, 34.1385437 ], [ -118.3580179, 34.1384861 ], [ -118.3576541, 34.1382089 ], [ -118.357414, 34.1383725 ], [ -118.356968, 34.1391117 ], [ -118.3572062, 34.1392567 ], [ -118.3575938, 34.1394113 ], [ -118.3580444, 34.1394828 ], [ -118.3581415, 34.1394832 ], [ -118.3581714, 34.1393572 ], [ -118.3598275, 34.1393808 ], [ -118.359824, 34.1387727 ], [ -118.3613124, 34.138777 ], [ -118.3616007, 34.1388176 ], [ -118.3620556, 34.1389916 ] ], [ [ -118.3584923, 34.0759863 ], [ -118.3575689, 34.0759914 ], [ -118.3575589, 34.0757195 ], [ -118.35849, 34.0757113 ], [ -118.3584923, 34.0759863 ] ], [ [ -118.3088512, 33.7416315 ], [ -118.304086, 33.7415869 ], [ -118.3041181, 33.7397579 ], [ -118.3022084, 33.7392226 ], [ -118.3022207, 33.7402433 ], [ -118.3034529, 33.7402486 ], [ -118.3034653, 33.7416172 ], [ -118.3017041, 33.7415779 ], [ -118.3017149, 33.7434336 ], [ -118.2994205, 33.7434283 ], [ -118.2993974, 33.7441116 ], [ -118.2980472, 33.7441241 ], [ -118.298058, 33.7434372 ], [ -118.2967796, 33.7434069 ], [ -118.2968274, 33.738702 ], [ -118.3088297, 33.7387623 ], [ -118.3088512, 33.7416315 ] ], [ [ -118.2993201, 33.8582751 ], [ -118.2970566, 33.8582802 ], [ -118.2970209, 33.8473852 ], [ -118.2992843, 33.8473801 ], [ -118.2993201, 33.8582751 ] ] ] } }
]
}
